source_url,slug,name,brand,sku,product_type,stock_status,price,compare_at_price,currency,meta_description,images,local_images,scraped_at
https://mtd-global.com/kem-duong-dermaxilic-b5-tone-up-cream,kem-duong-dermaxilic-b5-tone-up-cream,"Kem dưỡng DERMAXILIC B5 TONE-UP CREAM",DERMAXILIC,8809755466534,"KEM DƯỠNG",in_stock,250000,,VND,,https://bizweb.dktcdn.net/100/660/831/products/471.png?v=1783068932003|https://bizweb.dktcdn.net/100/660/831/products/vn-11134207-7ras8-mdo5hz7tdvb9a9.jpg?v=1783068932003,storage/images/kem-duong-dermaxilic-b5-tone-up-cream/01.png|storage/images/kem-duong-dermaxilic-b5-tone-up-cream/02.jpg,2026-07-12T16:38:00+00:00
https://mtd-global.com/mat-na-duong-da-shegaia-dragonblood-exosome-pore-procedure-mask,mat-na-duong-da-shegaia-dragonblood-exosome-pore-procedure-mask,"Mặt nạ dưỡng da SHEGAIA DRAGONBLOOD EXOSOME PORE PROCEDURE MASK",SHEGAIA,8809689377951,"Mặt nạ",in_stock,530000,780000,VND,"SHEGAIA Dragon Blood Exosome Pore Procedure Mask là mặt nạ rửa cao cấp đến từ Hàn Quốc, được phát triển dành cho làn da có lỗ chân lông to, bề mặt sần sùi, da tiết nhiều dầu và thiếu săn chắc . Công thức kết hợp Dragon Blood (Huyết Rồng), Exosome và hơn 100 thành phần chăm sóc da giúp làm sạch sâu, hỗ trợ se khít lỗ ch",https://bizweb.dktcdn.net/100/660/831/products/466.png?v=1782635876027|https://bizweb.dktcdn.net/100/660/831/products/sg-11134207-823q6-mpak2mqyjsapf5.jpg?v=1782635942640,storage/images/mat-na-duong-da-shegaia-dragonblood-exosome-pore-procedure-mask/01.png|storage/images/mat-na-duong-da-shegaia-dragonblood-exosome-pore-procedure-mask/02.jpg,2026-07-12T16:38:03+00:00
https://mtd-global.com/combo-2-tay-trang-jmsolution-500ml-h9,combo-2-tay-trang-jmsolution-500ml-h9,"COMBO 2 TẨY TRANG JMSOLUTION H9 500ML",JMSOLUTION,PVN1065,"tẩy trang",out_of_stock,299000,,VND,"JM Solution H9 Hyaluronic Ampoule Cleansing Water là nước tẩy trang nổi tiếng đến từ Hàn Quốc, được thiết kế với công thức làm sạch dịu nhẹ kết hợp cấp ẩm chuyên sâu. Sản phẩm chứa phức hợp H9 Hyaluronic Acid Complex giúp loại bỏ lớp trang điểm, kem chống nắng, bụi bẩn và dầu thừa trên da mà không gây khô căng sau khi",https://bizweb.dktcdn.net/100/660/831/products/464.png?v=1781952908393|https://bizweb.dktcdn.net/100/660/831/products/nuoc-tay-trang-jmsolution-h9-hyaluronic-ampoule-3-1.jpg?v=1781952941470|https://bizweb.dktcdn.net/100/660/831/products/nuoc-tay-trang-jmsolution-h9-hyaluronic-ampoule-11-1744719912416-jpg-v-1744720015010.jpg?v=1781952966437|https://bizweb.dktcdn.net/100/660/831/products/9457cbe00e774098b986050f41361690-591d09ed93674b5dabe3555e147e5096-grande-1744720003260-png-v-1744720015010.png?v=1781952972627,storage/images/combo-2-tay-trang-jmsolution-500ml-h9/01.png|storage/images/combo-2-tay-trang-jmsolution-500ml-h9/02.jpg|storage/images/combo-2-tay-trang-jmsolution-500ml-h9/03.jpg|storage/images/combo-2-tay-trang-jmsolution-500ml-h9/04.png,2026-07-12T16:38:05+00:00
https://mtd-global.com/san-pham-duong-da-re-lab-mela-b3-5-serum-giup-duong-am-lam-trang-da-50ml,san-pham-duong-da-re-lab-mela-b3-5-serum-giup-duong-am-lam-trang-da-50ml,"Sản phẩm dưỡng da RE:LAB MELA B3 5% SERUM giúp dưỡng ẩm, làm trắng da, 50ml",RELAB,8809136718832,"tinh chất",in_stock,330000,390000,VND,"RE:LAB MELA B3 Serum là dòng tinh chất dưỡng sáng và hỗ trợ cải thiện sắc tố da nổi bật đến từ Hàn Quốc. Sản phẩm kết hợp bộ ba hoạt chất 5% Niacinamide, 5% Mandelic Acid và 3% Tranexamic Acid , giúp tác động đa tầng lên các vấn đề thâm mụn, nám, tàn nhang và da không đều màu, đồng thời hỗ trợ cải thiện kết cấu da và d",https://bizweb.dktcdn.net/100/660/831/products/461.png?v=1781689243253|https://bizweb.dktcdn.net/100/660/831/products/vn-11134207-7ras8-m2t38ir8g8aue9.jpg?v=1781689368460|https://bizweb.dktcdn.net/100/660/831/products/relab-mela-b3-serum-3-scaled.jpg?v=1781689384950,storage/images/san-pham-duong-da-re-lab-mela-b3-5-serum-giup-duong-am-lam-trang-da-50ml/01.png|storage/images/san-pham-duong-da-re-lab-mela-b3-5-serum-giup-duong-am-lam-trang-da-50ml/02.jpg|storage/images/san-pham-duong-da-re-lab-mela-b3-5-serum-giup-duong-am-lam-trang-da-50ml/03.jpg,2026-07-12T16:38:09+00:00
https://mtd-global.com/tinh-chat-duong-da-some-by-mi-aha-bha-pha-30-days-miracle-serum-50ml,tinh-chat-duong-da-some-by-mi-aha-bha-pha-30-days-miracle-serum-50ml,"Tinh chất dưỡng da Some By Mi AHA-BHA-PHA 30 Days Miracle Serum 50ml","SOME BY MI",8809525242764,"tinh chất",in_stock,350000,450000,VND,"Some By Mi AHA-BHA-PHA 30 Days Miracle Serum là dòng tinh chất giảm mụn nổi tiếng của Some By Mi Hàn Quốc, được thiết kế dành riêng cho làn da dầu mụn, da có lỗ chân lông bít tắc và da thường xuyên xuất hiện mụn ẩn, mụn đầu đen. Sản phẩm kết hợp bộ ba tẩy da chết hóa học AHA - BHA - PHA cùng Tea Tree và Centella Asiati",https://bizweb.dktcdn.net/100/660/831/products/462.png?v=1781782803860|https://bizweb.dktcdn.net/100/660/831/products/vn-11134207-7ra0g-m7dwacb89f1yff-54b0d5d728484bc3b850c620715c77de-1024x1024.jpg?v=1781782899877|https://bizweb.dktcdn.net/100/660/831/products/cfmjgfmkh-dd0a1ff4c94a4e048342fd18d0bbd191-master.jpg?v=1781782915237,storage/images/tinh-chat-duong-da-some-by-mi-aha-bha-pha-30-days-miracle-serum-50ml/01.png|storage/images/tinh-chat-duong-da-some-by-mi-aha-bha-pha-30-days-miracle-serum-50ml/02.jpg|storage/images/tinh-chat-duong-da-some-by-mi-aha-bha-pha-30-days-miracle-serum-50ml/03.jpg,2026-07-12T16:38:11+00:00
https://mtd-global.com/some-by-mi-kem-chong-nang-truecica-mineral-calming-tone-up-suncream-50ml,some-by-mi-kem-chong-nang-truecica-mineral-calming-tone-up-suncream-50ml,"Some By Mi Kem chống nắng Truecica Mineral Calming Tone-up Suncream 50ml","SOME BY MI",8809647391609,"Chống nắng",out_of_stock,320000,400000,VND,"Some By Mi Truecica Aqua Calming Suncream là dòng kem chống nắng hóa học nổi tiếng của Some By Mi Hàn Quốc, được thiết kế dành riêng cho làn da nhạy cảm, da dầu mụn và da dễ kích ứng. Sản phẩm sở hữu chỉ số chống nắng cao SPF50+ PA++++ , giúp bảo vệ da toàn diện trước tia UVA và UVB, đồng thời bổ sung độ ẩm và làm dịu",https://bizweb.dktcdn.net/100/660/831/products/463.png?v=1781782523073|https://bizweb.dktcdn.net/100/660/831/products/1692937740617-267-jpeg.jpg?v=1781782692890|https://bizweb.dktcdn.net/100/660/831/products/and9gcqtrxqaorhgaiuycguncakjwllb1jbmqir7ja-s.jpg?v=1781782709523,storage/images/some-by-mi-kem-chong-nang-truecica-mineral-calming-tone-up-suncream-50ml/01.png|storage/images/some-by-mi-kem-chong-nang-truecica-mineral-calming-tone-up-suncream-50ml/02.jpg|storage/images/some-by-mi-kem-chong-nang-truecica-mineral-calming-tone-up-suncream-50ml/03.jpg,2026-07-12T16:38:14+00:00
https://mtd-global.com/kem-mat-usolab,kem-mat-usolab,"Kem mắt trị quầng thâm, bọng mắt USOLAB BIO ADVANCED LIGHTENING EYE CREAM 25ML",USOLAB,8809801697417,"kem dưỡng",in_stock,690000,820000,VND,"Bio Advanced Lightening Eye Cream là dòng kem mắt cao cấp đến từ thương hiệu USOLAB Hàn Quốc, được nghiên cứu chuyên biệt cho vùng da mắt mỏng manh và dễ lão hóa. Sản phẩm tập trung giải quyết đồng thời các vấn đề thường gặp như quầng thâm, bọng mắt, nếp nhăn đuôi mắt và tình trạng da chùng nhão quanh mắt , giúp đôi mắ",https://bizweb.dktcdn.net/100/660/831/products/460.png?v=1781687431200|https://bizweb.dktcdn.net/100/660/831/products/cong-dung-kem-mat.jpg?v=1781687537207|https://bizweb.dktcdn.net/100/660/831/products/thanh-phan-kem-mat.jpg?v=1781687537207|https://bizweb.dktcdn.net/100/660/831/products/cach-su-dung-kem-mat.jpg?v=1781687537207,storage/images/kem-mat-usolab/01.png||storage/images/kem-mat-usolab/03.jpg|storage/images/kem-mat-usolab/04.jpg,2026-07-12T16:38:17+00:00
https://mtd-global.com/sua-rua-mat-cerave,sua-rua-mat-cerave,"SỮA RỬA MẶT CERAVE",CERAVE,3337875597180,"sữa rửa mặt",in_stock,320000,,VND,"CeraVe là thương hiệu dược mỹ phẩm nổi tiếng đến từ Mỹ, được các bác sĩ da liễu khuyên dùng nhờ công thức tối giản, lành tính và tập trung vào việc phục hồi hàng rào bảo vệ da. Hai dòng sữa rửa mặt bán chạy nhất của hãng gồm CeraVe Foaming Facial Cleanser (Xanh Lá) và CeraVe Hydrating Facial Cleanser (Xanh Ngọc) , đáp",https://bizweb.dktcdn.net/100/660/831/products/300-60b7cef0-4c08-4f24-9626-b9a3fc8ced42.png?v=1781074865923|https://bizweb.dktcdn.net/100/660/831/products/cong-dung-sua-rua-mat-cerave-foaming-facial-cleanser.png?v=1781074945723|https://bizweb.dktcdn.net/100/660/831/products/sua-rua-mat-cerave-foaming-facial-cleanser-da-dau-7.png?v=1781075065927|https://bizweb.dktcdn.net/100/660/831/products/sua-cerave-cho-da-kho-236ml-e76b625b7e19428598a874e192d1a93f.jpg?v=1781075100293|https://bizweb.dktcdn.net/100/660/831/products/cong-dung-cua-sua-rua-mat-cerave-cho-da-kho-157d0d4bfbe7470c9b611481dac8268e.jpg?v=1781075112450,storage/images/sua-rua-mat-cerave/01.png|storage/images/sua-rua-mat-cerave/02.png|storage/images/sua-rua-mat-cerave/03.png|storage/images/sua-rua-mat-cerave/04.jpg|storage/images/sua-rua-mat-cerave/05.jpg,2026-07-12T16:38:21+00:00
https://mtd-global.com/tinh-chat-duong-sang-da-mo-tham-maxclinic-vita10-vital-ampoule-100ml,tinh-chat-duong-sang-da-mo-tham-maxclinic-vita10-vital-ampoule-100ml,"Tinh Chất Dưỡng Sáng Da Mờ Thâm Maxclinic Vita10 Vital Ampoule 100ml",MAXCLINIC,8809653323700,"tinh chất",in_stock,360000,550000,VND,"Maxclinic Vita-10 Vital Ampoule là dòng tinh chất dưỡng sáng chuyên sâu nổi tiếng của Maxclinic Hàn Quốc, được phát triển dành cho làn da xỉn màu, thâm mụn và thiếu sức sống. Sản phẩm chứa phức hợp 10 loại Vitamin thiết yếu kết hợp cùng Niacinamide và các hoạt chất dưỡng ẩm giúp cải thiện sắc tố da, hỗ trợ làm mờ thâm",https://bizweb.dktcdn.net/100/660/831/products/454.png?v=1780929319190,storage/images/tinh-chat-duong-sang-da-mo-tham-maxclinic-vita10-vital-ampoule-100ml/01.png,2026-07-12T16:38:25+00:00
https://mtd-global.com/mat-na-eviralab-nad-skin-renewal-mask-23g-10sheet-box,mat-na-eviralab-nad-skin-renewal-mask-23g-10sheet-box,"Mặt nạ Eviralab Skin renewal mask 23g (10sheet/box)",EVIRALAB,8809801696205,"Mặt nạ",in_stock,20000,,VND,"Eviralab mang đến hai dòng mặt nạ sinh học chuyên biệt, đáp ứng hai nhu cầu chăm sóc da phổ biến nhất: phục hồi – tái tạo và dưỡng sáng – kiểm soát sắc tố . Cả hai đều được phát triển theo công nghệ dược mỹ phẩm Hàn Quốc với chất liệu mask ôm khít khuôn mặt, chứa lượng essence đậm đặc giúp dưỡng chất thẩm thấu tối ưu,",https://bizweb.dktcdn.net/100/660/831/products/457.png?v=1781163428603|https://bizweb.dktcdn.net/100/660/831/products/vn-11134207-820l4-mfxtgior24un51.jpg?v=1781163732437|https://bizweb.dktcdn.net/100/660/831/products/vn-11134207-820l4-mfxtgip7ycr12a.jpg?v=1781163735177|https://bizweb.dktcdn.net/100/660/831/products/vn-11134207-820l4-mipmj3yvhyiu17.jpg?v=1781163738250|https://bizweb.dktcdn.net/100/660/831/products/vn-11134207-820l4-mf12b6d4icjx64.jpg?v=1781163738250,storage/images/mat-na-eviralab-nad-skin-renewal-mask-23g-10sheet-box/01.png|storage/images/mat-na-eviralab-nad-skin-renewal-mask-23g-10sheet-box/02.jpg|storage/images/mat-na-eviralab-nad-skin-renewal-mask-23g-10sheet-box/03.jpg|storage/images/mat-na-eviralab-nad-skin-renewal-mask-23g-10sheet-box/04.jpg|storage/images/mat-na-eviralab-nad-skin-renewal-mask-23g-10sheet-box/05.jpg,2026-07-12T16:38:27+00:00
https://mtd-global.com/eviralab-derma-mela-light-cream-50ml,eviralab-derma-mela-light-cream-50ml,"Eviralab Derma mela light cream 50ml",EVIRALAB,8809801697172,"kem dưỡng",in_stock,390000,600000,VND,"Eviralab Derma Mela Light Cream là dòng kem dưỡng chuyên biệt hỗ trợ làm sáng da, mờ thâm và cải thiện các vùng da không đều màu . Sản phẩm ứng dụng công thức phối hợp nhiều hoạt chất làm sáng hiện đại như Tranexamic Acid 3%, Arbutin, N-Acetyl Glucosamine (NAG) và Niacinamide , giúp tác động đa cơ chế lên quá trình hìn",https://bizweb.dktcdn.net/100/660/831/products/452-b6337e89-fc55-415d-8df2-6d13412392b5.png?v=1780717541310|https://bizweb.dktcdn.net/100/660/831/products/z7903800094856-5955a0eb9c00f41bfcaaa7a8780ad71c-f86c9fcb-e0d3-430e-aa44-b3f87eb60e5a.jpg?v=1780717541310|https://bizweb.dktcdn.net/100/660/831/products/z7903800068326-ce28f050d1ba7e10b5ab40c6ab32c2fc-0bef9bfc-ad64-4c8e-8636-997339f42e78.jpg?v=1780717541310|https://bizweb.dktcdn.net/100/660/831/products/z7903800124504-e0c94ecd9a92182540f8ded7d836e961-917e2e9f-e537-4fd1-b068-3921ecb336e1.jpg?v=1780717541310|https://bizweb.dktcdn.net/100/660/831/products/z7903800090705-fb9ad1c95c30833ca7a837f60844df85-1a6587c9-1e3a-409b-a7db-fcf88d724bab.jpg?v=1780717539453|https://bizweb.dktcdn.net/100/660/831/products/z7903800083565-de41bf7d6f76236a09c41af260a8e469-22a9b339-9883-4eb8-abe3-19ec813fb63c.jpg?v=1780717551607|https://bizweb.dktcdn.net/100/660/831/products/z7903800090705-fb9ad1c95c30833ca7a837f60844df85-134a90ca-1c93-4d74-9471-d1f2ffe7ec47.jpg?v=1780717554307,storage/images/eviralab-derma-mela-light-cream-50ml/01.png|storage/images/eviralab-derma-mela-light-cream-50ml/02.jpg|storage/images/eviralab-derma-mela-light-cream-50ml/03.jpg|storage/images/eviralab-derma-mela-light-cream-50ml/04.jpg|storage/images/eviralab-derma-mela-light-cream-50ml/05.jpg|storage/images/eviralab-derma-mela-light-cream-50ml/06.jpg|storage/images/eviralab-derma-mela-light-cream-50ml/07.jpg,2026-07-12T16:38:30+00:00
https://mtd-global.com/eviralab-tone-up-sun-cream-50ml,eviralab-tone-up-sun-cream-50ml,"Eviralab Tone up sun cream 50ml",EVIRALAB,8809801696311,"kem dưỡng",in_stock,390000,650000,VND,"Eviralab Tone Up Sun Cream là dòng kem chống nắng kết hợp dưỡng da giúp bảo vệ da toàn diện trước tia UVA/UVB , đồng thời hỗ trợ nâng tone nhẹ nhàng và mang lại làn da sáng khỏe tự nhiên. Công thức phù hợp cho nhu cầu sử dụng hằng ngày, đặc biệt với những ai yêu thích lớp nền mỏng nhẹ mà không cần trang điểm cầu kỳ. ✨",https://bizweb.dktcdn.net/100/660/831/products/453-f3198962-efc5-404c-9245-ddc3ab631991.png?v=1780717304133|https://bizweb.dktcdn.net/100/660/831/products/z7903800106942-7b5880fc0927a5f4190b119a09cd1e0c-99d52811-7ef6-47fa-8c3f-48debaca1c28.jpg?v=1780717322053|https://bizweb.dktcdn.net/100/660/831/products/z7903800121099-3570961a221bbcbd43d83d702971f875-f1b93f30-cdcb-4974-9fe2-34a9fd74797c.jpg?v=1780717324377|https://bizweb.dktcdn.net/100/660/831/products/z7903800112223-b4423bc8f47e3d2f1454cf6289737b6c-22fca305-454f-4745-bcce-59c4858beb75.jpg?v=1780717326650,storage/images/eviralab-tone-up-sun-cream-50ml/01.png|storage/images/eviralab-tone-up-sun-cream-50ml/02.jpg|storage/images/eviralab-tone-up-sun-cream-50ml/03.jpg|storage/images/eviralab-tone-up-sun-cream-50ml/04.jpg,2026-07-12T16:38:35+00:00
https://mtd-global.com/cham-soc-mat,cham-soc-mat,"Chăm sóc mặt",,,,,,,VND,,,,2026-07-12T16:38:51+00:00
https://mtd-global.com/tay-te-bao-chet-mat,tay-te-bao-chet-mat,"Tẩy tế bào chết mặt",,,,,,,VND,,,,2026-07-12T16:38:52+00:00
https://mtd-global.com/toner-nuoc-hoa-hong,toner-nuoc-hoa-hong,"Toner – nước hoa hồng",,,,,,,VND,,,,2026-07-12T16:38:54+00:00
https://mtd-global.com/serum-tinh-chat,serum-tinh-chat,"Serum – tinh chất",,,,,,,VND,,,,2026-07-12T16:38:56+00:00
https://mtd-global.com/kem-chong-nang,kem-chong-nang,"Chống nắng",,,,,,,VND,,,,2026-07-12T16:38:58+00:00
https://mtd-global.com/phan-nuoc-kem-nen-che-khuyet-diem,phan-nuoc-kem-nen-che-khuyet-diem,"Phấn nước – kem nền – che khuyết điểm",,,,,,,VND,,,,2026-07-12T16:38:59+00:00
https://mtd-global.com/trang-diem-mat,trang-diem-mat,"Trang điểm mắt",,,,,,,VND,,,,2026-07-12T16:39:01+00:00
https://mtd-global.com/cham-soc-co-the,cham-soc-co-the,"Chăm sóc cơ thể",,,,,,,VND,,,,2026-07-12T16:39:03+00:00
https://mtd-global.com/tay-te-bao-chet-body,tay-te-bao-chet-body,"Tẩy tế bào chết body",,,,,,,VND,,,,2026-07-12T16:39:05+00:00
https://mtd-global.com/kem-tay-long,kem-tay-long,"Kem tẩy lông",,,,,,,VND,,,,2026-07-12T16:39:07+00:00
https://mtd-global.com/cham-soc-vung-kin,cham-soc-vung-kin,"Chăm sóc vùng kín",,,,,,,VND,,,,2026-07-12T16:39:09+00:00
https://mtd-global.com/phu-kien-bong-mut-co,phu-kien-bong-mut-co,"Phụ kiện (bông, mút, cọ,…)",,,,,,,VND,,,,2026-07-12T16:39:11+00:00
https://mtd-global.com/thuc-pham-chuc-nang,thuc-pham-chuc-nang,"Thực phẩm chức năng",,,,,,,VND,,,,2026-07-12T16:39:13+00:00
https://mtd-global.com/combo-lomere-nam-truffle-duong-trang-phuc-hoi-da,combo-lomere-nam-truffle-duong-trang-phuc-hoi-da,"COMBO LOMERE NẤM TRUFFLE DƯỠNG TRẮNG PHỤC HỒI DA",LOMERE,"Đang cập nhật",combo,in_stock,3200000,,VND,,https://bizweb.dktcdn.net/100/660/831/products/476.png?v=1783851628987,storage/images/combo-lomere-nam-truffle-duong-trang-phuc-hoi-da/01.png,2026-07-12T16:39:15+00:00
https://mtd-global.com/do-uong-khong-con-khong-ga-nuoc-uong-vi-luu-pomegranate-base-quy-cach-970-ml-chai-15-chai-thung,do-uong-khong-con-khong-ga-nuoc-uong-vi-luu-pomegranate-base-quy-cach-970-ml-chai-15-chai-thung,"TPBS Nước uống vị lựu(Pomegranate base ),đồ uống không cồn(nồng độ cồn:0,022%/970ml), không ga;hàm lượng đường:18g/100ml, q/c: 970 ml/ chai,15 chai/thùng",KWANGYA,8808416701021,"THỰC PHẨM",in_stock,190000,300000,VND,,https://bizweb.dktcdn.net/100/660/831/products/474.png?v=1783666127880|https://bizweb.dktcdn.net/100/660/831/products/vn-11134207-81ztc-mp7vumfj7v2j13.jpg?v=1783666162183,storage/images/do-uong-khong-con-khong-ga-nuoc-uong-vi-luu-pomegranate-base-quy-cach-970-ml-chai-15-chai-thung/01.png|storage/images/do-uong-khong-con-khong-ga-nuoc-uong-vi-luu-pomegranate-base-quy-cach-970-ml-chai-15-chai-thung/02.jpg,2026-07-12T16:39:17+00:00
https://mtd-global.com/sale-7-7-combo-tinh-chat-nam-kem-nam-dem-ruee,sale-7-7-combo-tinh-chat-nam-kem-nam-dem-ruee,"[SALE 7.7] COMBO TINH CHẤT NÁM + KEM NÁM ĐÊM RUEE",RUÉE,PVN1107,"Đang cập nhật",in_stock,680000,,VND,,https://bizweb.dktcdn.net/100/660/831/products/ruee2.png?v=1783419769367,storage/images/sale-7-7-combo-tinh-chat-nam-kem-nam-dem-ruee/01.png,2026-07-12T16:39:19+00:00
https://mtd-global.com/manhae-menopause-hop-30-vien,manhae-menopause-hop-30-vien,"Viên nội tiết tố Manhae Menopause hộp 30v","Nutrisanté Laboratories",3515484271695,"THỰC PHẨM",in_stock,370000,470000,VND,"Manhae Menopause là thực phẩm bảo vệ sức khỏe đến từ Nutrisanté Laboratories (Pháp) , được nghiên cứu dành riêng cho phụ nữ trong giai đoạn tiền mãn kinh và mãn kinh . Sản phẩm kết hợp các dưỡng chất từ thiên nhiên như chiết xuất cam ngọt giàu Flavonoid, dầu hạt lưu ly (GLA), Omega-3, Vitamin E cùng các vitamin và khoá",https://bizweb.dktcdn.net/100/660/831/products/473.png?v=1783505004630|https://bizweb.dktcdn.net/100/660/831/products/vien-uong-can-bang-noi-tiet-manhae-hop-30-vien-80872e5588de47ccbfcadd0872426063.jpg?v=1783505004630|https://bizweb.dktcdn.net/100/660/831/products/manhae-menopause-nutrisante-90-vien-2-jpg-v-1755589666257.jpg?v=1783505004630|https://bizweb.dktcdn.net/100/660/831/products/g-cua-vien-uong-can-bang-noi-tiet-manhae-menopause-nutrisante-cua-phap-6846e619b06344218ce82b301abf8b61.jpg?v=1783505004630|https://bizweb.dktcdn.net/100/660/831/products/manhae-1-jpg-v-1778314757220.jpg?v=1783505004630|https://bizweb.dktcdn.net/100/660/831/products/dung-vien-uong-can-bang-noi-tiet-manhae-menopause-nutrisante-cua-phap-3cf236afa385448cb7fa2209cbc5625a.jpg?v=1783505004630,storage/images/manhae-menopause-hop-30-vien/01.png|storage/images/manhae-menopause-hop-30-vien/02.jpg|storage/images/manhae-menopause-hop-30-vien/03.jpg|storage/images/manhae-menopause-hop-30-vien/04.jpg|storage/images/manhae-menopause-hop-30-vien/05.jpg|storage/images/manhae-menopause-hop-30-vien/06.jpg,2026-07-12T16:39:22+00:00
https://mtd-global.com/nuoc-hoa-armaf-delights-island-bliss-100ml,nuoc-hoa-armaf-delights-island-bliss-100ml,"Nước hoa Armaf Delights Island Bliss 100ml",ARMAF,6295199800942,"Nước Hoa",in_stock,1300000,1500000,VND,"Armaf Delights Island Bliss là dòng nước hoa nữ thuộc bộ sưu tập Delights Collection của Armaf, ra mắt năm 2024. Lấy cảm hứng từ những hòn đảo nhiệt đới ngập nắng, Island Bliss mang đến mùi hương Floral Fruity Gourmand ngọt ngào, tươi mát với sự hòa quyện của trái cây mọng, dừa béo, hoa trắng và vanilla ấm áp, tạo cảm",https://bizweb.dktcdn.net/100/660/831/products/467.png?v=1782637505537|https://bizweb.dktcdn.net/100/660/831/products/island-bliss-4.webp?v=1782637671403|https://bizweb.dktcdn.net/100/660/831/products/901e38ae-7ddf-4452-898f-6467846498ca-jpg-v-1775709379437.jpg?v=1782637671403|https://bizweb.dktcdn.net/100/660/831/products/artboard-7-11799f3a23434472ad008a9c677b614a.png?v=1782637671403,storage/images/nuoc-hoa-armaf-delights-island-bliss-100ml/01.png|storage/images/nuoc-hoa-armaf-delights-island-bliss-100ml/02.webp|storage/images/nuoc-hoa-armaf-delights-island-bliss-100ml/03.jpg|storage/images/nuoc-hoa-armaf-delights-island-bliss-100ml/04.png,2026-07-12T16:39:27+00:00
https://mtd-global.com/cap-goi-xa-sorini-lab,cap-goi-xa-sorini-lab,"CẶP GỘI XẢ SORINI LAB 500ML","SORINI LAB",PVN1084,"Dầu gội - Sữa tắm",in_stock,439000,,VND,,https://bizweb.dktcdn.net/100/660/831/products/465.png?v=1782282976203|https://bizweb.dktcdn.net/100/660/831/products/z7970458958538-430cde4ee40a07bce376efdf910e1952.jpg?v=1782283016510|https://bizweb.dktcdn.net/100/660/831/products/z7970458973890-9fc3769106f8c556997cb75eedbc4a6f.jpg?v=1782283075340|https://bizweb.dktcdn.net/100/660/831/products/z7970458985576-f6002b0b5d7f71fdaf9a1df9d5578bbc.jpg?v=1782283075340|https://bizweb.dktcdn.net/100/660/831/products/z7970459019427-ed108d122f69c1871f74b840c52ef5e9.jpg?v=1782283075340|https://bizweb.dktcdn.net/100/660/831/products/z7970459014352-eedf006f8fca59d3167f4f3c63b2aecf.jpg?v=1782283075340|https://bizweb.dktcdn.net/100/660/831/products/z7970459009059-55168363a4a61bef8df3ff4acd295726.jpg?v=1782283075340|https://bizweb.dktcdn.net/100/660/831/products/z7970459004051-e61f4f6a9397f711d1168346a17ac0c8.jpg?v=1782283075340|https://bizweb.dktcdn.net/100/660/831/products/z7970458995710-be897fc9117f7981979bdeba92e5cee5.jpg?v=1782283075340|https://bizweb.dktcdn.net/100/660/831/products/z7970458992951-f1494fcc866e20d931540ca09d1af6e4.jpg?v=1782283075340|https://bizweb.dktcdn.net/100/660/831/products/z7970459025626-7b1ad42b342548c74dbb141fc298a881.jpg?v=1782283075340|https://bizweb.dktcdn.net/100/660/831/products/z7970459031619-b3cd2ebb5c30f619f4e392526ded2a48.jpg?v=1782283075340,storage/images/cap-goi-xa-sorini-lab/01.png|storage/images/cap-goi-xa-sorini-lab/02.jpg|storage/images/cap-goi-xa-sorini-lab/03.jpg|storage/images/cap-goi-xa-sorini-lab/04.jpg|storage/images/cap-goi-xa-sorini-lab/05.jpg|storage/images/cap-goi-xa-sorini-lab/06.jpg|storage/images/cap-goi-xa-sorini-lab/07.jpg|storage/images/cap-goi-xa-sorini-lab/08.jpg|storage/images/cap-goi-xa-sorini-lab/09.jpg|storage/images/cap-goi-xa-sorini-lab/10.jpg|storage/images/cap-goi-xa-sorini-lab/11.jpg|storage/images/cap-goi-xa-sorini-lab/12.jpg,2026-07-12T16:39:33+00:00
https://mtd-global.com/lan-khu-mui-angels-liquid-cooling-fresh,lan-khu-mui-angels-liquid-cooling-fresh,"Lăn Khử Mùi Angels Liquid Cooling Fresh","ANGEL'S LIQUID",8809418755166,"Lăn khử mùi",in_stock,330000,,VND,"Angels Liquid Glutathione + Niacinamide Arbutin Cooling Fresh Deodorant là lăn khử mùi thế hệ mới đến từ Hàn Quốc, không chỉ giúp kiểm soát mùi cơ thể và giảm tiết mồ hôi mà còn hỗ trợ làm sáng vùng da dưới cánh tay và cải thiện tình trạng thâm sạm . Phiên bản Cooling Fresh được nâng cấp với các thành phần hỗ trợ tẩy t",https://bizweb.dktcdn.net/100/660/831/products/467-a91e2669-5f21-456b-b0e0-4277f64d7916.png?v=1782643538860|https://bizweb.dktcdn.net/100/660/831/products/0260522c3fccc77754d39afc11b88146-68d53281f82e49bb819950ceb1b44583.jpg?v=1782643553543|https://bizweb.dktcdn.net/100/660/831/products/lannachnew-copy-90f0353d3d754ad59a0d5d97e7af7a20-19abaceb0e43483fabe315f37964db83.jpg?v=1782643597887|https://bizweb.dktcdn.net/100/660/831/products/lan-khu-mui-angel-s-liquid-mo-tham-sang-da-60ml-mau-moi-2.jpg?v=1782643643737,storage/images/lan-khu-mui-angels-liquid-cooling-fresh/01.png|storage/images/lan-khu-mui-angels-liquid-cooling-fresh/02.jpg|storage/images/lan-khu-mui-angels-liquid-cooling-fresh/03.jpg|storage/images/lan-khu-mui-angels-liquid-cooling-fresh/04.jpg,2026-07-12T16:39:42+00:00
https://mtd-global.com/eviralab-tone-up-whitening-body-cream-300ml,eviralab-tone-up-whitening-body-cream-300ml,"Eviralab Tone up whitening body cream 300ml",EVIRALAB,8809601676964,BODY,in_stock,380000,590000,VND,"Eviralab Tone Up Whitening Body Cream là dòng kem dưỡng thể cao cấp ứng dụng công nghệ dưỡng sáng sinh học từ Hàn Quốc, được nghiên cứu dành riêng cho làn da châu Á. Sản phẩm kết hợp các hoạt chất dưỡng sáng nổi bật như Niacinamide, Alpha-Arbutin, Tranexamic Acid và Vitamin C , giúp hỗ trợ làm sáng da, cải thiện vùng d",https://bizweb.dktcdn.net/100/660/831/products/455.png?v=1780997163160,storage/images/eviralab-tone-up-whitening-body-cream-300ml/01.png,2026-07-12T16:40:21+00:00
https://mtd-global.com/xit-chong-nang-five-grains-nang-tone-pro-xylane-160ml,xit-chong-nang-five-grains-nang-tone-pro-xylane-160ml,"Xịt chống nắng Five Grains nâng tone Pro-Xylane 160ML","FIVE GRAINS",6925466274601,"xịt body",in_stock,180000,250000,VND,"Five Grains Pro-Xylane Sunscreen Spray là xịt chống nắng dành cho cơ thể , giúp bảo vệ da trước tác hại của tia UVA, UVB và ánh nắng mặt trời với chỉ số SPF50+ PA++++ . Sản phẩm sở hữu thiết kế dạng chai phun sương tiện lợi, cho phép phủ đều trên da nhanh chóng, rất phù hợp khi cần dặm lại chống nắng trong ngày. Công t",https://bizweb.dktcdn.net/100/660/831/products/456.png?v=1781005634197|https://bizweb.dktcdn.net/100/660/831/products/xit-chong-nang-five-grains-nang-tong-da-160ml-2-1725435905-img-450x450-31d6f9-fit-center.jpg?v=1781005699743|https://bizweb.dktcdn.net/100/660/831/products/vn-11134207-81ztc-moupgdc53cp719-jpeg.jpg?v=1781005701273|https://bizweb.dktcdn.net/100/660/831/products/vn-11134207-7ras8-m0dy8zy4bzbje5-jpeg.jpg?v=1781005703010,storage/images/xit-chong-nang-five-grains-nang-tone-pro-xylane-160ml/01.png|storage/images/xit-chong-nang-five-grains-nang-tone-pro-xylane-160ml/02.jpg|storage/images/xit-chong-nang-five-grains-nang-tone-pro-xylane-160ml/03.jpg|storage/images/xit-chong-nang-five-grains-nang-tone-pro-xylane-160ml/04.jpg,2026-07-12T16:40:24+00:00
https://mtd-global.com/mat-na-toc-tsubaki-cao-cap-s-180-g-tsubaki-premium-repair-mask-s-180-g,mat-na-toc-tsubaki-cao-cap-s-180-g-tsubaki-premium-repair-mask-s-180-g,"MẶT NẠ TÓC TSUBAKI CAO CẤP S 180 G (TSUBAKI PREMIUM REPAIR MASK S 180 G)",TSUBAKI,4550516711106,"Dầu gội - Sữa tắm",in_stock,240000,300000,VND,"Tsubaki Premium Repair Mask S (màu hồng) là dòng mặt nạ ủ tóc cao cấp đến từ Nhật Bản thuộc thương hiệu Tsubaki của Shiseido. Sản phẩm nổi tiếng nhờ khả năng phục hồi tóc hư tổn, cấp ẩm và làm mềm tóc chỉ sau một lần sử dụng. Công thức chứa hàm lượng cao dầu hoa trà Camellia Nhật Bản , kết hợp cùng Royal Jelly, Protein",https://bizweb.dktcdn.net/100/660/831/products/458.png?v=1781164914207|https://bizweb.dktcdn.net/100/660/831/products/u-toc.jpg?v=1781171555590,storage/images/mat-na-toc-tsubaki-cao-cap-s-180-g-tsubaki-premium-repair-mask-s-180-g/01.png|storage/images/mat-na-toc-tsubaki-cao-cap-s-180-g-tsubaki-premium-repair-mask-s-180-g/02.jpg,2026-07-12T16:40:28+00:00
https://mtd-global.com/serum-duong-da-anodin-niacinamide-10-plus-serum,serum-duong-da-anodin-niacinamide-10-plus-serum,"Serum dưỡng da ANODIN NIACINAMIDE 10 PLUS SERUM",ANODIN,8809875905319,"tinh chất",in_stock,390000,,VND,"Anodin Niacinamide 10 Plus là dòng serum dưỡng sáng và cải thiện lỗ chân lông nổi bật của Anodin Hàn Quốc, được thiết kế dành riêng cho làn da dầu, da thâm mụn và da không đều màu. Công thức chứa Niacinamide 10% kết hợp Panthenol, Alpha-Arbutin, Tranexamic Acid và Vitamin C giúp hỗ trợ dưỡng sáng da, mờ thâm và tăng cư",https://bizweb.dktcdn.net/100/660/831/products/451.png?v=1780139615053|https://bizweb.dktcdn.net/100/660/831/products/1-banner-add.png?v=1780139615053|https://bizweb.dktcdn.net/100/660/831/products/catalogue-anodin-sua-scaled.jpg?v=1780139622243|https://bizweb.dktcdn.net/100/660/831/products/c16efb8bf94949619a372ba33f84599f-79d4798cb05f4ed4b7ecca8ea99a4664-7627685d21734caa946ee43ac40359e5-master-jpeg.jpg?v=1780139644200|https://bizweb.dktcdn.net/100/660/831/products/26-post-fb.png?v=1780139660680|https://bizweb.dktcdn.net/100/660/831/products/serum-sang-da-mo-tham-anodin-3-lancosmetics-jpg-v-1706081475820.jpg?v=1780139829270,storage/images/serum-duong-da-anodin-niacinamide-10-plus-serum/01.png|storage/images/serum-duong-da-anodin-niacinamide-10-plus-serum/02.png|storage/images/serum-duong-da-anodin-niacinamide-10-plus-serum/03.jpg|storage/images/serum-duong-da-anodin-niacinamide-10-plus-serum/04.jpg|storage/images/serum-duong-da-anodin-niacinamide-10-plus-serum/05.png|storage/images/serum-duong-da-anodin-niacinamide-10-plus-serum/06.jpg,2026-07-12T16:40:31+00:00
https://mtd-global.com/kem-melatonin-7,kem-melatonin-7,"Kem dưỡng chống lão hóa MAXCLINIC MELATONINSHOT CREAM, 50ml (7%)",MAXCLINIC,8809954945243,"kem dưỡng",in_stock,440000,600000,VND,"Kem dưỡng Maxclinic 7% Melatonin Liposome Cream là dòng kem dưỡng phục hồi và dưỡng sáng da nổi bật của Hàn Quốc, ứng dụng công nghệ Liposome đa tầng giúp đưa hoạt chất Melatonin thẩm thấu hiệu quả vào da, hỗ trợ cấp ẩm sâu, phục hồi hàng rào bảo vệ và cải thiện làn da xỉn màu, thiếu sức sống. Với hàm lượng 7% Melatoni",https://bizweb.dktcdn.net/100/660/831/products/443.png?v=1779540476343|https://bizweb.dktcdn.net/100/660/831/products/vn-11134207-81ztc-mnxt8viphzpfaa.jpg?v=1779540779643|https://bizweb.dktcdn.net/100/660/831/products/kem-d-ng-6-ca9457cd64264fb3b5b2ffe86526aa78-1024x1024.png?v=1779540779643|https://bizweb.dktcdn.net/100/660/831/products/kem-d-ng-1-59bbbb9abfda4ea187e5091250c85403.png?v=1779540779643|https://bizweb.dktcdn.net/100/660/831/products/kem-d-ng-3-32b714a1cda947428bfcd26696ff848d.png?v=1779540779643,storage/images/kem-melatonin-7/01.png|storage/images/kem-melatonin-7/02.jpg|storage/images/kem-melatonin-7/03.png|storage/images/kem-melatonin-7/04.png|storage/images/kem-melatonin-7/05.png,2026-07-12T16:40:39+00:00
https://mtd-global.com/sua-duong-the-ohui-age-recovery-emulsion-50709731-50710192,sua-duong-the-ohui-age-recovery-emulsion-50709731-50710192,"Sữa Dưỡng Ohui Age Recovery Emulsion",OHUI,8809949527287,"KEM DƯỠNG",in_stock,1200000,1600000,VND,"OHUI Age Recovery Emulsion là dòng sữa dưỡng chống lão hóa cao cấp thuộc bộ Age Recovery nổi tiếng của OHUI. Công thức chứa Baby Collagen , collagen thủy phân cùng các dưỡng chất phục hồi giúp cải thiện độ đàn hồi, làm mờ nếp nhăn và duy trì làn da săn chắc, mịn màng theo thời gian. Kết cấu emulsion mềm mượt, thẩm thấu",https://bizweb.dktcdn.net/100/660/831/products/444.png?v=1779541720230|https://bizweb.dktcdn.net/100/660/831/products/z7824260877082-20e911c329e5830c6575187b37341473-cdd731edbcf14cd9aeb9d32532027b81.jpg?v=1779541720230,storage/images/sua-duong-the-ohui-age-recovery-emulsion-50709731-50710192/01.png|storage/images/sua-duong-the-ohui-age-recovery-emulsion-50709731-50710192/02.jpg,2026-07-12T16:40:44+00:00
https://mtd-global.com/chai-xit-co-dinh-trang-diem95ml-xit-khoa-trang-diem-3ce-shimmer-makeup-fixer-co-nhu,chai-xit-co-dinh-trang-diem95ml-xit-khoa-trang-diem-3ce-shimmer-makeup-fixer-co-nhu,"XỊT KHÓA TRANG ĐIỂM 3CE SHIMMER MAKEUP FIXER [ CÓ NHŨ ]",3CE,8809664983931,Makeup,out_of_stock,320000,450000,VND,"3CE Shimmer Makeup Fixer là dòng xịt khóa nền cao cấp nổi tiếng của 3CE Hàn Quốc, được yêu thích nhờ khả năng cố định lớp trang điểm lâu trôi đồng thời tạo hiệu ứng da căng bóng, bắt sáng tự nhiên với các hạt nhũ ngọc trai siêu mịn. Công thức chứa lớp màng khóa nền cùng các hạt pearl shimmer phản chiếu ánh sáng giúp lớ",https://bizweb.dktcdn.net/100/660/831/products/446.png?v=1779695115523|https://bizweb.dktcdn.net/100/660/831/products/1723393542989.jpg?v=1779695121930|https://bizweb.dktcdn.net/100/660/831/products/3ce-copy-ccac02034de84d87ad85234721f7693f-1024x1024.jpg?v=1779698723630,storage/images/chai-xit-co-dinh-trang-diem95ml-xit-khoa-trang-diem-3ce-shimmer-makeup-fixer-co-nhu/01.png|storage/images/chai-xit-co-dinh-trang-diem95ml-xit-khoa-trang-diem-3ce-shimmer-makeup-fixer-co-nhu/02.jpg|storage/images/chai-xit-co-dinh-trang-diem95ml-xit-khoa-trang-diem-3ce-shimmer-makeup-fixer-co-nhu/03.jpg,2026-07-12T16:40:48+00:00
https://mtd-global.com/phan-nuoc-3ce-fitting-mesh-cover-cushion-11g,phan-nuoc-3ce-fitting-mesh-cover-cushion-11g,"Phấn Nước 3CE Fitting Mesh Cover Cushion 11g",3CE,8800249651184,Makeup,in_stock,530000,,VND,"3CE Fitting Mesh Cover Cushion là dòng phấn nước thế hệ mới của 3CE Hàn Quốc, nổi bật với công nghệ Mesh Cushion giúp lấy lượng kem nền vừa đủ, tán đều và mỏng nhẹ trên da. Sản phẩm mang lại hiệu ứng da mịn đẹp như phủ filter, che phủ tốt nhưng vẫn giữ được vẻ tự nhiên và trong trẻo chuẩn K-Beauty. Công thức chứa 76% t",https://bizweb.dktcdn.net/100/660/831/products/447.png?v=1779769512513|https://bizweb.dktcdn.net/100/660/831/products/screenshot-1757320894-7db986ee661d481388541489828ec283.png?v=1779769512513|https://bizweb.dktcdn.net/100/660/831/products/5-02f2386aa3824d2eb60cc9c4f0f39058.jpg?v=1779769825857|https://bizweb.dktcdn.net/100/660/831/products/3-d35ff6b34474416aa834018e1fa0daf5.jpg?v=1779769825857|https://bizweb.dktcdn.net/100/660/831/products/vn-11134207-820l4-medzk5vpiepx1e-58880c7c62fe42d4821075589f9c1492-jfif.jpg?v=1779769825857|https://bizweb.dktcdn.net/100/660/831/products/vn-11134207-820l4-medzk5ubj18l44-748c8d66adbf42ff8c99ae51599a83a6-jfif-c7270d2e-2250-44da-b479-1ac3d31a4bfd.jpg?v=1779769824483|https://bizweb.dktcdn.net/100/660/831/products/phan-nuoc-3ce-fitting-mesh-cover-cushion-11g-n01.jpg?v=1779769822453|https://bizweb.dktcdn.net/100/660/831/products/phan-nuoc-cushion-3ce-fitting-mesh-refill-11g-tone-n1-5-68d1feb57c9bf-23092025085813.jpg?v=1779769666303|https://bizweb.dktcdn.net/100/660/831/products/phan-nuoc-3ce-fitting-mesh-cover-cushion-11g-p01.png?v=1779769816243,storage/images/phan-nuoc-3ce-fitting-mesh-cover-cushion-11g/01.png|storage/images/phan-nuoc-3ce-fitting-mesh-cover-cushion-11g/02.png|storage/images/phan-nuoc-3ce-fitting-mesh-cover-cushion-11g/03.jpg|storage/images/phan-nuoc-3ce-fitting-mesh-cover-cushion-11g/04.jpg|storage/images/phan-nuoc-3ce-fitting-mesh-cover-cushion-11g/05.jpg|storage/images/phan-nuoc-3ce-fitting-mesh-cover-cushion-11g/06.jpg|storage/images/phan-nuoc-3ce-fitting-mesh-cover-cushion-11g/07.jpg|storage/images/phan-nuoc-3ce-fitting-mesh-cover-cushion-11g/08.jpg|storage/images/phan-nuoc-3ce-fitting-mesh-cover-cushion-11g/09.png,2026-07-12T16:40:52+00:00
https://mtd-global.com/kem-che-khuyet-diem-the-saem-cover-perfection-tip-concealer,kem-che-khuyet-diem-the-saem-cover-perfection-tip-concealer,"Kem che khuyết điểm The Saem Cover Perfection Tip Concealer","THE SAEM",8806164151334,Makeup,in_stock,120000,,VND,"The Saem Cover Perfection Tip Concealer là dòng che khuyết điểm quốc dân đến từ Hàn Quốc, nổi tiếng với khả năng che phủ tốt, bám màu lâu và chất kem mỏng nhẹ dễ tán. Sản phẩm giúp che phủ quầng thâm mắt, thâm mụn, vùng da không đều màu mà vẫn giữ được lớp nền tự nhiên, mịn đẹp. ✨ Công dụng nổi bật Che phủ quầng thâm m",https://bizweb.dktcdn.net/100/660/831/products/450.png?v=1780127780330|https://bizweb.dktcdn.net/100/660/831/products/2-88479672440343bfb87ca15d099b00b1-master.png?v=1780127780330|https://bizweb.dktcdn.net/100/660/831/products/vn-11134207-820l4-mi2pzgkd36dc6b.webp?v=1780127778223|https://bizweb.dktcdn.net/100/660/831/products/vn-11134207-7ras8-m45t07sahc07d3-282e91bab8654c2b8d3fc903c9a4b10c-1024x1024.jpg?v=1780127778223,storage/images/kem-che-khuyet-diem-the-saem-cover-perfection-tip-concealer/01.png|storage/images/kem-che-khuyet-diem-the-saem-cover-perfection-tip-concealer/02.png|storage/images/kem-che-khuyet-diem-the-saem-cover-perfection-tip-concealer/03.webp|storage/images/kem-che-khuyet-diem-the-saem-cover-perfection-tip-concealer/04.jpg,2026-07-12T16:41:00+00:00
https://mtd-global.com/san-pham-duong-am-da-wellage-real-hyaluronic-blue-100-ampoule-60ml,san-pham-duong-am-da-wellage-real-hyaluronic-blue-100-ampoule-60ml,"Sản Phẩm Dưỡng Ẩm Da Wellage Real Hyaluronic Blue 100 Ampoule 60ml",WELLAGE,8809619273742,"tinh chất",in_stock,320000,420000,VND,"Wellage Real Hyaluronic Blue 100 Ampoule là dòng ampoule cấp nước nổi tiếng của Wellage Hàn Quốc, được yêu thích nhờ công thức chứa 100% Hyaluronic Acid tinh khiết cùng Multi HA Complex giúp cấp ẩm sâu, phục hồi và mang lại hiệu ứng da căng bóng khỏe mạnh chuẩn “glass skin”. Sản phẩm từng nằm trong top serum cấp ẩm đượ",https://bizweb.dktcdn.net/100/660/831/products/ban-sao-cua-frame-sp-314.png?v=1779093894100|https://bizweb.dktcdn.net/100/660/831/products/and9gcrmu6wil85dvpxji7vgzrs39uet2blqrov7mg-s.jpg?v=1779094042140|https://bizweb.dktcdn.net/100/660/831/products/img-8377-jpeg.jpg?v=1779094067727|https://bizweb.dktcdn.net/100/660/831/products/395043592-871382091257504-9078786910518103880-n-jpg-v-1700307655046.jpg?v=1779094095880|https://bizweb.dktcdn.net/100/660/831/products/vn-11134207-7r98o-locdau4rz8qf64.jpg?v=1779094267893,storage/images/san-pham-duong-am-da-wellage-real-hyaluronic-blue-100-ampoule-60ml/01.png|storage/images/san-pham-duong-am-da-wellage-real-hyaluronic-blue-100-ampoule-60ml/02.jpg|storage/images/san-pham-duong-am-da-wellage-real-hyaluronic-blue-100-ampoule-60ml/03.jpg|storage/images/san-pham-duong-am-da-wellage-real-hyaluronic-blue-100-ampoule-60ml/04.jpg|storage/images/san-pham-duong-am-da-wellage-real-hyaluronic-blue-100-ampoule-60ml/05.jpg,2026-07-12T16:41:05+00:00
https://mtd-global.com/mat-na-u-trang-bio-tone-up-whitening-face-mask-50ml,mat-na-u-trang-bio-tone-up-whitening-face-mask-50ml,"Ủ trắng da mặt USOLAB BIO TONE UP WHITENING FACE MASK 50ML",USOLAB,8809801694454,"Mặt nạ",in_stock,390000,500000,VND,"BIO TONE UP WHITENING FACE MASK 50ml Mặt nạ ủ trắng BIO TONE UP WHITENING FACE MASK dạng tuýp kem 50ml đến từ nhà Usolab có hiệu làm trắng da vượt trội, trắng hồng rạng rỡ hơn 2-3 tone ngay từ lần sử dụng đầu tiên. Kem ủ trắng mặt Usolab cung cấp các dưỡng chất thúc đẩy tái tạo làn da, ức chế sắc tố đen, hỗ trợ làm mờ",https://bizweb.dktcdn.net/100/660/831/products/431.png?v=1778853840103|https://bizweb.dktcdn.net/100/660/831/products/bio-tone-up-whitening-face-mask-50ml-3.jpg?v=1778853840103|https://bizweb.dktcdn.net/100/660/831/products/bio-tone-up-whitening-face-mask-50ml-2.jpg?v=1778853854567|https://bizweb.dktcdn.net/100/660/831/products/bio-tone-up-whitening-face-mask-50ml-4.jpg?v=1778853864447|https://bizweb.dktcdn.net/100/660/831/products/facemask50ml-1.png?v=1778853882410,storage/images/mat-na-u-trang-bio-tone-up-whitening-face-mask-50ml/01.png|storage/images/mat-na-u-trang-bio-tone-up-whitening-face-mask-50ml/02.jpg|storage/images/mat-na-u-trang-bio-tone-up-whitening-face-mask-50ml/03.jpg|storage/images/mat-na-u-trang-bio-tone-up-whitening-face-mask-50ml/04.jpg|storage/images/mat-na-u-trang-bio-tone-up-whitening-face-mask-50ml/05.png,2026-07-12T16:41:09+00:00
https://mtd-global.com/tinh-dau-nuoc-hoa-vung-kin-foellie-huong-hoa-hong-5ml,tinh-dau-nuoc-hoa-vung-kin-foellie-huong-hoa-hong-5ml,"Tinh dầu nước hoa vùng kín Foellie, hương hoa hồng 5ml",FOELLIE,8809550300491,"Chăm sóc vùng kín",in_stock,250000,350000,VND,"Foellie Noir là phiên bản nước hoa vùng kín “màu đen” nổi bật của Foellie Hàn Quốc, mang vibe quyến rũ và sang trọng hơn với mùi hương hoa hồng pha xạ hương đầy cuốn hút. Sản phẩm được thiết kế dành riêng cho vùng da nhạy cảm với công thức chứa 99,9% tinh dầu nguyên chất , kết hợp lợi khuẩn và thành phần cân bằng pH gi",https://bizweb.dktcdn.net/100/660/831/products/ban-sao-cua-frame-sp-309.png?v=1779011129563|https://bizweb.dktcdn.net/100/660/831/products/screen-shot-2024-04-22-at-10-55-31-83902c63d2b44a3196d91bce0aa57947-1024x1024.png?v=1779011428183|https://bizweb.dktcdn.net/100/660/831/products/screen-shot-2024-04-22-at-10-55-56-b222e99eafe3430da02ddbececb8212d.png?v=1779011508960,storage/images/tinh-dau-nuoc-hoa-vung-kin-foellie-huong-hoa-hong-5ml/01.png|storage/images/tinh-dau-nuoc-hoa-vung-kin-foellie-huong-hoa-hong-5ml/02.png|storage/images/tinh-dau-nuoc-hoa-vung-kin-foellie-huong-hoa-hong-5ml/03.png,2026-07-12T16:41:13+00:00
https://mtd-global.com/kem-duong-da-eirlys-glutathione-whitening-tone-up-cream-plus-dung-tich-10ml-1-lo,kem-duong-da-eirlys-glutathione-whitening-tone-up-cream-plus-dung-tich-10ml-1-lo,"Kem dưỡng da EIRLYS' GLUTATHIONE WHITENING TONE UP CREAM PLUS, dung tích 10ml/1 lọ",EIRLYS',8800339280065,"KEM DƯỠNG",in_stock,190000,280000,VND,"EIRLYS Glutathione Whitening Tone Up Cream Plus là dòng kem dưỡng nâng tone nổi bật với khả năng giúp da sáng bật tone tức thì, đều màu và căng bóng tự nhiên chỉ sau một lớp mỏng. Sản phẩm kết hợp giữa Glutathione, Niacinamide và các thành phần dưỡng ẩm , giúp da vừa được dưỡng mềm mịn vừa có hiệu ứng tone-up trong trẻ",https://bizweb.dktcdn.net/100/660/831/products/ban-sao-cua-frame-sp-310.png?v=1779011776487|https://bizweb.dktcdn.net/100/660/831/products/and9gcrr4rjzc-g1mlx99hey8aenmvkqt0gz2ghv-q-s.jpg?v=1779011895607,storage/images/kem-duong-da-eirlys-glutathione-whitening-tone-up-cream-plus-dung-tich-10ml-1-lo/01.png|storage/images/kem-duong-da-eirlys-glutathione-whitening-tone-up-cream-plus-dung-tich-10ml-1-lo/02.jpg,2026-07-12T16:41:17+00:00
https://mtd-global.com/san-pham-duong-am-da-torriden-dive-in-toner-300ml,san-pham-duong-am-da-torriden-dive-in-toner-300ml,"Sản Phẩm Dưỡng Ẩm Da Torriden Dive In Toner 300ml",TORRIDEN,8809504743237,"kem dưỡng",out_of_stock,330000,450000,VND,"Torriden Dive-In Toner là dòng nước cân bằng dưỡng ẩm nổi tiếng của Torriden Hàn Quốc, được yêu thích nhờ công thức chứa 5D Hyaluronic Acid phân tử thấp giúp cấp nước sâu, làm dịu và hỗ trợ phục hồi hàng rào bảo vệ da hiệu quả. Sản phẩm mang texture lỏng nhẹ như nước, thấm nhanh và đem lại cảm giác da mềm mịn, căng mọn",https://bizweb.dktcdn.net/100/660/831/products/ban-sao-cua-frame-sp-312.png?v=1779015463780|https://bizweb.dktcdn.net/100/660/831/products/sg-11134207-7rcdl-lrs2almjphuo82-f56aab2442de49c59f9c0d9a0f7037ca-1024x1024.jpg?v=1779015523203|https://bizweb.dktcdn.net/100/660/831/products/411f1cec02b44c79a737826c70a73861-38c98f45d45f4ab48a7b175aa4fdc281-grande-jpeg.jpg?v=1779016082237|https://bizweb.dktcdn.net/100/660/831/products/sg-11134207-7rcbt-lrs2almjpi434a.jpg?v=1779016241643,storage/images/san-pham-duong-am-da-torriden-dive-in-toner-300ml/01.png|storage/images/san-pham-duong-am-da-torriden-dive-in-toner-300ml/02.jpg|storage/images/san-pham-duong-am-da-torriden-dive-in-toner-300ml/03.jpg|storage/images/san-pham-duong-am-da-torriden-dive-in-toner-300ml/04.jpg,2026-07-12T16:41:20+00:00
https://mtd-global.com/kem-duong-am-da-torriden-dive-in-soothing-cream-100ml,kem-duong-am-da-torriden-dive-in-soothing-cream-100ml,"Kem Dưỡng Ẩm Da Torriden Dive In Soothing Cream 100ml",TORRIDEN,8809784600183,"KEM DƯỠNG",in_stock,370000,470000,VND,"Torriden Dive-In Soothing Cream là dòng kem dưỡng ẩm nổi tiếng của Torriden Hàn Quốc, được yêu thích nhờ công thức chứa 5D Hyaluronic Acid phân tử thấp giúp cấp nước sâu, làm dịu và hỗ trợ phục hồi hàng rào bảo vệ da hiệu quả. Sản phẩm sở hữu kết cấu gel cream mỏng nhẹ, thấm nhanh và mang lại hiệu ứng da căng mọng, mềm",https://bizweb.dktcdn.net/100/660/831/products/ban-sao-cua-frame-sp-313.png?v=1779016580930|https://bizweb.dktcdn.net/100/660/831/products/vn-11134207-7r98o-lts66u3wc26l1f-resize-w900-nl.webp?v=1779016708510|https://bizweb.dktcdn.net/100/660/831/products/sg-11134207-7rcc6-lrqnix17d7qg19-jpg-v-1713439356753.jpg?v=1779016766867|https://bizweb.dktcdn.net/100/660/831/products/3-ed7834a0499d450caa839e3f2fddfd34.jpg?v=1779016826353|https://bizweb.dktcdn.net/100/660/831/products/and9gcqnuw-o8dw9sp0tjfi4hqkhlsy9o8z4b6olmg-s.jpg?v=1779016863250,storage/images/kem-duong-am-da-torriden-dive-in-soothing-cream-100ml/01.png|storage/images/kem-duong-am-da-torriden-dive-in-soothing-cream-100ml/02.webp|storage/images/kem-duong-am-da-torriden-dive-in-soothing-cream-100ml/03.jpg|storage/images/kem-duong-am-da-torriden-dive-in-soothing-cream-100ml/04.jpg|storage/images/kem-duong-am-da-torriden-dive-in-soothing-cream-100ml/05.jpg,2026-07-12T16:41:24+00:00
https://mtd-global.com/tdc-co-the-ec-que-hoi-gel-scrub-coffee-cinnamon-cloves-380g,tdc-co-the-ec-que-hoi-gel-scrub-coffee-cinnamon-cloves-380g,"TDC cơ thể EC quế hồi GEL SCRUB COFFEE CINNAMON CLOVES 380g",EC,4813053001339,TDC,out_of_stock,120000,220000,VND,"MÔ TẢ TẨY DA CHẾT CƠ THỂ EC GEL SCRUB COFFEE CINNAMON CLOVES 380G EC Gel Scrub Coffee Cinnamon Cloves là dòng tẩy da chết cơ thể nổi bật với sự kết hợp giữa cà phê, quế và đinh hương , giúp làm sạch tế bào chết, hỗ trợ làm mềm da và mang lại cảm giác thư giãn với mùi hương ấm ngọt đầy cuốn hút. Sản phẩm sở hữu texture",https://bizweb.dktcdn.net/100/660/831/products/ban-sao-cua-frame-sp-315.png?v=1779094508277|https://bizweb.dktcdn.net/100/660/831/products/z3763421941101-239c88bc2dba2d1cb075d00f4475da1c-jpg-v-1713619901927.jpg?v=1779094649690|https://bizweb.dktcdn.net/100/660/831/products/648d81e9ab24b90b38525351246e5ef8.jpg?v=1779095411550|https://bizweb.dktcdn.net/100/660/831/products/and9gcqyapicxocnkdphheblpp9iv8mede-tehfowq-s.jpg?v=1779095413200|https://bizweb.dktcdn.net/100/660/831/products/them-tieu-de-5-30b89baa-1f3a-477d-8ab4-916a3d3fb231-png-v-1691031643253.png?v=1779095413200|https://bizweb.dktcdn.net/100/660/831/products/1-tt-ttbc-43923673e6f74799b61972fb962b568b.png?v=1779095458590,storage/images/tdc-co-the-ec-que-hoi-gel-scrub-coffee-cinnamon-cloves-380g/01.png|storage/images/tdc-co-the-ec-que-hoi-gel-scrub-coffee-cinnamon-cloves-380g/02.jpg|storage/images/tdc-co-the-ec-que-hoi-gel-scrub-coffee-cinnamon-cloves-380g/03.jpg|storage/images/tdc-co-the-ec-que-hoi-gel-scrub-coffee-cinnamon-cloves-380g/04.jpg|storage/images/tdc-co-the-ec-que-hoi-gel-scrub-coffee-cinnamon-cloves-380g/05.png|storage/images/tdc-co-the-ec-que-hoi-gel-scrub-coffee-cinnamon-cloves-380g/06.png,2026-07-12T16:41:28+00:00
https://mtd-global.com/bang-phan-trang-diem-mat-gom-8-mau-focallure-8-pan-pressed-powder-palette-pk01-vat,bang-phan-trang-diem-mat-gom-8-mau-focallure-8-pan-pressed-powder-palette-pk01-vat,"Bảng phấn trang điểm mắt gồm 8 màu FOCALLURE 8 PAN PRESSED POWDER PALETTE - PK01 (VAT)",FOCALLURE,6941845860357,Makeup,in_stock,200000,250000,VND,"FOCALLURE 8 Pan Pressed Powder Palette PK01 là bảng phấn mắt nổi bật của Focallure với tone màu hồng đào – cam đất nhẹ nhàng , cực kỳ phù hợp cho phong cách makeup trong trẻo, nữ tính và trendy kiểu Hàn Quốc/Douyin. Bảng gồm 8 ô màu được phối hài hòa giữa chất lì, shimmer và ánh nhũ giúp dễ dàng tạo nhiều layout makeup",https://bizweb.dktcdn.net/100/660/831/products/ban-sao-cua-frame-sp-303.png?v=1778745224857|https://bizweb.dktcdn.net/100/660/831/products/sg-11134201-8261n-mjmpxgvq27eo4f-resize-w900-nl.webp?v=1778745481750|https://bizweb.dktcdn.net/100/660/831/products/4-ea2c8028-e000-4fda-a155-5144039d6e49-jpg-v-1774085677967.jpg?v=1778746142313,storage/images/bang-phan-trang-diem-mat-gom-8-mau-focallure-8-pan-pressed-powder-palette-pk01-vat/01.png|storage/images/bang-phan-trang-diem-mat-gom-8-mau-focallure-8-pan-pressed-powder-palette-pk01-vat/02.webp|storage/images/bang-phan-trang-diem-mat-gom-8-mau-focallure-8-pan-pressed-powder-palette-pk01-vat/03.jpg,2026-07-12T16:41:34+00:00
https://mtd-global.com/mascara-long-may-judydoll-eyebrow-mascara-1,mascara-long-may-judydoll-eyebrow-mascara-1,"Mascara lông mày Judydoll Eyebrow Mascara",JUDYDOLL,6972786990070,Makeup,in_stock,160000,,VND,"Judydoll Eyebrow Mascara là dòng mascara lông mày nổi bật của Judydoll nội địa Trung, được yêu thích nhờ khả năng định hình – nhuộm màu – giữ nếp chân mày cực kỳ tự nhiên mà vẫn mềm mại, không bết cứng. Sản phẩm sở hữu đầu cọ slim siêu nhỏ giúp chuốt đều từng sợi lông mày, tạo hiệu ứng “hair-like brows” mềm tơi chuẩn m",https://bizweb.dktcdn.net/100/660/831/products/ban-sao-cua-frame-sp-305.png?v=1778747646450|https://bizweb.dktcdn.net/100/660/831/products/vn-11134201-7ras8-marxqucouoqp86.jpg?v=1778747939007|https://bizweb.dktcdn.net/100/660/831/products/vn-11134201-7ras8-marxqupqblq9cb.jpg?v=1778748124240|https://bizweb.dktcdn.net/100/660/831/products/untitled-4111e549b44c48458fa9a2a0c8d9af0f-master.png?v=1778748236487,storage/images/mascara-long-may-judydoll-eyebrow-mascara-1/01.png|storage/images/mascara-long-may-judydoll-eyebrow-mascara-1/02.jpg|storage/images/mascara-long-may-judydoll-eyebrow-mascara-1/03.jpg|storage/images/mascara-long-may-judydoll-eyebrow-mascara-1/04.png,2026-07-12T16:41:38+00:00
https://mtd-global.com/xit-nen-trang-diem-min-mang-sonatural-powder4room-all-day-tight-make-up-setting-fixx-75ml,xit-nen-trang-diem-min-mang-sonatural-powder4room-all-day-tight-make-up-setting-fixx-75ml,"Xịt nền trang điểm mịn màng SONATURAL POWDER4ROOM ALL DAY TIGHT MAKE UP SETTING FIXX (75ml).","SO NATURAL",8809263872070,makeup,in_stock,310000,410000,VND,"So Natural Powder4Room All Day Tight Make Up Setting Fixx là dòng xịt khóa nền nổi tiếng của Hàn Quốc, cực kỳ được yêu thích trong giới makeup nhờ khả năng giúp lớp nền lâu trôi, mịn đẹp và hạn chế xuống tone suốt nhiều giờ. Sản phẩm sở hữu công nghệ phun sương siêu mịn giúp tạo lớp màng cố định makeup nhẹ trên da mà v",https://bizweb.dktcdn.net/100/660/831/products/ban-sao-cua-frame-sp-316.png?v=1779095898163|https://bizweb.dktcdn.net/100/660/831/products/all-day-setting-fixx-so-natural.jpg?v=1779095993787|https://bizweb.dktcdn.net/100/660/831/products/all-day-tight-jpg-v-1740379932130.png?v=1779096065567|https://bizweb.dktcdn.net/100/660/831/products/e0dbf0ec-10c9-49ff-a837-211e68bb76f8-1445x-jpg-v-1753009446.jpg?v=1779096299223,storage/images/xit-nen-trang-diem-min-mang-sonatural-powder4room-all-day-tight-make-up-setting-fixx-75ml/01.png|storage/images/xit-nen-trang-diem-min-mang-sonatural-powder4room-all-day-tight-make-up-setting-fixx-75ml/02.jpg|storage/images/xit-nen-trang-diem-min-mang-sonatural-powder4room-all-day-tight-make-up-setting-fixx-75ml/03.png|storage/images/xit-nen-trang-diem-min-mang-sonatural-powder4room-all-day-tight-make-up-setting-fixx-75ml/04.jpg,2026-07-12T16:41:43+00:00
https://mtd-global.com/bang-phan-mat-cheeryep-admiring-eyeshadow-palette-n-w-14-5g,bang-phan-mat-cheeryep-admiring-eyeshadow-palette-n-w-14-5g,"Bảng phấn mắt - Cheeryep",CHEERYEP,6970664293435,Makeup,in_stock,390000,,VND,"Cheeryep Eyeshadow Palette là dòng bảng phấn mắt nổi bật của CHEERYEP/QIANYAN nội địa Trung, gây ấn tượng với thiết kế nghệ thuật cùng bảng màu thời thượng chuẩn vibe Douyin makeup hiện đại. Sản phẩm gồm nhiều tone màu đa dạng kết hợp giữa chất lì, shimmer và glitter giúp dễ dàng tạo nhiều kiểu makeup từ nhẹ nhàng hằng",https://bizweb.dktcdn.net/100/660/831/products/ban-sao-cua-frame-sp-317.png?v=1779097168630|https://bizweb.dktcdn.net/100/660/831/products/vn-11134207-7ra0g-m7yisk5oiwz213.webp?v=1779097286697|https://bizweb.dktcdn.net/100/660/831/products/vn-11134207-7ra0g-m7yit9j3h20eb8.webp?v=1779097345910|https://bizweb.dktcdn.net/100/660/831/products/adce2907-1b23-4d73-a8fe-930cbd5570b6-jpg-v-1765942909390.jpg?v=1779097503017,storage/images/bang-phan-mat-cheeryep-admiring-eyeshadow-palette-n-w-14-5g/01.png|storage/images/bang-phan-mat-cheeryep-admiring-eyeshadow-palette-n-w-14-5g/02.webp|storage/images/bang-phan-mat-cheeryep-admiring-eyeshadow-palette-n-w-14-5g/03.webp|storage/images/bang-phan-mat-cheeryep-admiring-eyeshadow-palette-n-w-14-5g/04.jpg,2026-07-12T16:41:50+00:00
https://mtd-global.com/kem-chong-nang-nang-tone-50ml-d-alba-waterfull-tone-up-sun-cream-purple-spf50-pa-50ml,kem-chong-nang-nang-tone-50ml-d-alba-waterfull-tone-up-sun-cream-purple-spf50-pa-50ml,"Kem Chống Nắng D'alba UV Essence WaterFull Tone Up Purple Correcting SPF50+ PA++++ 50ml (Tím)",d'Alba,8809971480017,"chống nắng",in_stock,480000,580000,VND,"Alba Waterfull Tone-Up Purple Correcting Sun Cream là dòng kem chống nắng nâng tone cao cấp nổi bật của dAlba Hàn Quốc, kết hợp khả năng chống nắng mạnh mẽ SPF50+ PA++++ , hiệu chỉnh sắc da bằng tone tím và dưỡng da căng bóng chuẩn “glass skin”. Sản phẩm sở hữu sắc tím lavender nhẹ giúp trung hòa vùng da xỉn vàng, làm",https://bizweb.dktcdn.net/100/660/831/products/ban-sao-cua-frame-sp-296.png?v=1778675166643|https://bizweb.dktcdn.net/100/660/831/products/vn-11134207-7r98o-lz1hcyyhpv35ac.jpg?v=1778675261517|https://bizweb.dktcdn.net/100/660/831/products/81268538-e0e1-4a29-8b9d-4789ee9ef3d0.webp?v=1778675304210|https://bizweb.dktcdn.net/100/660/831/products/a02ed008-becf-46f3-90d2-266bc3d7ae0f-f5f4c922b98a412fbe0742964ad20735-master.jpg?v=1778675373087,storage/images/kem-chong-nang-nang-tone-50ml-d-alba-waterfull-tone-up-sun-cream-purple-spf50-pa-50ml/01.png|storage/images/kem-chong-nang-nang-tone-50ml-d-alba-waterfull-tone-up-sun-cream-purple-spf50-pa-50ml/02.jpg|storage/images/kem-chong-nang-nang-tone-50ml-d-alba-waterfull-tone-up-sun-cream-purple-spf50-pa-50ml/03.webp|storage/images/kem-chong-nang-nang-tone-50ml-d-alba-waterfull-tone-up-sun-cream-purple-spf50-pa-50ml/04.jpg,2026-07-12T16:41:54+00:00
https://mtd-global.com/kem-chong-nang-nang-tone-50ml-d-alba-waterfull-tone-up-sun-cream-50ml,kem-chong-nang-nang-tone-50ml-d-alba-waterfull-tone-up-sun-cream-50ml,"Kem Chống Nắng D'alba Waterfull Tone-Up Pink Correcting SPF50+ PA++++l 50ml (Hồng)",d'Alba,88097825548840,"chống nắng",out_of_stock,480000,580000,VND,"dAlba Waterfull Tone-Up Sun Cream là dòng kem chống nắng nâng tone cao cấp nổi bật của dAlba Hàn Quốc, kết hợp khả năng chống nắng mạnh mẽ cùng hiệu ứng nâng tone tự nhiên giúp làn da sáng khỏe, đều màu và căng bóng chuẩn “glass skin”. Sản phẩm sở hữu texture mỏng nhẹ như essence, giúp da vừa được bảo vệ trước tia UV v",https://bizweb.dktcdn.net/100/660/831/products/ban-sao-cua-frame-sp-297.png?v=1778676707910|https://bizweb.dktcdn.net/100/660/831/products/404571427-385625480465251-7529415065421268452-n-82ccc9b819e2451cb622e9dca52352e9-master.jpg?v=1778676736557|https://bizweb.dktcdn.net/100/660/831/products/screen-shot-2024-06-16-at-11-24-47-a2bb34dc98e64760a78cfa59d4d84fe6.png?v=1778676934533|https://bizweb.dktcdn.net/100/660/831/products/491426641-17959794023925334-4927087281361908314-n-1745469637242-jpg-v-1745469655923.jpg?v=1778676934533,storage/images/kem-chong-nang-nang-tone-50ml-d-alba-waterfull-tone-up-sun-cream-50ml/01.png|storage/images/kem-chong-nang-nang-tone-50ml-d-alba-waterfull-tone-up-sun-cream-50ml/02.jpg|storage/images/kem-chong-nang-nang-tone-50ml-d-alba-waterfull-tone-up-sun-cream-50ml/03.png|storage/images/kem-chong-nang-nang-tone-50ml-d-alba-waterfull-tone-up-sun-cream-50ml/04.jpg,2026-07-12T16:41:58+00:00
https://mtd-global.com/tinh-chat-chiet-xuat-nam-truffle-trang-dang-xit-cang-bong-da-100ml-d-alba-white-truffle-first-spray-serum-100ml,tinh-chat-chiet-xuat-nam-truffle-trang-dang-xit-cang-bong-da-100ml-d-alba-white-truffle-first-spray-serum-100ml,"Dưỡng Da Dạng Xịt Căng Bóng d'Alba White Truffle First Spray Serum 100ml",d'Alba,8809563068753,"tinh chất",in_stock,430000,540000,VND,"d’Alba White Truffle First Spray Serum là dòng tinh chất dưỡng da dạng xịt nổi tiếng của d’Alba Hàn Quốc, kết hợp giữa White Truffle Italy cao cấp và serum dưỡng ẩm chuyên sâu , giúp cấp nước tức thì, nuôi dưỡng làn da căng bóng và mang lại hiệu ứng glow khỏe chuẩn “glass skin”. Sản phẩm nổi bật với công nghệ dual-laye",https://bizweb.dktcdn.net/100/660/831/products/ban-sao-cua-frame-sp-298.png?v=1778677275513|https://bizweb.dktcdn.net/100/660/831/products/1721745506653.jpg?v=1778677319560|https://bizweb.dktcdn.net/100/660/831/products/36863bac-6393-4fca-9d99-780669caf992-1445x-webp-v-1717504337354.jpg?v=1778677362467|https://bizweb.dktcdn.net/100/660/831/products/6-1d8f5672137640a8bc512dfa21686a38.png?v=1778677451427,storage/images/tinh-chat-chiet-xuat-nam-truffle-trang-dang-xit-cang-bong-da-100ml-d-alba-white-truffle-first-spray-serum-100ml/01.png|storage/images/tinh-chat-chiet-xuat-nam-truffle-trang-dang-xit-cang-bong-da-100ml-d-alba-white-truffle-first-spray-serum-100ml/02.jpg|storage/images/tinh-chat-chiet-xuat-nam-truffle-trang-dang-xit-cang-bong-da-100ml-d-alba-white-truffle-first-spray-serum-100ml/03.jpg|storage/images/tinh-chat-chiet-xuat-nam-truffle-trang-dang-xit-cang-bong-da-100ml-d-alba-white-truffle-first-spray-serum-100ml/04.png,2026-07-12T16:42:03+00:00
https://mtd-global.com/kem-duong-da-anodin-kavakava-calming-cream,kem-duong-da-anodin-kavakava-calming-cream,"Kem dưỡng da ANODIN KAVAKAVA CALMING CREAM",ANODIN,8809954941733,"kem dưỡng",in_stock,250000,410000,VND,,https://bizweb.dktcdn.net/100/660/831/products/de-xuat-hop-tac-truyen-thong.png?v=1778996353717|https://bizweb.dktcdn.net/100/660/831/products/45-post-fb-1024x1024.jpg?v=1778996353717|https://bizweb.dktcdn.net/100/660/831/products/52-post-fb-1024x1024.png?v=1778996368500|https://bizweb.dktcdn.net/100/660/831/products/untitled-1-02-1-scaled.jpg?v=1778996391340|https://bizweb.dktcdn.net/100/660/831/products/sg-11134201-7rbne-m63f0y7cxi7f9e-resize-w1750-nl.jpg?v=1778996520327,storage/images/kem-duong-da-anodin-kavakava-calming-cream/01.png|storage/images/kem-duong-da-anodin-kavakava-calming-cream/02.jpg|storage/images/kem-duong-da-anodin-kavakava-calming-cream/03.png|storage/images/kem-duong-da-anodin-kavakava-calming-cream/04.jpg|storage/images/kem-duong-da-anodin-kavakava-calming-cream/05.jpg,2026-07-12T16:42:06+00:00
https://mtd-global.com/chai-xit-khoa-trang-diem-100ml-colorkey-airy-soft-matte-makeup-setting-spray-100ml,chai-xit-khoa-trang-diem-100ml-colorkey-airy-soft-matte-makeup-setting-spray-100ml,"Chai xịt khóa trang điểm 100ml COLORKEY AIRY SOFT MATTE MAKEUP SETTING SPRAY 100ml",COLORKEY,6977304930958,Makeup,in_stock,169000,250000,VND,"Xịt khóa nền Colorkey bản đen là dòng setting spray nổi bật của COLORKEY nội địa Trung, được yêu thích nhờ khả năng khóa lớp makeup bền màu, kiểm soát dầu và giữ nền mịn lâu trôi suốt nhiều giờ. Phiên bản “nam châm đen” sở hữu công nghệ phun sương siêu mịn cùng finish soft matte giúp lớp nền cố định đẹp hơn nhưng vẫn n",https://bizweb.dktcdn.net/100/660/831/products/ban-sao-cua-frame-sp-304.png?v=1778747062430|https://bizweb.dktcdn.net/100/660/831/products/download-14-624094fcdbf4434dab209130935331e2-1024x1024-jpeg.jpg?v=1778747138520|https://bizweb.dktcdn.net/100/660/831/products/xit-khoa-makeup-colorkey-airy-soft-matte-setting-spray-100ml-4.jpg?v=1778747367637,storage/images/chai-xit-khoa-trang-diem-100ml-colorkey-airy-soft-matte-makeup-setting-spray-100ml/01.png|storage/images/chai-xit-khoa-trang-diem-100ml-colorkey-airy-soft-matte-makeup-setting-spray-100ml/02.jpg|storage/images/chai-xit-khoa-trang-diem-100ml-colorkey-airy-soft-matte-makeup-setting-spray-100ml/03.jpg,2026-07-12T16:42:12+00:00
https://mtd-global.com/sua-rua-mat-some-by-mi-aha-bha-pha-30-days-miracle-acne-clear-foam-100ml,sua-rua-mat-some-by-mi-aha-bha-pha-30-days-miracle-acne-clear-foam-100ml,"Sữa rửa mặt Some By Mi AHA-BHA-PHA 30 Days Miracle Acne Clear Foam 100ml","SOME BY MI",8809647390091,"sữa rửa mặt",out_of_stock,250000,,VND,"Some By Mi AHA-BHA-PHA 30 Days Miracle Acne Clear Foam là dòng sữa rửa mặt nổi tiếng của SOME BY MI Hàn Quốc, được thiết kế dành riêng cho làn da dầu mụn với công thức kết hợp AHA – BHA – PHA giúp làm sạch sâu lỗ chân lông, hỗ trợ giảm mụn và kiểm soát dầu hiệu quả mà vẫn giữ da mềm ẩm, không khô căng. Sản phẩm nổi bật",https://bizweb.dktcdn.net/100/660/831/products/ban-sao-cua-frame-sp-292.png?v=1778657811237|https://bizweb.dktcdn.net/100/660/831/products/sg-11134207-7rbl3-lpj8jf26pnvw0c.jpg?v=1778657858520|https://bizweb.dktcdn.net/100/660/831/products/some-by-mi-new-copy-a8955c87eac7457592f71eb3693a6db5-1024x1024.jpg?v=1778657875640,storage/images/sua-rua-mat-some-by-mi-aha-bha-pha-30-days-miracle-acne-clear-foam-100ml/01.png|storage/images/sua-rua-mat-some-by-mi-aha-bha-pha-30-days-miracle-acne-clear-foam-100ml/02.jpg|storage/images/sua-rua-mat-some-by-mi-aha-bha-pha-30-days-miracle-acne-clear-foam-100ml/03.jpg,2026-07-12T16:42:15+00:00
https://mtd-global.com/nuoc-hoa-hong-some-by-mi-aha-bha-pha-30-days-miracle-toner-150ml,nuoc-hoa-hong-some-by-mi-aha-bha-pha-30-days-miracle-toner-150ml,"Nước hoa hồng Some By Mi AHA-BHA-PHA 30 Days Miracle Toner 150ml","SOME BY MI",8809326333661,Toner,in_stock,270000,370000,VND,"Some By Mi AHA-BHA-PHA 30 Days Miracle Toner là dòng toner đình đám của SOME BY MI Hàn Quốc, nổi bật với công thức kết hợp AHA – BHA – PHA và Tea Tree giúp làm sạch tế bào chết, hỗ trợ giảm mụn và cải thiện bề mặt da hiệu quả nhưng vẫn dịu nhẹ cho làn da nhạy cảm. Đây là sản phẩm cực kỳ được yêu thích trong routine chă",https://bizweb.dktcdn.net/100/660/831/products/ban-sao-cua-frame-sp-300.png?v=1778741220947|https://bizweb.dktcdn.net/100/660/831/products/6-df956cd0746940689962eb92dcf0ff9a.jpg?v=1778741470013|https://bizweb.dktcdn.net/100/660/831/products/vn-11134207-7ras8-m3ei9d34g791ca-e77a21d01bac4d5888a439e2d485511b.jpg?v=1778741543297|https://bizweb.dktcdn.net/100/660/831/products/2-toner-some-by-mi-aha-bha-pha-giam-mun-mo-tham-30-days-miracle-toner-jpg-v-1681285903897.jpg?v=1778741629720,storage/images/nuoc-hoa-hong-some-by-mi-aha-bha-pha-30-days-miracle-toner-150ml/01.png|storage/images/nuoc-hoa-hong-some-by-mi-aha-bha-pha-30-days-miracle-toner-150ml/02.jpg|storage/images/nuoc-hoa-hong-some-by-mi-aha-bha-pha-30-days-miracle-toner-150ml/03.jpg|storage/images/nuoc-hoa-hong-some-by-mi-aha-bha-pha-30-days-miracle-toner-150ml/04.jpg,2026-07-12T16:42:19+00:00
https://mtd-global.com/kem-duong-da-some-by-mi-aha-bha-pha-30-days-miracle-cream-60gr,kem-duong-da-some-by-mi-aha-bha-pha-30-days-miracle-cream-60gr,"Kem dưỡng da Some By Mi AHA-BHA-PHA 30 Days Miracle Cream 60gr","SOME BY MI",8809326334224,"KEM DƯỠNG",out_of_stock,320000,430000,VND,"Some By Mi AHA-BHA-PHA 30 Days Miracle Cream là dòng kem dưỡng nổi tiếng của SOME BY MI Hàn Quốc, được thiết kế dành riêng cho làn da dầu mụn với công thức kết hợp AHA – BHA – PHA cùng Tea Tree & Centella Asiatica , giúp hỗ trợ giảm mụn, làm dịu da và cải thiện texture da hiệu quả. Sản phẩm sở hữu texture gel cream mỏn",https://bizweb.dktcdn.net/100/660/831/products/ban-sao-cua-frame-sp-301.png?v=1778742027987|https://bizweb.dktcdn.net/100/660/831/products/and9gcrs3mrbvnbah-mbgnflunt3dpnixyf44g3rnv7ih2t0nq-s.jpg?v=1778742094563|https://bizweb.dktcdn.net/100/660/831/products/vn-11134207-820l4-mfjd77pj2lfw39.jpg?v=1778742156917|https://bizweb.dktcdn.net/100/660/831/products/491279044-452051217964949-6755049018620878203-n-png-v-1744889847357.png?v=1778742549903|https://bizweb.dktcdn.net/100/660/831/products/some-by-mi-kem-duong-aha-bha-pha-30-days-miracle-cream-60g-82a820c3a693487a80bc62fc1596d637-1024x1024.jpg?v=1778742641433,storage/images/kem-duong-da-some-by-mi-aha-bha-pha-30-days-miracle-cream-60gr/01.png|storage/images/kem-duong-da-some-by-mi-aha-bha-pha-30-days-miracle-cream-60gr/02.jpg|storage/images/kem-duong-da-some-by-mi-aha-bha-pha-30-days-miracle-cream-60gr/03.jpg|storage/images/kem-duong-da-some-by-mi-aha-bha-pha-30-days-miracle-cream-60gr/04.png|storage/images/kem-duong-da-some-by-mi-aha-bha-pha-30-days-miracle-cream-60gr/05.jpg,2026-07-12T16:42:24+00:00
https://mtd-global.com/mat-na-dat-set-some-by-mi-super-matcha-pore-clean-clay-mask-100g,mat-na-dat-set-some-by-mi-super-matcha-pore-clean-clay-mask-100g,"Mặt nạ đất sét SOME BY MI SUPER MATCHA PORE CLEAN CLAY MASK 100g","SOME BY MI",8809647391074,"Mặt nạ",in_stock,290000,390000,VND,"Some By Mi Super Matcha Pore Clean Clay Mask là dòng mặt nạ đất sét nổi bật của SOME BY MI Hàn Quốc, được thiết kế dành riêng cho da dầu và da có vấn đề về lỗ chân lông với công thức chứa 102,000ppm Super Matcha cùng 120,000ppm clay giúp hút bã nhờn, làm sạch sâu và hỗ trợ cải thiện tình trạng mụn đầu đen hiệu quả. Sản",https://bizweb.dktcdn.net/100/660/831/products/ban-sao-cua-frame-sp-302.png?v=1778743903113|https://bizweb.dktcdn.net/100/660/831/products/1660534850312-mat-na-dat-set-some-by-mi-100g-4-jpeg.jpg?v=1778743985140|https://bizweb.dktcdn.net/100/660/831/products/mat-na-some-by-mi-super-matcha-pore-clean-clay-mask-100g-3-1.jpg?v=1778744132510|https://bizweb.dktcdn.net/100/660/831/products/71pokk0do1l.jpg?v=1778744244677,storage/images/mat-na-dat-set-some-by-mi-super-matcha-pore-clean-clay-mask-100g/01.png|storage/images/mat-na-dat-set-some-by-mi-super-matcha-pore-clean-clay-mask-100g/02.jpg|storage/images/mat-na-dat-set-some-by-mi-super-matcha-pore-clean-clay-mask-100g/03.jpg|storage/images/mat-na-dat-set-some-by-mi-super-matcha-pore-clean-clay-mask-100g/04.jpg,2026-07-12T16:42:29+00:00
https://mtd-global.com/bang-mat-10-o-gogo-misty,bang-mat-10-o-gogo-misty,"BẢNG MẮT 10 Ô GOGO MISTY","GOGO TALES",6955416236809,Makeup,in_stock,120000,190000,VND,"Bảng mắt GOGO Misty là dòng phấn mắt nổi bật của GOGO TALES với thiết kế “mèo ngọt ngào” cực kỳ trendy cùng bảng màu dễ dùng, kết hợp giữa các tone lì, nhũ và bắt sáng giúp tạo nên nhiều layout makeup từ nhẹ nhàng đến sắc sảo. Sản phẩm sở hữu chất phấn mềm mịn, lên màu chuẩn và bám tốt, phù hợp cho cả makeup hằng ngày",https://bizweb.dktcdn.net/100/660/831/products/ban-sao-cua-frame-sp-289.png?v=1778581067410|https://bizweb.dktcdn.net/100/660/831/products/vn-11134207-7r98o-lrwuqhho69c404-resize-w900-nl.webp?v=1778581091163|https://bizweb.dktcdn.net/100/660/831/products/vn-11134207-7r98o-lrwuqhho92h03b-resize-w900-nl.webp?v=1778581142757|https://bizweb.dktcdn.net/100/660/831/products/vn-11134207-7r98o-lrwuqhho7nwkeb-resize-w900-nl.webp?v=1778581160783|https://bizweb.dktcdn.net/100/660/831/products/vn-11134207-7r98o-lrwuqhhobvlw45-resize-w900-nl.webp?v=1778581187530,storage/images/bang-mat-10-o-gogo-misty/01.png|storage/images/bang-mat-10-o-gogo-misty/02.webp|storage/images/bang-mat-10-o-gogo-misty/03.webp|storage/images/bang-mat-10-o-gogo-misty/04.webp|storage/images/bang-mat-10-o-gogo-misty/05.webp,2026-07-12T16:42:34+00:00
https://mtd-global.com/mieng-dan-some-by-mi-clear-spot-patch-18mieng-nho-goi,mieng-dan-some-by-mi-clear-spot-patch-18mieng-nho-goi,"Miếng dán SOME BY MI CLEAR SPOT PATCH 18miếng nhỏ/gói","SOME BY MI",8809647390015,"MIẾNG DÁN MỤN",in_stock,95000,130000,VND,"Some By Mi Clear Spot Patch là dòng miếng dán mụn nổi tiếng của SOME BY MI Hàn Quốc, được thiết kế với công nghệ Hydrocolloid giúp hút dịch mụn, bảo vệ nốt mụn khỏi bụi bẩn và hỗ trợ quá trình phục hồi da nhanh hơn. Với thiết kế siêu mỏng, trong suốt và bám chắc trên da, sản phẩm giúp che phủ nốt mụn tự nhiên mà vẫn gi",https://bizweb.dktcdn.net/100/660/831/products/ban-sao-cua-frame-sp-291.png?v=1778657142097|https://bizweb.dktcdn.net/100/660/831/products/1-d3b6171e3e56481c9ce8f4dc4394207c-1024x1024-jpg-v-1730394930123.png?v=1778657163237|https://bizweb.dktcdn.net/100/660/831/products/5-00311df703e641b7b949f47540e5ea01.jpg?v=1778657180240|https://bizweb.dktcdn.net/100/660/831/products/4-ab9c83ce5d354788924b4033b45fd5e8-1024x1024.jpg?v=1778657214803,storage/images/mieng-dan-some-by-mi-clear-spot-patch-18mieng-nho-goi/01.png|storage/images/mieng-dan-some-by-mi-clear-spot-patch-18mieng-nho-goi/02.png|storage/images/mieng-dan-some-by-mi-clear-spot-patch-18mieng-nho-goi/03.jpg|storage/images/mieng-dan-some-by-mi-clear-spot-patch-18mieng-nho-goi/04.jpg,2026-07-12T16:42:38+00:00
https://mtd-global.com/combo-5-mieng-mat-na-coklear-kombucha-1,combo-5-mieng-mat-na-coklear-kombucha-1,"COMBO 5 MIẾNG MẶT NẠ COKLEAR KOMBUCHA",CO'KLEAR,8809874453651,"Mặt nạ",in_stock,190000,,VND,"Mặt nạ Coklear Kombucha PDRN là dòng sheet mask phục hồi – tái tạo da nổi bật của Co & K’lear Hàn Quốc, kết hợp giữa Kombucha lên men và PDRN giúp cấp ẩm sâu, hỗ trợ phục hồi da tổn thương và cải thiện độ đàn hồi cho làn da mệt mỏi, thiếu sức sống. Sản phẩm mang đến hiệu ứng da căng bóng, mềm mịn và khỏe hơn sau khi đắ",https://bizweb.dktcdn.net/100/660/831/products/ban-sao-cua-frame-sp-293.png?v=1778658335517|https://bizweb.dktcdn.net/100/660/831/products/vn-11134207-81ztc-mm6zqf7v29kx90-resize-w900-nl.webp?v=1778658388890|https://bizweb.dktcdn.net/100/660/831/products/vn-11134207-81ztc-mm6zqfq3jqiqce-resize-w900-nl.webp?v=1778658415760|https://bizweb.dktcdn.net/100/660/831/products/z7814220547010-1b01f7572da053bb105825e641a5fdb8-1778508290039-0f67a141-8c7a-46d1-9468-fb801eae04ce.jpg?v=1778658415760|https://bizweb.dktcdn.net/100/660/831/products/z7814220569299-63a98fa91ca9969d40b310d4dc440c1d-1778508290047-fee606cd-b24d-4592-b3c6-2fdd42b65ef8.jpg?v=1778658415760|https://bizweb.dktcdn.net/100/660/831/products/z7814220576313-a2bb9db62de8dd000a85e71c82ed6ff1-1778508290065-6fe05bd5-4258-45c8-beb6-afb29b30a573.jpg?v=1778658415760,storage/images/combo-5-mieng-mat-na-coklear-kombucha-1/01.png|storage/images/combo-5-mieng-mat-na-coklear-kombucha-1/02.webp|storage/images/combo-5-mieng-mat-na-coklear-kombucha-1/03.webp|storage/images/combo-5-mieng-mat-na-coklear-kombucha-1/04.jpg|storage/images/combo-5-mieng-mat-na-coklear-kombucha-1/05.jpg|storage/images/combo-5-mieng-mat-na-coklear-kombucha-1/06.jpg,2026-07-12T16:42:44+00:00
https://mtd-global.com/her-signature-collection-01-06-thiep,her-signature-collection-01-06-thiep,"SET SON PHYTOTREE 6 CÂY (MÀU 01-06)",PHYTOTREE,PVN982,son,out_of_stock,1040000,1485000,VND,"[Phytotree] BST Her Signature Collection quà tặng son kem lì 6 màu Twenty Four Hour Velvet Tint Gửi những người phụ nữ tuyệt vời, Twenty Hour Velvet Tint Her Signature Collection không chỉ là những sắc son, mà là cách chúng tôi cùng bạn khắc họa dấu ấn cá nhân đầy kiêu hãnh. Mỗi thỏi son trong bộ sưu tập đại diện cho m",https://bizweb.dktcdn.net/100/660/831/products/vn-11134207-81ztc-mmwkb0engn4158.webp?v=1778318301200|https://bizweb.dktcdn.net/100/660/831/products/vn-11134207-81ztc-mmwky6cwabd2f3.webp?v=1778318595927|https://bizweb.dktcdn.net/100/660/831/products/vn-11134207-81ztc-mmwky6cne1vl94.webp?v=1778318615980|https://bizweb.dktcdn.net/100/660/831/products/vn-11134207-81ztc-mmwky6cw7i844d.webp?v=1778318628733|https://bizweb.dktcdn.net/100/660/831/products/vn-11134207-81ztc-mmwky6cwabd0ac.webp?v=1778318637613|https://bizweb.dktcdn.net/100/660/831/products/vn-11134207-81ztc-mmwky6cw8wsk13.webp?v=1778318648770|https://bizweb.dktcdn.net/100/660/831/products/vn-11134207-81ztc-mmwky6cwbpxi5f.webp?v=1778318661420,storage/images/her-signature-collection-01-06-thiep/01.webp|storage/images/her-signature-collection-01-06-thiep/02.webp|storage/images/her-signature-collection-01-06-thiep/03.webp|storage/images/her-signature-collection-01-06-thiep/04.webp|storage/images/her-signature-collection-01-06-thiep/05.webp|storage/images/her-signature-collection-01-06-thiep/06.webp|storage/images/her-signature-collection-01-06-thiep/07.webp,2026-07-12T16:42:50+00:00
https://mtd-global.com/combo-trang-sang-quyen-ru,combo-trang-sang-quyen-ru,"[TẶNG 1 TDC BODY] COMBO TRẮNG SÁNG QUYẾN RŨ","Phương Trần Cosmetics",PVN981,combo,out_of_stock,780000,1000000,VND,"COMBO BODY LUXURY 4 MÓN – TRẮNG SÁNG & THƠM MỊN TOÀN DIỆN Sở hữu làn da trắng sáng, mềm mịn và thơm quyến rũ mỗi ngày với Combo Body Luxury 4 Món – bộ chăm sóc body toàn diện giúp làm sạch, dưỡng sáng và nuôi dưỡng làn da khỏe đẹp ngay tại nhà. ✨ Combo bao gồm: 01 Kem dưỡng trắng da body Premium Collagen 01 Sữa tắm nướ",https://bizweb.dktcdn.net/100/660/831/products/chatgpt-image-may-8-2026-04-33-50-pm-1778233067787.png?v=1778233072930,storage/images/combo-trang-sang-quyen-ru/01.png,2026-07-12T16:42:56+00:00
https://mtd-global.com/tang-1-tdc-body-combo-body-trang-sang-toan-dien,tang-1-tdc-body-combo-body-trang-sang-toan-dien,"[TẶNG 1 TDC BODY] COMBO BODY TRẮNG SÁNG TOÀN DIỆN","Phương Trần Cosmetics",PVN980,combo,out_of_stock,699000,899000,VND,"✨ COMBO 3 MÓN BODY TRẮNG SÁNG TOÀN DIỆN ✨ Sở hữu ngay bộ chăm sóc body “must-have” giúp da trắng sáng, mềm mịn và bảo vệ toàn diện mỗi ngày. Combo gồm: 💖 Kem Body RELAB Whitening Body Lotion Giúp dưỡng sáng da, cấp ẩm, hỗ trợ làm đều màu và mang lại làn da mềm mượt tự nhiên. 🛁 Sữa Tắm Trắng SENATATURE Made White Body",https://bizweb.dktcdn.net/100/660/831/products/chatgpt-image-may-7-2026-11-47-30-am-2-1778136224807.png?v=1778136228390,storage/images/tang-1-tdc-body-combo-body-trang-sang-toan-dien/01.png,2026-07-12T16:43:00+00:00
https://mtd-global.com/kem-danh-rang-marvis-whitening-mint-85ml,kem-danh-rang-marvis-whitening-mint-85ml,"Kem đánh răng Marvis Whitening Mint 85ml",MARVIS,8004395111718,"Chăm sóc răng miệng",in_stock,200000,300000,VND,"KEM ĐÁNH RĂNG MARVIS WHITENING MINT 85ML Kem đánh răng cao cấp từ Marvis – thương hiệu chăm sóc răng miệng nổi tiếng đến từ Ý, mang đến trải nghiệm làm sạch kết hợp thẩm mỹ và cảm giác hương vị độc đáo chuẩn châu Âu. Phiên bản Whitening Mint nổi bật với khả năng làm trắng nhẹ nhàng cùng hương bạc hà the mát, giúp hơi t",https://bizweb.dktcdn.net/100/660/831/products/ban-sao-cua-frame-sp-187.png?v=1777971746177|https://bizweb.dktcdn.net/100/660/831/products/vn-11134207-820l4-mhcs6dydm51ka6.webp?v=1777971785700|https://bizweb.dktcdn.net/100/660/831/products/vn-11134207-7r98o-ln4j20zagkbc81-1699353528463-jpg-v-1704938362703.jpg?v=1778658858170,storage/images/kem-danh-rang-marvis-whitening-mint-85ml/01.png|storage/images/kem-danh-rang-marvis-whitening-mint-85ml/02.webp|storage/images/kem-danh-rang-marvis-whitening-mint-85ml/03.jpg,2026-07-12T16:43:02+00:00
https://mtd-global.com/nuoc-hoa-armaf-club-de-nuit-intense-man-10ml,nuoc-hoa-armaf-club-de-nuit-intense-man-10ml,"Nước hoa Armaf Club De Nuit Intense Man 10ml",ARMAF,6295199818473,"Nước Hoa",in_stock,189000,250000,VND,"Armaf Club De Nuit Intense Man là dòng nước hoa nam đình đám của Armaf, nổi tiếng với DNA mùi hương mạnh mẽ, lịch lãm và đầy cuốn hút. Phiên bản 10ml mini giữ nguyên tinh thần của bản fullsize, mang đến trải nghiệm hương thơm cao cấp trong thiết kế nhỏ gọn, tiện mang theo hằng ngày. Đây là kiểu mùi hương theo phong các",https://bizweb.dktcdn.net/100/660/831/products/ban-sao-cua-frame-sp-242.png?v=1778143337590|https://bizweb.dktcdn.net/100/660/831/products/nuoc-hoa-nam-armaf-club-de-nuit-intense-limited-edition-parfum-mini-10ml-69dcaae0371bb-13042026153544.jpg?v=1778143646490,storage/images/nuoc-hoa-armaf-club-de-nuit-intense-man-10ml/01.png|storage/images/nuoc-hoa-armaf-club-de-nuit-intense-man-10ml/02.jpg,2026-07-12T16:43:07+00:00
https://mtd-global.com/nuoc-hoa-armaf-club-de-nuit-woman-10ml,nuoc-hoa-armaf-club-de-nuit-woman-10ml,"Nước hoa Armaf Club De Nuit Woman",ARMAF,6295199818466,"Nước Hoa",in_stock,1200000,,VND,"Armaf Club De Nuit Woman là dòng nước hoa nữ nổi bật của Armaf, mang phong cách quyến rũ – thanh lịch – hiện đại với sự hòa quyện giữa trái cây tươi sáng, hoa trắng nữ tính và lớp hương nền ấm áp đầy cuốn hút. Phiên bản 10ml mini nhỏ gọn nhưng vẫn giữ trọn DNA sang trọng của bản fullsize, thích hợp mang theo hằng ngày",https://bizweb.dktcdn.net/100/660/831/products/ban-sao-cua-frame-sp-243.png?v=1778143866897|https://bizweb.dktcdn.net/100/660/831/products/nuoc-hoa-nu-armaf-club-de-nuit-woman-mini-edp-10ml-69dc4b50422b4-13042026084800.jpg?v=1778143918563,storage/images/nuoc-hoa-armaf-club-de-nuit-woman-10ml/01.png|storage/images/nuoc-hoa-armaf-club-de-nuit-woman-10ml/02.jpg,2026-07-12T16:43:11+00:00
https://mtd-global.com/nuoc-hoa-armaf-club-de-nuit-urban-man-elixir-10ml,nuoc-hoa-armaf-club-de-nuit-urban-man-elixir-10ml,"Nước hoa Armaf Club De Nuit Urban Man Elixir 10ml",ARMAF,6295199818503,"Nước Hoa",in_stock,199000,260000,VND,"Armaf Club De Nuit Urban Man Elixir là dòng nước hoa nam nổi bật của Armaf, mang phong cách hiện đại – mạnh mẽ – đầy năng lượng với sự kết hợp giữa citrus tươi mát, hương gia vị nam tính và lớp nền gỗ khói đầy chiều sâu. Phiên bản 10ml mini giữ trọn DNA cuốn hút của bản fullsize trong thiết kế nhỏ gọn, tiện mang theo h",https://bizweb.dktcdn.net/100/660/831/products/ban-sao-cua-frame-sp-244.png?v=1778144375100|https://bizweb.dktcdn.net/100/660/831/products/nuoc-hoa-nam-armaf-club-de-nuit-urban-man-elixir-edp-10ml-69ddb0472d5b3-14042026101103.jpg?v=1778144438873,storage/images/nuoc-hoa-armaf-club-de-nuit-urban-man-elixir-10ml/01.png|storage/images/nuoc-hoa-armaf-club-de-nuit-urban-man-elixir-10ml/02.jpg,2026-07-12T16:43:18+00:00
https://mtd-global.com/nuoc-hoa-armaf-originals-space-age-edp-10ml,nuoc-hoa-armaf-originals-space-age-edp-10ml,"Nước hoa Armaf originals Space Age EDP 10ml",ARMAF,6295199818626,"Nước Hoa",out_of_stock,199000,260000,VND,"Armaf Originals Space Age EDP là dòng nước hoa unisex mang tinh thần tương lai – tự do – hiện đại , kết hợp giữa trái cây mọng nước, hoa cỏ thanh lịch và lớp nền xạ hương ấm áp đầy chiều sâu. Phiên bản 10ml mini nhỏ gọn nhưng vẫn giữ trọn DNA của bản fullsize, phù hợp mang theo hằng ngày hoặc du lịch. Đây là kiểu mùi h",https://bizweb.dktcdn.net/100/660/831/products/ban-sao-cua-frame-sp-245.png?v=1778144792623|https://bizweb.dktcdn.net/100/660/831/products/nuoc-hoa-mini-unisex-armaf-space-age-edp-10ml-69dda41b942ce-14042026091907.jpg?v=1778144837817,storage/images/nuoc-hoa-armaf-originals-space-age-edp-10ml/01.png|storage/images/nuoc-hoa-armaf-originals-space-age-edp-10ml/02.jpg,2026-07-12T16:43:22+00:00
https://mtd-global.com/nuoc-hoa-armaf-le-parfait-pour-femme-opus-eau-de-parfum-100ml,nuoc-hoa-armaf-le-parfait-pour-femme-opus-eau-de-parfum-100ml,"Nước hoa ARMAF LE PARFAIT POUR FEMME OPUS EAU DE PARFUM",ARMAF,6295199803349,"Nước Hoa",in_stock,900000,1200000,VND,"Armaf Le Parfait Pour Femme Opus là dòng nước hoa nữ mang phong cách thanh lịch – hiện đại – quyến rũ , kết hợp giữa trái cây mọng nước, hoa trắng nữ tính và lớp nền xạ hương ấm áp đầy cuốn hút. Đây là kiểu mùi hương hướng đến hình ảnh người phụ nữ trưởng thành, tinh tế nhưng vẫn mềm mại và dễ tạo dấu ấn. Chai 100ml ph",https://bizweb.dktcdn.net/100/660/831/products/ban-sao-cua-frame-sp-246.png?v=1778145145607|https://bizweb.dktcdn.net/100/660/831/products/armaf-le-parfait-opus-pour-femme-edp-02.png?v=1778145207137,storage/images/nuoc-hoa-armaf-le-parfait-pour-femme-opus-eau-de-parfum-100ml/01.png|storage/images/nuoc-hoa-armaf-le-parfait-pour-femme-opus-eau-de-parfum-100ml/02.png,2026-07-12T16:43:25+00:00
https://mtd-global.com/nuoc-hoa-armaf-delights-yum-yum-100ml,nuoc-hoa-armaf-delights-yum-yum-100ml,"Nước hoa Armaf Delights Yum Yum 100ml",ARMAF,6295199800959,"Nước Hoa",in_stock,1300000,1500000,VND,"Armaf Delights Yum Yum là dòng nước hoa nữ mới nổi bật của Armaf, mang phong cách sweet gourmand hiện đại với sự hòa quyện giữa trái cây mọng nước, vanilla kem ngọt và lớp xạ hương mềm mại đầy gây nghiện. Ra mắt năm 2024, Yum Yum nhanh chóng gây chú ý nhờ vibe “kẹo ngọt sang chảnh” – vừa playful, nữ tính nhưng vẫn có c",https://bizweb.dktcdn.net/100/660/831/products/ban-sao-cua-frame-sp-247.png?v=1778146326130|https://bizweb.dktcdn.net/100/660/831/products/armaf-yum-yum-edp-02-300x300.png?v=1778146481163,storage/images/nuoc-hoa-armaf-delights-yum-yum-100ml/01.png|storage/images/nuoc-hoa-armaf-delights-yum-yum-100ml/02.png,2026-07-12T16:43:28+00:00
https://mtd-global.com/son-kem-li-bbia-last-velvet-lip-tint,son-kem-li-bbia-last-velvet-lip-tint,"Son kem lì BBIA Last Velvet Lip Tint",BBIA,8809213805172,son,in_stock,160000,,VND,"Son kem lì BBIA Last Velvet Lip Tint Thương hiệu & Xuất xứ Thương hiệu: BBIA Xuất xứ thương hiệu: Hàn Quốc Sản xuất tại: Hàn Quốc Mô tả sản phẩm BBIA 13 sở hữu tone cam hồng đất (nâu cam pha hồng) – sắc son tự nhiên, dễ dùng và phù hợp nhiều tone da châu Á. Màu son có sự cân bằng giữa nét ấm áp và nhẹ nhàng, giúp gương",https://bizweb.dktcdn.net/100/660/831/products/218.png?v=1777636896647|https://bizweb.dktcdn.net/100/660/831/products/bbia-01.png?v=1777733093827|https://bizweb.dktcdn.net/100/660/831/products/bbia03.png?v=1777733815977|https://bizweb.dktcdn.net/100/660/831/products/bbia04.png?v=1777733817280|https://bizweb.dktcdn.net/100/660/831/products/bbia12.png?v=1777733818610|https://bizweb.dktcdn.net/100/660/831/products/bbia15.png?v=1777733819887|https://bizweb.dktcdn.net/100/660/831/products/bbia17.png?v=1777733821260|https://bizweb.dktcdn.net/100/660/831/products/bbia23.png?v=1777733822660|https://bizweb.dktcdn.net/100/660/831/products/bbia25.png?v=1777733824053,storage/images/son-kem-li-bbia-last-velvet-lip-tint/01.png|storage/images/son-kem-li-bbia-last-velvet-lip-tint/02.png|storage/images/son-kem-li-bbia-last-velvet-lip-tint/03.png|storage/images/son-kem-li-bbia-last-velvet-lip-tint/04.png|storage/images/son-kem-li-bbia-last-velvet-lip-tint/05.png|||storage/images/son-kem-li-bbia-last-velvet-lip-tint/08.png|storage/images/son-kem-li-bbia-last-velvet-lip-tint/09.png,2026-07-12T16:43:31+00:00
https://mtd-global.com/lan-khu-mui-club-de-nuit-intense-man-nam,lan-khu-mui-club-de-nuit-intense-man-nam,"Lăn Khử Mùi Armaf Club De Nuit Intense Man 75g",ARMAF,6294015132915,"Lăn khử mùi",in_stock,320000,450000,VND,"LĂN KHỬ MÙI ARMAF CLUB DE NUIT INTENSE MAN 75G Armaf Club De Nuit Intense Man Deodorant Stick 75g Lăn khử mùi cao cấp từ Armaf – thương hiệu nước hoa nổi tiếng Trung Đông, mang đến sự kết hợp hoàn hảo giữa khử mùi hiệu quả và hương thơm nam tính sang trọng lấy cảm hứng từ dòng nước hoa đình đám cùng tên. Không chỉ là s",https://bizweb.dktcdn.net/100/660/831/products/ban-sao-cua-frame-sp-189.png?v=1777972838897|https://bizweb.dktcdn.net/100/660/831/products/vn-11134207-7qukw-ljgekqx0wn4c81.jpg?v=1777972874673|https://bizweb.dktcdn.net/100/660/831/products/image-1777300874084.png?v=1777972874673,storage/images/lan-khu-mui-club-de-nuit-intense-man-nam/01.png|storage/images/lan-khu-mui-club-de-nuit-intense-man-nam/02.jpg|storage/images/lan-khu-mui-club-de-nuit-intense-man-nam/03.png,2026-07-12T16:43:41+00:00
https://mtd-global.com/lan-khu-mui-club-de-nuit-women-nu,lan-khu-mui-club-de-nuit-women-nu,"Lăn Khử Mùi Armaf Club De Nuit Woman 75g",ARMAF,6294015132922,"Lăn khử mùi",in_stock,320000,450000,VND,"Lăn khử mùi cao cấp từ Armaf – thương hiệu nước hoa Trung Đông nổi tiếng, mang đến sự kết hợp giữa khử mùi hiệu quả và hương thơm nữ tính, sang trọng lấy cảm hứng từ dòng nước hoa Club De Nuit đình đám. Không chỉ giúp kiểm soát mùi cơ thể, sản phẩm còn đóng vai trò như một lớp body fragrance nhẹ , giúp bạn luôn tự tin",https://bizweb.dktcdn.net/100/660/831/products/ban-sao-cua-frame-sp-190.png?v=1777975230667|https://bizweb.dktcdn.net/100/660/831/products/image-1777300823799.png?v=1777975230667|https://bizweb.dktcdn.net/100/660/831/products/woman.jpg?v=1777975273020,storage/images/lan-khu-mui-club-de-nuit-women-nu/01.png|storage/images/lan-khu-mui-club-de-nuit-women-nu/02.png|storage/images/lan-khu-mui-club-de-nuit-women-nu/03.jpg,2026-07-12T16:43:44+00:00
https://mtd-global.com/son-kem-li-phytotree-twenty-four-hour-velvet-tint-07,son-kem-li-phytotree-twenty-four-hour-velvet-tint-07,"Son môi PHYTOTREE TWENTY FOUR HOUR VELVET TINT",PHYTOTREE,8809672340009,son,in_stock,190000,,VND,,https://bizweb.dktcdn.net/100/660/831/products/ban-sao-cua-frame-sp.png?v=1777734761860|https://bizweb.dktcdn.net/100/660/831/products/z7960258926369-9bde25dfaad54aa04dc69a39a14dc02a.jpg?v=1782031593367,storage/images/son-kem-li-phytotree-twenty-four-hour-velvet-tint-07/01.png|storage/images/son-kem-li-phytotree-twenty-four-hour-velvet-tint-07/02.jpg,2026-07-12T16:43:47+00:00
https://mtd-global.com/son-tint-li-colorkey-soft-matte-water-tint,son-tint-li-colorkey-soft-matte-water-tint,"SON TINT LÌ COLORKEY SOFT MATTE WATER TINT #P307",COLORKEY,6977304934604,son,in_stock,189000,,VND,"Thương hiệu Colorkey là thương hiệu mỹ phẩm nội địa Trung Quốc (C-beauty), nổi tiếng với các dòng son tint và son kem lì có chất son mỏng nhẹ, bảng màu trendy . Xuất xứ: NỘI ĐỊA TRUNG Sản phẩm được sản xuất theo tiêu chuẩn Colorkey và phân phối rộng rãi tại nhiều thị trường châu Á. Tên sản phẩm Colorkey Soft Matte Wate",https://bizweb.dktcdn.net/100/660/831/products/28.png?v=1777127669623|https://bizweb.dktcdn.net/100/660/831/products/bbeec994-4e48-45d5-9588-6a905fc15ede-49fb6c01-ab23-4b95-a31d-58831286c3b0.jpg?v=1777127669623|https://bizweb.dktcdn.net/100/660/831/products/aea61312-4226-4cd7-a9ed-7ca8560691be.jpg?v=1777127669623,storage/images/son-tint-li-colorkey-soft-matte-water-tint/01.png|storage/images/son-tint-li-colorkey-soft-matte-water-tint/02.jpg|storage/images/son-tint-li-colorkey-soft-matte-water-tint/03.jpg,2026-07-12T16:43:50+00:00
https://mtd-global.com/wh-gjh-clarifying-cleansing-oil-50ml-dau-tay-trang-the-whoo-50ml,wh-gjh-clarifying-cleansing-oil-50ml-dau-tay-trang-the-whoo-50ml,"Dầu Tẩy Trang The Whoo Gjh Clarifying Cleansing Oil 50ml [ Dầu Tẩy Trang The Whoo 50ml ] - 51107016","THE HISTORY OF WHOO",8809949491328,"Tẩy trang",in_stock,230000,330000,VND,"WH GJH Clarifying Cleansing Oil 50ml (Dầu tẩy trang The History of Whoo – dòng Gongjinhyang) Dầu tẩy trang cao cấp từ The History of Whoo mang cảm hứng cung đình, kết hợp thảo mộc Đông y hoàng gia cùng công nghệ hiện đại, giúp làm sạch sâu nhưng vẫn duy trì độ ẩm và sự cân bằng tự nhiên của làn da. Với kết cấu dầu mượt",https://bizweb.dktcdn.net/100/660/831/products/ban-sao-cua-frame-sp-179.png?v=1777965597717|https://bizweb.dktcdn.net/100/660/831/products/vn-11134207-7ras8-mdh9d41lf0rw2f.webp?v=1777965694077|https://bizweb.dktcdn.net/100/660/831/products/253dae85-5a6f-4316-9549-06891efbe877-2e3c5a4373d442e081fc33de2f6fb706-grande.jpg?v=1778660740467|https://bizweb.dktcdn.net/100/660/831/products/45d17152-d61f-4fe9-91fd-3af2abc9167b.jpg?v=1778660740467|https://bizweb.dktcdn.net/100/660/831/products/ed3d1116-48c5-4d32-a623-dab38d5b24ba.jpg?v=1778660740467,storage/images/wh-gjh-clarifying-cleansing-oil-50ml-dau-tay-trang-the-whoo-50ml/01.png|storage/images/wh-gjh-clarifying-cleansing-oil-50ml-dau-tay-trang-the-whoo-50ml/02.webp|storage/images/wh-gjh-clarifying-cleansing-oil-50ml-dau-tay-trang-the-whoo-50ml/03.jpg|storage/images/wh-gjh-clarifying-cleansing-oil-50ml-dau-tay-trang-the-whoo-50ml/04.jpg|storage/images/wh-gjh-clarifying-cleansing-oil-50ml-dau-tay-trang-the-whoo-50ml/05.jpg,2026-07-12T16:43:54+00:00
https://mtd-global.com/set-serum-bichup-whoo-bichup-ultimate-recovery-youth-serum-set-51107994-set-hoa-van-co-khan-set-serum-bichup-7-mon-2-serum-50ml-20ml-4mini-size-1,set-serum-bichup-whoo-bichup-ultimate-recovery-youth-serum-set-51107994-set-hoa-van-co-khan-set-serum-bichup-7-mon-2-serum-50ml-20ml-4mini-size-1,"Set Serum Bichup Whoo Bichup Ultimate Recovery Youth Serum Set - 51107994 Set Hoa Văn có khăn [Set Serum Bichup 7 Món / 2 serum 50ml+20ml + 4Mini size + 1Khăn]","THE HISTORY OF WHOO",8800335735019,combo,in_stock,2700000,2900000,VND,"The Whoo Bichup Ultimate Recovery Youth Serum Set là bộ dưỡng cao cấp nổi bật của The History Of Whoo , ứng dụng công nghệ Đông y Hoàng cung Hàn Quốc kết hợp các thành phần tái sinh da hiện đại giúp phục hồi, nuôi dưỡng và cải thiện dấu hiệu lão hóa chuyên sâu. Phiên bản Set Hoa Văn Có Khăn sở hữu thiết kế sang trọng c",https://bizweb.dktcdn.net/100/660/831/products/ban-sao-cua-frame-sp-294.png?v=1778659357217|https://bizweb.dktcdn.net/100/660/831/products/d6dcf2e4-70ba-4522-840e-ae7335491f76.jpg?v=1778659357217,storage/images/set-serum-bichup-whoo-bichup-ultimate-recovery-youth-serum-set-51107994-set-hoa-van-co-khan-set-serum-bichup-7-mon-2-ser/01.png|storage/images/set-serum-bichup-whoo-bichup-ultimate-recovery-youth-serum-set-51107994-set-hoa-van-co-khan-set-serum-bichup-7-mon-2-ser/02.jpg,2026-07-12T16:43:58+00:00
https://mtd-global.com/the-whoo-sua-rua-mat-clarifying-cleansing-foam-180ml-51107010-51107787-tuyp-sua-rua-mat-mau-vang-nhat,the-whoo-sua-rua-mat-clarifying-cleansing-foam-180ml-51107010-51107787-tuyp-sua-rua-mat-mau-vang-nhat,"THE WHOO Sữa Rửa Mặt CLARIFYING CLEANSING FOAM 180ML - 51107010 / 51107787 [Tuýp Sữa Rửa Mặt Màu Vàng Nhạt]","THE HISTORY OF WHOO",8809949538610,"sữa rửa mặt",in_stock,590000,690000,VND,"MÔ TẢ THE WHOO CLARIFYING CLEANSING FOAM 180ML (Sữa rửa mặt The History of Whoo – dòng Gongjinhyang) Sữa rửa mặt cao cấp từ The History of Whoo tái hiện bí quyết làm sạch hoàng cung, kết hợp tinh hoa thảo dược Đông y và công nghệ làm sạch hiện đại, giúp loại bỏ tạp chất sâu trong lỗ chân lông mà vẫn duy trì độ ẩm tự nh",https://bizweb.dktcdn.net/100/660/831/products/ban-sao-cua-frame-sp-181.png?v=1777966374913|https://bizweb.dktcdn.net/100/660/831/products/b5313dc6d70d354a02a42d2f2010c658-jpg.webp?v=1777966413393|https://bizweb.dktcdn.net/100/660/831/products/screen-shot-2025-10-16-at-17-13-20-d70d1be04d7e412da2dc88ff089298fd-grande.png?v=1778660446907|https://bizweb.dktcdn.net/100/660/831/products/and9gct6tj5e25kmtxnomsfbqgx-2k3row9eb0588q-s.jpg?v=1778660527700|https://bizweb.dktcdn.net/100/660/831/products/a3c05462-9392-44ae-8c15-922f591cb2b9.jpg?v=1778660527700|https://bizweb.dktcdn.net/100/660/831/products/e7e7ba07-e7aa-43b9-9fe1-028f71520afa.jpg?v=1778660527700,storage/images/the-whoo-sua-rua-mat-clarifying-cleansing-foam-180ml-51107010-51107787-tuyp-sua-rua-mat-mau-vang-nhat/01.png|storage/images/the-whoo-sua-rua-mat-clarifying-cleansing-foam-180ml-51107010-51107787-tuyp-sua-rua-mat-mau-vang-nhat/02.webp|storage/images/the-whoo-sua-rua-mat-clarifying-cleansing-foam-180ml-51107010-51107787-tuyp-sua-rua-mat-mau-vang-nhat/03.png|storage/images/the-whoo-sua-rua-mat-clarifying-cleansing-foam-180ml-51107010-51107787-tuyp-sua-rua-mat-mau-vang-nhat/04.jpg|storage/images/the-whoo-sua-rua-mat-clarifying-cleansing-foam-180ml-51107010-51107787-tuyp-sua-rua-mat-mau-vang-nhat/05.jpg|storage/images/the-whoo-sua-rua-mat-clarifying-cleansing-foam-180ml-51107010-51107787-tuyp-sua-rua-mat-mau-vang-nhat/06.jpg,2026-07-12T16:44:03+00:00
https://mtd-global.com/the-whoo-dau-tay-trang-clarifying-cleansing-oil-200ml-51107014-chai-dau-tay-trang-vang,the-whoo-dau-tay-trang-clarifying-cleansing-oil-200ml-51107014-chai-dau-tay-trang-vang,"The Whoo Dầu Tẩy Trang CLARIFYING CLEANSING OIL 200ML - 51107014 [ Chai Dầu Tẩy Trang Vàng]","THE HISTORY OF WHOO",8809949491311,"kem dưỡng",out_of_stock,800000,900000,VND,"MÔ TẢ WH GJH Clarifying Cleansing Oil 200 ML (Dầu tẩy trang The History of Whoo – dòng Gongjinhyang) Dầu tẩy trang cao cấp từ The History of Whoo mang cảm hứng cung đình, kết hợp thảo mộc Đông y hoàng gia cùng công nghệ hiện đại, giúp làm sạch sâu nhưng vẫn duy trì độ ẩm và sự cân bằng tự nhiên của làn da. Với kết cấu",https://bizweb.dktcdn.net/100/660/831/products/ban-sao-cua-frame-sp-180.png?v=1777966030223|https://bizweb.dktcdn.net/100/660/831/products/vn-11134207-7ras8-mdh9d41lf0rw2f-981ae171-0c37-4334-95a2-584674afd6b5.webp?v=1777966081007|https://bizweb.dktcdn.net/100/660/831/products/vn-11134207-7ras8-mdh9d3znf1ykad.webp?v=1777966109437|https://bizweb.dktcdn.net/100/660/831/products/253dae85-5a6f-4316-9549-06891efbe877-2e3c5a4373d442e081fc33de2f6fb706-grande-4cd14f01-8c6a-4cbe-8310-f2e1601af5b3.jpg?v=1778660779293,storage/images/the-whoo-dau-tay-trang-clarifying-cleansing-oil-200ml-51107014-chai-dau-tay-trang-vang/01.png|storage/images/the-whoo-dau-tay-trang-clarifying-cleansing-oil-200ml-51107014-chai-dau-tay-trang-vang/02.webp|storage/images/the-whoo-dau-tay-trang-clarifying-cleansing-oil-200ml-51107014-chai-dau-tay-trang-vang/03.webp|storage/images/the-whoo-dau-tay-trang-clarifying-cleansing-oil-200ml-51107014-chai-dau-tay-trang-vang/04.jpg,2026-07-12T16:44:09+00:00
https://mtd-global.com/belif-gel-duong-am-the-true-cream-aqua-bomb-50ml-52102185-gel-duong-belif-hu-xanh-nhat,belif-gel-duong-am-the-true-cream-aqua-bomb-50ml-52102185-gel-duong-belif-hu-xanh-nhat,"BELIF Gel Dưỡng Ẩm The True Cream Aqua Bomb 50ML / 52102185 [Gel Dưỡng Belif Hũ Xanh Nhạt]",BELIF,8801051087727,"KEM DƯỠNG",in_stock,900000,1000000,VND,"Belif The True Cream Aqua Bomb 50ml là gel dưỡng ẩm nổi tiếng, cấp nước tức thì, làm dịu và phục hồi da, mang lại cảm giác mỏng nhẹ, mát lạnh . Sản phẩm chứa thảo dược Ladys Mantle, đặc biệt phù hợp cho da dầu, hỗn hợp thiên dầu và da thiếu nước. Kem giúp se khít lỗ chân lông, chống lão hóa và tăng độ đàn hồi. Xuất xứ",https://bizweb.dktcdn.net/100/660/831/products/ban-sao-cua-frame-sp-178.png?v=1777965045723|https://bizweb.dktcdn.net/100/660/831/products/vn-11134207-7ra0g-m6be4d6m95iu05.jpg?v=1777965073000|https://bizweb.dktcdn.net/100/660/831/products/5-845e5a4a6ef545cfb6c62d86c871e632-master.png?v=1778660907367|https://bizweb.dktcdn.net/100/660/831/products/vn-11134207-7ra0g-m6be4d6m7r6f36.jpg?v=1778660955667|https://bizweb.dktcdn.net/100/660/831/products/sa1492dbb619e4ef1bf0c21f91a1d80d3s-jpg-960x960q80-jpg.webp?v=1778660961533|https://bizweb.dktcdn.net/100/660/831/products/dadaca96-5e38-4d4f-b7c4-1dccd1fd821e.jpg?v=1778660961533|https://bizweb.dktcdn.net/100/660/831/products/9e959a2b-2fa1-437c-8ad8-78738e42f776.jpg?v=1778660961533,storage/images/belif-gel-duong-am-the-true-cream-aqua-bomb-50ml-52102185-gel-duong-belif-hu-xanh-nhat/01.png|storage/images/belif-gel-duong-am-the-true-cream-aqua-bomb-50ml-52102185-gel-duong-belif-hu-xanh-nhat/02.jpg|storage/images/belif-gel-duong-am-the-true-cream-aqua-bomb-50ml-52102185-gel-duong-belif-hu-xanh-nhat/03.png|storage/images/belif-gel-duong-am-the-true-cream-aqua-bomb-50ml-52102185-gel-duong-belif-hu-xanh-nhat/04.jpg|storage/images/belif-gel-duong-am-the-true-cream-aqua-bomb-50ml-52102185-gel-duong-belif-hu-xanh-nhat/05.webp|storage/images/belif-gel-duong-am-the-true-cream-aqua-bomb-50ml-52102185-gel-duong-belif-hu-xanh-nhat/06.jpg|storage/images/belif-gel-duong-am-the-true-cream-aqua-bomb-50ml-52102185-gel-duong-belif-hu-xanh-nhat/07.jpg,2026-07-12T16:44:14+00:00
https://mtd-global.com/belif-sk-multi-vitamin-mask-75-ml-52101802-52102674-mat-na-ngu-belif-vitamin-mask-75ml-vang,belif-sk-multi-vitamin-mask-75-ml-52101802-52102674-mat-na-ngu-belif-vitamin-mask-75ml-vang,"BELIF SK-MULTI VITAMIN MASK 75 ml - 52101802/ 52102674 [ Mặt nạ ngủ Belif Vitamin mask 75ml ] VÀNG",BELIF,8809949538719,"Mặt nạ",in_stock,690000,890000,VND,"Mặt nạ ngủ Belif là dòng sản phẩm chăm sóc da ban đêm nổi tiếng từ Hàn Quốc, tập trung vào khả năng cấp ẩm sâu và phục hồi da. Thương hiệu này hiện có 3 dòng mặt nạ ngủ chính với các công dụng chuyên biệt: Belif Super Knights Multi Vitamin Mask (Hũ Vàng) : Đây là dòng bán chạy nhất (viral), chứa phức hợp Multi Vitamin",https://bizweb.dktcdn.net/100/660/831/products/284.png?v=1777376127997|https://bizweb.dktcdn.net/100/660/831/products/vn-11134207-7ras8-m267lm3mykz87e-resize-w900-nl.webp?v=1777376127997|https://bizweb.dktcdn.net/100/660/831/products/vn-11134207-7ras8-m267lm3mzzjoc7-resize-w900-nl.webp?v=1777376146940|https://bizweb.dktcdn.net/100/660/831/products/mat-na-ngu-belif-super-knights-multi-vitamin-mask-3-9133018e199b4224a82c3d882f83f5e5.jpg?v=1778661122763,storage/images/belif-sk-multi-vitamin-mask-75-ml-52101802-52102674-mat-na-ngu-belif-vitamin-mask-75ml-vang/01.png|storage/images/belif-sk-multi-vitamin-mask-75-ml-52101802-52102674-mat-na-ngu-belif-vitamin-mask-75ml-vang/02.webp|storage/images/belif-sk-multi-vitamin-mask-75-ml-52101802-52102674-mat-na-ngu-belif-vitamin-mask-75ml-vang/03.webp|storage/images/belif-sk-multi-vitamin-mask-75-ml-52101802-52102674-mat-na-ngu-belif-vitamin-mask-75ml-vang/04.jpg,2026-07-12T16:44:25+00:00
https://mtd-global.com/cnp-propolis-lipcerin-duong-moi-cnp-15ml-keo-ong-hu-lon-vang,cnp-propolis-lipcerin-duong-moi-cnp-15ml-keo-ong-hu-lon-vang,"CNP PROPOLIS LIPCERIN [ DƯỠNG MÔI CNP 15ML KEO ONG ] HŨ LỚN VÀNG","CNP LABORATORY",8801051288483,son,out_of_stock,390000,490000,VND,"🍯 MÔ TẢ CNP PROPOLIS LIPCERIN 15ML (Dưỡng môi keo ong CNP Laboratory) Dưỡng môi cao cấp từ CNP Laboratory – thương hiệu dược mỹ phẩm Hàn Quốc, kết hợp tinh chất keo ong (Propolis) và mật ong Manuka giúp nuôi dưỡng đôi môi khô ráp trở nên mềm mịn, căng mọng và đầy sức sống. Với kết cấu dạng lipcerin đặc – tan chảy theo",https://bizweb.dktcdn.net/100/660/831/products/ban-sao-cua-frame-sp-182.png?v=1777968335290|https://bizweb.dktcdn.net/100/660/831/products/vn-11134207-820l4-mhbsqc6clma604.webp?v=1778661314403|https://bizweb.dktcdn.net/100/660/831/products/vn-11134207-820l4-mhbsqc67sufg32.webp?v=1778661317367|https://bizweb.dktcdn.net/100/660/831/products/vn-11134207-820l4-mhbsqc6aosgd7d.webp?v=1778661318573,storage/images/cnp-propolis-lipcerin-duong-moi-cnp-15ml-keo-ong-hu-lon-vang/01.png|storage/images/cnp-propolis-lipcerin-duong-moi-cnp-15ml-keo-ong-hu-lon-vang/02.webp|storage/images/cnp-propolis-lipcerin-duong-moi-cnp-15ml-keo-ong-hu-lon-vang/03.webp|storage/images/cnp-propolis-lipcerin-duong-moi-cnp-15ml-keo-ong-hu-lon-vang/04.webp,2026-07-12T16:44:29+00:00
https://mtd-global.com/cnp-propolis-energy-active-amuple-35ml-tinh-chat-phuc-hoi-keo-ong-cnp-propolis-35ml-chai-lon-bac,cnp-propolis-energy-active-amuple-35ml-tinh-chat-phuc-hoi-keo-ong-cnp-propolis-35ml-chai-lon-bac,"CNP PROPOLIS ENERGY ACTIVE AMUPLE 35ML [Tinh chất phục hồi keo ong CNP Propolis #35ml chai lớn ] BẠC","CNP LABORATORY",8801051254556,"tinh chất",in_stock,650000,750000,VND,"CNP PROPOLIS ENERGY ACTIVE AMPULE 35ML (Tinh chất phục hồi keo ong CNP – bản 35ml cao cấp) Tinh chất phục hồi cao cấp từ CNP Laboratory – thương hiệu dược mỹ phẩm nổi tiếng Hàn Quốc, ứng dụng sức mạnh của keo ong đậm đặc kết hợp cùng phức hợp dưỡng chất phục hồi chuyên sâu, giúp tái sinh làn da mệt mỏi, xỉn màu trở nên",https://bizweb.dktcdn.net/100/660/831/products/ban-sao-cua-frame-sp-183.png?v=1777969017397|https://bizweb.dktcdn.net/100/660/831/products/309-e5c55c7e-b23f-4539-ba38-c1186e49c015-png-v-1754736350543.png?v=1777969032683|https://bizweb.dktcdn.net/100/660/831/products/vn-11134207-7r98o-lzw1ohnxvjq9b1.jpg?v=1778661540250|https://bizweb.dktcdn.net/100/660/831/products/3-d8a62a0dfb6548a6a6013212e4e6161b.png?v=1778661617040,storage/images/cnp-propolis-energy-active-amuple-35ml-tinh-chat-phuc-hoi-keo-ong-cnp-propolis-35ml-chai-lon-bac/01.png|storage/images/cnp-propolis-energy-active-amuple-35ml-tinh-chat-phuc-hoi-keo-ong-cnp-propolis-35ml-chai-lon-bac/02.png|storage/images/cnp-propolis-energy-active-amuple-35ml-tinh-chat-phuc-hoi-keo-ong-cnp-propolis-35ml-chai-lon-bac/03.jpg|storage/images/cnp-propolis-energy-active-amuple-35ml-tinh-chat-phuc-hoi-keo-ong-cnp-propolis-35ml-chai-lon-bac/04.png,2026-07-12T16:44:33+00:00
https://mtd-global.com/cnp-propolis-ampul-essence-tinh-chat-keo-ong-cnp-propolis-treatment-chai-lon-150ml-chai-cao,cnp-propolis-ampul-essence-tinh-chat-keo-ong-cnp-propolis-treatment-chai-lon-150ml-chai-cao,"CNP PROPOLIS AMPUL ESSENCE [ Tinh chất keo ong CNP Propolis treatment chai lớn 150ml -CHAI CAO ]","CNP LABORATORY",8801051460285,"tinh chất",in_stock,700000,800000,VND,"Tinh chất cân bằng da từ CNP Laboratory được phát triển bởi đội ngũ bác sĩ da liễu, nổi bật với công thức keo ong đậm đặc giúp “khởi động” làn da ngay sau bước làm sạch. Không chỉ là toner thông thường, sản phẩm hoạt động như tiền essence – giúp cấp ẩm sâu, phục hồi và tăng khả năng hấp thụ dưỡng chất ở các bước skinca",https://bizweb.dktcdn.net/100/660/831/products/ban-sao-cua-frame-sp-184.png?v=1777969428467|https://bizweb.dktcdn.net/100/660/831/products/vn-11134207-7r98o-lysv725c8yw11c.webp?v=1777969485517|https://bizweb.dktcdn.net/100/660/831/products/z4727605410874-9b665756fcae35b2d0b0db00aff6115c.jpg?v=1778662124963|https://bizweb.dktcdn.net/100/660/831/products/5-d9330ad2-20dc-41f1-a14f-66ebb06281e9-jpg-v-1746692302303.jpg?v=1778662341343,|storage/images/cnp-propolis-ampul-essence-tinh-chat-keo-ong-cnp-propolis-treatment-chai-lon-150ml-chai-cao/02.webp|storage/images/cnp-propolis-ampul-essence-tinh-chat-keo-ong-cnp-propolis-treatment-chai-lon-150ml-chai-cao/03.jpg|storage/images/cnp-propolis-ampul-essence-tinh-chat-keo-ong-cnp-propolis-treatment-chai-lon-150ml-chai-cao/04.jpg,2026-07-12T16:44:39+00:00
https://mtd-global.com/tinh-chat-duong-da-skin1004-madagascar-centella-ampoule-55ml,tinh-chat-duong-da-skin1004-madagascar-centella-ampoule-55ml,"Tinh chất dưỡng da Skin1004 Madagascar Centella Ampoule 55ml","SKIN 1004",8809576260601,"tinh chất",in_stock,250000,350000,VND,"Tinh chất rau má Skin1004 Madagascar Centella Ampoule 55ml (Hàn Quốc) là sản phẩm phục hồi da mụn nhạy cảm nổi tiếng, chứa 100% chiết xuất rau má Madagascar . Sản phẩm giúp làm dịu tức thì, giảm sưng viêm, mờ thâm, cấp ẩm và củng cố hàng rào bảo vệ da. Kết cấu lỏng nhẹ, thẩm thấu nhanh, phù hợp cho da dầu mụn. Đặc điểm",https://bizweb.dktcdn.net/100/660/831/products/149.png?v=1777124468780|https://bizweb.dktcdn.net/100/660/831/products/vn-11134207-7qukw-lf0ynx3hzxhz01-resize-w900-nl.webp?v=1778662902760|https://bizweb.dktcdn.net/100/660/831/products/164328306-1217141208716736-4063738846143266500-n-jpg-v-1627041772387.jpg?v=1778663048603,storage/images/tinh-chat-duong-da-skin1004-madagascar-centella-ampoule-55ml/01.png|storage/images/tinh-chat-duong-da-skin1004-madagascar-centella-ampoule-55ml/02.webp|storage/images/tinh-chat-duong-da-skin1004-madagascar-centella-ampoule-55ml/03.jpg,2026-07-12T16:44:43+00:00
https://mtd-global.com/nuoc-tay-trang-svr-75ml,nuoc-tay-trang-svr-75ml,"NƯỚC TẨY TRANG SVR 75ML",SVR,3401360201514,"Tẩy trang",in_stock,120000,200000,VND,"Nước tẩy trang từ SVR – thương hiệu dược mỹ phẩm Pháp, ứng dụng công nghệ micellar water giúp làm sạch sâu lớp makeup, bụi bẩn và dầu thừa chỉ trong một bước, đồng thời vẫn duy trì độ ẩm tự nhiên và sự cân bằng của làn da. Công thức tối giản, lành tính, phù hợp cho da dầu – da mụn – da nhạy cảm , mang lại cảm giác sạch",https://bizweb.dktcdn.net/100/660/831/products/ban-sao-cua-frame-sp-185.png?v=1777969900273|https://bizweb.dktcdn.net/100/660/831/products/f3ffc54b335cf398a32886d1f6545e51.jpg?v=1777970016370,storage/images/nuoc-tay-trang-svr-75ml/01.png|storage/images/nuoc-tay-trang-svr-75ml/02.jpg,2026-07-12T16:44:47+00:00
https://mtd-global.com/gel-rua-mat-svr-mousssant-55ml,gel-rua-mat-svr-mousssant-55ml,"GEL RỬA MẶT SVR MOUSSSANT 55ML",SVR,3662361003389,"sữa rửa mặt",in_stock,100000,160000,VND,"Gel rửa mặt từ SVR – thương hiệu dược mỹ phẩm Pháp, được thiết kế chuyên biệt cho làn da dầu, dễ nổi mụn và nhạy cảm. Với công thức không xà phòng (soap-free) kết hợp hoạt chất thanh lọc da, sản phẩm giúp làm sạch sâu mà vẫn giữ được độ ẩm và sự cân bằng tự nhiên của da. Xuất xứ: Pháp Thương hiệu: SVR (dược mỹ phẩm) Ph",https://bizweb.dktcdn.net/100/660/831/products/ban-sao-cua-frame-sp-186.png?v=1777971360893|https://bizweb.dktcdn.net/100/660/831/products/vn-11134207-7ras8-m29bcigi0fjmb1.webp?v=1777971408113,storage/images/gel-rua-mat-svr-mousssant-55ml/01.png|storage/images/gel-rua-mat-svr-mousssant-55ml/02.webp,2026-07-12T16:44:50+00:00
https://mtd-global.com/ma-hong-kem-peripera-syrupy-tok-cheek,ma-hong-kem-peripera-syrupy-tok-cheek,"MÁ HỒNG KEM PERIPERA SYRUPY TOK CHEEK",PERIPERA,8800290361292,makeup,in_stock,230000,,VND,"Peripera Syrupy Tok Cheek là dòng má hồng dạng kem lỏng (liquid blush) nổi bật với hiệu ứng căng mọng như được phủ một lớp siro, mang lại vẻ ngoài trẻ trung và rạng rỡ chuẩn phong cách K-beauty . Đặc điểm nổi bật Kết cấu Gel-Cream độc đáo : Chất kem lỏng nhẹ, mịn mướt, dễ dàng tiệp vào da mà không gây bết dính hay làm",https://bizweb.dktcdn.net/100/660/831/products/19.png?v=1777114239393|https://bizweb.dktcdn.net/100/660/831/products/hdsd-makem-1776667481426.png?v=1777114239393|https://bizweb.dktcdn.net/100/660/831/products/phan-ma-peripera-syrupy-tok-cheek-dang-kem1-1776667380414.png?v=1777114239393|https://bizweb.dktcdn.net/100/660/831/products/phan-ma-peripera-syrupy-tok-cheek-dang-kem-01-light-peach-1addab8145f54817bdce0f6a6e6edc7c-master-1776666673075.png?v=1777114239393|https://bizweb.dktcdn.net/100/660/831/products/ma-hong-dang-kem-peripera-syrupy-tok-cheek-9g-02-milky-lavender-1776666673080.jpg?v=1777114239393|https://bizweb.dktcdn.net/100/660/831/products/images-jpeg-1776666673080.jpg?v=1777114239393|https://bizweb.dktcdn.net/100/660/831/products/phan-ma-peripera-syrupy-tok-cheek-dang-kem-04-sunshine-fig1-1776666673084.png?v=1777114239393|https://bizweb.dktcdn.net/100/660/831/products/phan-ma-peripera-syrupy-tok-cheek-dang-kem-05-cool-apple1-1776666673087.png?v=1777114239393|https://bizweb.dktcdn.net/100/660/831/products/8-jpeg-1776666673088.jpg?v=1777114239393|https://bizweb.dktcdn.net/100/660/831/products/7-1776666673088.jpg?v=1777114239393|https://bizweb.dktcdn.net/100/660/831/products/6-jpeg-1776666673090.jpg?v=1777114239393,storage/images/ma-hong-kem-peripera-syrupy-tok-cheek/01.png|storage/images/ma-hong-kem-peripera-syrupy-tok-cheek/02.png|storage/images/ma-hong-kem-peripera-syrupy-tok-cheek/03.png|storage/images/ma-hong-kem-peripera-syrupy-tok-cheek/04.png|storage/images/ma-hong-kem-peripera-syrupy-tok-cheek/05.jpg|storage/images/ma-hong-kem-peripera-syrupy-tok-cheek/06.jpg|storage/images/ma-hong-kem-peripera-syrupy-tok-cheek/07.png|storage/images/ma-hong-kem-peripera-syrupy-tok-cheek/08.png|storage/images/ma-hong-kem-peripera-syrupy-tok-cheek/09.jpg|storage/images/ma-hong-kem-peripera-syrupy-tok-cheek/10.jpg|storage/images/ma-hong-kem-peripera-syrupy-tok-cheek/11.jpg,2026-07-12T16:44:53+00:00
https://mtd-global.com/combo-tri-nam-3-san-pham,combo-tri-nam-3-san-pham,"Combo trị nám 3 sản phẩm Ruee",RUÉE,PVN952,combo,in_stock,1050000,,VND,,https://bizweb.dktcdn.net/100/660/831/products/ruee3.png?v=1783063654287|https://bizweb.dktcdn.net/100/660/831/products/image-1776739859021.png?v=1783063654287|https://bizweb.dktcdn.net/100/660/831/products/vn-11134207-81ztc-mmwv0201r2tda5-resize-w900-nl-webp-v-1778753596247.jpg?v=1783063684290|https://bizweb.dktcdn.net/100/660/831/products/2-0738913c65d545c0a7dfd9a44a05b7f6-master-jpg-v-1778753648140.jpg?v=1783065793803|https://bizweb.dktcdn.net/100/660/831/products/and9gcqninkz0vhew6e16-2exk7s9tazm4w7jjyxra-s-e38bbcba-355b-48ae-b99c-73ceaff940ce.jpg?v=1783065843890|https://bizweb.dktcdn.net/100/660/831/products/z7573664978944-2014482f240884603a6ffc2caa681711-1772282840616-jpg-v-1777121741607.jpg?v=1783065872823,storage/images/combo-tri-nam-3-san-pham/01.png|storage/images/combo-tri-nam-3-san-pham/02.png|storage/images/combo-tri-nam-3-san-pham/03.jpg|storage/images/combo-tri-nam-3-san-pham/04.jpg|storage/images/combo-tri-nam-3-san-pham/05.jpg|storage/images/combo-tri-nam-3-san-pham/06.jpg,2026-07-12T16:45:02+00:00
https://mtd-global.com/kem-chong-nang-make-p-rem-uv-defense-me-no-sebum-sun-cream-50ml,kem-chong-nang-make-p-rem-uv-defense-me-no-sebum-sun-cream-50ml,"Kem Chống Nắng MAKE P:REM UV defense me. No sebum sun cream 50ml ( màu xanh lá)","MAKE P:REM",8809495683338,"chống nắng",in_stock,380000,480000,VND,"Kem chống nắng vật lý Make P:rem UV Defense Me No Sebum Sun Cream 50ml (SPF50+/PA++++) là sản phẩm Hàn Quốc nổi bật với khả năng kiềm dầu mạnh mẽ, nâng tông nhẹ nhàng và làm dịu da . Sản phẩm có kết cấu mỏng nhẹ, lì mịn, phù hợp cho da dầu, da mụn và da nhạy cảm. Đặc điểm chính: Thành phần: An toàn, chứa các hoạt chất",https://bizweb.dktcdn.net/100/660/831/products/177.png?v=1777368525473|https://bizweb.dktcdn.net/100/660/831/products/448764754-493420013248243-6556616138046697201-n.jpg?v=1777368525473|https://bizweb.dktcdn.net/100/660/831/products/kem-chong-nang-vat-ly-make-prem-uv-defense-me-no-sebum-sun-cream-spf-50-pa-50ml-2.jpg?v=1777368596413,storage/images/kem-chong-nang-make-p-rem-uv-defense-me-no-sebum-sun-cream-50ml/01.png|storage/images/kem-chong-nang-make-p-rem-uv-defense-me-no-sebum-sun-cream-50ml/02.jpg|storage/images/kem-chong-nang-make-p-rem-uv-defense-me-no-sebum-sun-cream-50ml/03.jpg,2026-07-12T16:45:08+00:00
https://mtd-global.com/kem-duong-trang-nang-tong-eirlys-glutathione-whitening-tone-up-cream-plus-50ml-hop,kem-duong-trang-nang-tong-eirlys-glutathione-whitening-tone-up-cream-plus-50ml-hop,"Kem dưỡng trắng nâng tông EIRLYS' glutathione whitening tone up cream plus (50ml/Hộp)",EIRLYS',8800339280034,"KEM DƯỠNG",in_stock,750000,850000,VND,"Kem dưỡng trắng nâng tông EIRLYS Glutathione Whitening Tone Up Cream Plus (50ml) là dòng kem ngày cao cấp Hàn Quốc, giúp nâng tông da tức thì, dưỡng trắng sâu và làm mờ thâm nám nhờ thành phần Glutathione, Arbutin, Niacinamide . Sản phẩm cung cấp độ ẩm, se khít lỗ chân lông, chống lão hóa và tạo hiệu ứng da hồng hào, r",https://bizweb.dktcdn.net/100/660/831/products/112.png?v=1777114487843|https://bizweb.dktcdn.net/100/660/831/products/and9gcrg1ezwigo95b9typkf1icyl4gikkzugntrvq-s.jpg?v=1778663591560|https://bizweb.dktcdn.net/100/660/831/products/460f6380-8579-4087-aa5e-262340640e77-jpg-v-1757941319207.jpg?v=1778663609573|https://bizweb.dktcdn.net/100/660/831/products/480961764-3661434467464973-1676103925574576135-n-89b9b99aeffc4277bfc39108f4cb12ea-master.jpg?v=1778663723777,storage/images/kem-duong-trang-nang-tong-eirlys-glutathione-whitening-tone-up-cream-plus-50ml-hop/01.png|storage/images/kem-duong-trang-nang-tong-eirlys-glutathione-whitening-tone-up-cream-plus-50ml-hop/02.jpg||storage/images/kem-duong-trang-nang-tong-eirlys-glutathione-whitening-tone-up-cream-plus-50ml-hop/04.jpg,2026-07-12T16:45:12+00:00
https://mtd-global.com/ban-sao-cua-black-rouge-air-fit-velvet-lite-a105,ban-sao-cua-black-rouge-air-fit-velvet-lite-a105,"BLACK ROUGE AIR FIT VELVET LITE","BLACK ROUGE",8809464345687,son,in_stock,200000,,VND,"Black Rouge Air Fit Velvet Lite (Ver 10) là dòng son kem lì thế hệ mới với công nghệ Air Lite cải tiến, mang lại kết cấu siêu mỏng nhẹ, tựa không khí và mịn mướt như lụa . Sản phẩm nổi bật với độ bền màu cao, khả năng che phủ rãnh môi hoàn hảo, không gây khô môi và có thể layer nhiều lớp mà vẫn thoải mái, nhẹ tênh. Đặc",https://bizweb.dktcdn.net/100/660/831/products/129.png?v=1777114336540|https://bizweb.dktcdn.net/100/660/831/products/anh-viber-2026-03-01-17-50-54-113-1776566526374.jpg?v=1777114392167|https://bizweb.dktcdn.net/100/660/831/products/anh-viber-2026-03-01-17-50-54-145-1776566534966.jpg?v=1777114392167|https://bizweb.dktcdn.net/100/660/831/products/anh-viber-2026-03-01-17-50-55-719.jpg?v=1777114392167,storage/images/ban-sao-cua-black-rouge-air-fit-velvet-lite-a105/01.png|storage/images/ban-sao-cua-black-rouge-air-fit-velvet-lite-a105/02.jpg|storage/images/ban-sao-cua-black-rouge-air-fit-velvet-lite-a105/03.jpg|storage/images/ban-sao-cua-black-rouge-air-fit-velvet-lite-a105/04.jpg,2026-07-12T16:45:16+00:00
https://mtd-global.com/cap-dau-goi-xa-biotin-collagen-essence-voudioty-hong,cap-dau-goi-xa-biotin-collagen-essence-voudioty-hong,"CẶP DẦU GỘI XẢ BIOTIN & COLLAGEN ESSENCE VOUDIOTY HỒNG",VOUDIOTY,PVN951,"Dầu gội - Sữa tắm",out_of_stock,300000,,VND,"Tên đầy đủ: Biotin & Collagen Essence Voudioty Pink (màu hồng) Dòng sản phẩm: Phục hồi – dưỡng ẩm – tạo độ mềm mượt Điểm nổi bật: Hương nước hoa cao cấp + dưỡng tóc chuyên sâu Đây là phiên bản thiên về dưỡng mềm và thơm tóc , khác với bản xanh thiên về kiểm dầu. Thành phần chính Biotin (Vitamin B7): Giúp nuôi dưỡng nan",https://bizweb.dktcdn.net/100/660/831/products/172.png?v=1777364360813|https://bizweb.dktcdn.net/100/660/831/products/and9gcsr-18dytzfvdpdqsh6gympnt836e54sj2g7g-s.jpg?v=1777364360813|https://bizweb.dktcdn.net/100/660/831/products/and9gctuon0okayaq1wzbypfl7a7miq2qrdicr4i0a-s.jpg?v=1777364360813,storage/images/cap-dau-goi-xa-biotin-collagen-essence-voudioty-hong/01.png|storage/images/cap-dau-goi-xa-biotin-collagen-essence-voudioty-hong/02.jpg|storage/images/cap-dau-goi-xa-biotin-collagen-essence-voudioty-hong/03.jpg,2026-07-12T16:45:21+00:00
https://mtd-global.com/cap-dau-goi-xa-biotin-collagen-essence-voudioty-xanh,cap-dau-goi-xa-biotin-collagen-essence-voudioty-xanh,"CẶP DẦU GỘI XẢ BIOTIN & COLLAGEN ESSENCE VOUDIOTY XANH",VOUDIOTY,PVN950,"Dầu gội - Sữa tắm",out_of_stock,300000,,VND,"Tên đầy đủ: Dầu gội & xả Biotin & Collagen Essence Voudioty (xanh) Dòng sản phẩm: Phục hồi – kích thích mọc tóc – giảm rụng Đối tượng: Tóc yếu, khô xơ, hư tổn, tóc nhuộm/uốn Thành phần chính Biotin (Vitamin B7/H): Giúp nuôi dưỡng nang tóc, giảm rụng và kích thích mọc tóc mới. Collagen thủy phân: Tăng độ đàn hồi, giúp t",https://bizweb.dktcdn.net/100/660/831/products/173.png?v=1777364862817|https://bizweb.dktcdn.net/100/660/831/products/4-82db7610-f3d3-47e0-818a-4c8e63c859ed-png-v-1699171401390.png?v=1777364862817|https://bizweb.dktcdn.net/100/660/831/products/5388-414986346-2057962314559888-7634633135109451232-n-20240809152121.jpg?v=1777364810883,storage/images/cap-dau-goi-xa-biotin-collagen-essence-voudioty-xanh/01.png|storage/images/cap-dau-goi-xa-biotin-collagen-essence-voudioty-xanh/02.png|storage/images/cap-dau-goi-xa-biotin-collagen-essence-voudioty-xanh/03.jpg,2026-07-12T16:45:25+00:00
https://mtd-global.com/kem-duong-da-mat-differ-deeper-c-toning-daily-shot-2-5ml,kem-duong-da-mat-differ-deeper-c-toning-daily-shot-2-5ml,"Kem dưỡng da mặt Differ&Deeper C - Toning Daily Shot 2.5ml","Phương Trần Cosmetics",8809962250445,"KEM DƯỠNG",in_stock,230000,380000,VND,"Kem dưỡng da mặt Differ&Deeper C - Toning Daily Shot 2.5ml (hay C-Tox Tone Up Boosting ) là tinh chất dưỡng trắng, mờ thâm chuyên sâu dạng ống (shot) từ Hàn Quốc . Với phức hợp Vitamin C, Glutathione và Niacinamide, sản phẩm giúp làm sáng, đều màu da, chống oxy hóa và cải thiện độ đàn hồi, phù hợp cho da xỉn màu. Đặc đ",https://bizweb.dktcdn.net/100/660/831/products/120.png?v=1777114435620|https://bizweb.dktcdn.net/100/660/831/products/z7739893068402-4f0efc178dc0bbd16c7f3864857638b3-1776532932680.jpg?v=1778663914353|https://bizweb.dktcdn.net/100/660/831/products/set-2-ong-tinh-chat-duong-trang-da-c-toning-daily-shot-han-quoc-11.png?v=1778664024033|https://bizweb.dktcdn.net/100/660/831/products/4597-set-2-ong-tinh-chat-duong-trang-da-c-toning-daily-shot-han-quoc10.png?v=1778664494250,storage/images/kem-duong-da-mat-differ-deeper-c-toning-daily-shot-2-5ml/01.png|storage/images/kem-duong-da-mat-differ-deeper-c-toning-daily-shot-2-5ml/02.jpg|storage/images/kem-duong-da-mat-differ-deeper-c-toning-daily-shot-2-5ml/03.png|storage/images/kem-duong-da-mat-differ-deeper-c-toning-daily-shot-2-5ml/04.png,2026-07-12T16:45:29+00:00
https://mtd-global.com/phan-trang-diem-vemontes-dung-cho-mat-dang-sua-cushion-ma-hang-glow-pot-no17,phan-trang-diem-vemontes-dung-cho-mat-dang-sua-cushion-ma-hang-glow-pot-no17,"Phấn trang điểm VEMONTES GLOW POT NO17 (cushion)",VEMONTES,8809952220144,Makeup,in_stock,550000,650000,VND,"Phấn nước cao cấp từ Vemontes – thương hiệu mỹ phẩm Hàn Quốc theo hướng professional skincare + makeup , mang đến lớp nền căng bóng tự nhiên, trong trẻo nhưng vẫn đảm bảo độ che phủ và độ bền màu vượt trội. Phiên bản No.17 là tone sáng trong, phù hợp nâng tông da nhẹ, tạo hiệu ứng glass skin chuẩn Hàn. Xuất xứ & định v",https://bizweb.dktcdn.net/100/660/831/products/ban-sao-cua-frame-sp-188.png?v=1777972276053|https://bizweb.dktcdn.net/100/660/831/products/vn-11134207-820l4-mi5chd7suolg3b.webp?v=1777972282433|https://bizweb.dktcdn.net/100/660/831/products/vn-11134207-7ras8-m2td1t6ikrgm04.jpg?v=1778665246013|https://bizweb.dktcdn.net/100/660/831/products/fa1ada24-2564-46a2-9f40-f17a299e3cf4.jpg?v=1778665246013,storage/images/phan-trang-diem-vemontes-dung-cho-mat-dang-sua-cushion-ma-hang-glow-pot-no17/01.png|storage/images/phan-trang-diem-vemontes-dung-cho-mat-dang-sua-cushion-ma-hang-glow-pot-no17/02.webp|storage/images/phan-trang-diem-vemontes-dung-cho-mat-dang-sua-cushion-ma-hang-glow-pot-no17/03.jpg|storage/images/phan-trang-diem-vemontes-dung-cho-mat-dang-sua-cushion-ma-hang-glow-pot-no17/04.jpg,2026-07-12T16:45:33+00:00
https://mtd-global.com/mat-na-duong-trang-da-vemontes-collamelt-mask,mat-na-duong-trang-da-vemontes-collamelt-mask,"Mặt nạ dưỡng trắng da VEMONTES COLLAMELT MASK",VEMONTES,8809714821138,"mặt nạ",in_stock,380000,480000,VND,"Mặt nạ VEMONTES COLLAMELT MASK (Hàn Quốc) là dòng mặt nạ thạch collagen thủy phân cao cấp, giúp dưỡng trắng, cấp ẩm sâu, phục hồi và nâng cơ . Với công nghệ 400Da Collagen biển phân tử siêu thấp, mặt nạ thẩm thấu tới 90% dưỡng chất, tan chảy vào da khi đắp, giúp da căng bóng, làm mờ nếp nhăn và đốm nâu. Đặc điểm nổi bậ",https://bizweb.dktcdn.net/100/660/831/products/175.png?v=1777368942037|https://bizweb.dktcdn.net/100/660/831/products/vn-11134207-7ras8-m62chz4yyn5ka6-resize-w900-nl.webp?v=1777369139020|https://bizweb.dktcdn.net/100/660/831/products/and9gcsfs6mnu1vxe53noc5cxyytil4fo3wqf-jkdw-s.jpg?v=1777369252577,storage/images/mat-na-duong-trang-da-vemontes-collamelt-mask/01.png|storage/images/mat-na-duong-trang-da-vemontes-collamelt-mask/02.webp|storage/images/mat-na-duong-trang-da-vemontes-collamelt-mask/03.jpg,2026-07-12T16:45:37+00:00
https://mtd-global.com/sua-rua-mat-reihaku-hatomugi-facial-foam-170g-4513574029590,sua-rua-mat-reihaku-hatomugi-facial-foam-170g-4513574029590,"Sữa rửa mặt Reihaku Hatomugi Facial Foam 170g - 4513574029590",HATOMUGI,4513574029590,"sữa rửa mặt",in_stock,100000,180000,VND,"eihaku Hatomugi Facial Foam là dòng sữa rửa mặt nổi tiếng từ Nhật Bản với chiết xuất hạt ý dĩ (Hatomugi/Coix Seed) giúp làm sạch da dịu nhẹ, hỗ trợ cấp ẩm và cải thiện làn da xỉn màu mà không gây khô căng sau khi rửa. Sản phẩm được yêu thích nhờ khả năng tạo bọt mịn, làm sạch dầu thừa và bụi bẩn hiệu quả nhưng vẫn giữ",https://bizweb.dktcdn.net/100/660/831/products/79.png?v=1777114617107|https://bizweb.dktcdn.net/100/660/831/products/371fcaca-a730-444b-a838-8155ead5eee2.jpg?v=1778668857587|https://bizweb.dktcdn.net/100/660/831/products/sua-rua-mat-hatomugi-chiet-xuat.jpg?v=1778669539687,storage/images/sua-rua-mat-reihaku-hatomugi-facial-foam-170g-4513574029590/01.png|storage/images/sua-rua-mat-reihaku-hatomugi-facial-foam-170g-4513574029590/02.jpg|storage/images/sua-rua-mat-reihaku-hatomugi-facial-foam-170g-4513574029590/03.jpg,2026-07-12T16:45:40+00:00
https://mtd-global.com/bong-tay-trang-o-relia-goi-225-pcs,bong-tay-trang-o-relia-goi-225-pcs,"Bông tẩy trang O'Relia gói 225 pcs",O'RELIA,8938538323150,bông,in_stock,60000,100000,VND,"Bông Tẩy Trang O’Relia – Gói 225 miếng Thương hiệu: O’Relia Mô tả sản phẩm Bông tẩy trang O’Relia Cotton Pads gói 225 miếng là sản phẩm chăm sóc da không thể thiếu trong quy trình làm sạch và dưỡng da hàng ngày. Thiết kế mềm mại – dày dặn – thấm hút tốt , giúp bạn sử dụng thuận tiện với toner, nước tẩy trang, lotion ha",https://bizweb.dktcdn.net/100/660/831/products/ban-sao-cua-frame-sp-306.png?v=1778749101883|https://bizweb.dktcdn.net/100/660/831/products/20251120-tb4tyntxqv-a28edd95e5584d8ca978cec2f6ca43c3-jpeg.jpg?v=1778749155723|https://bizweb.dktcdn.net/100/660/831/products/yta3vd6ykpdr0t19zgpvqhfiqeh4ee-meta4bqibmggqsosysbts0lomzy1idiwmjygkdezks5wbmc.png?v=1778749157127|https://bizweb.dktcdn.net/100/660/831/products/0b529747-90b1-406e-b2fa-f4b06cb93bba.jpg?v=1778749157127,storage/images/bong-tay-trang-o-relia-goi-225-pcs/01.png|storage/images/bong-tay-trang-o-relia-goi-225-pcs/02.jpg|storage/images/bong-tay-trang-o-relia-goi-225-pcs/03.png|storage/images/bong-tay-trang-o-relia-goi-225-pcs/04.jpg,2026-07-12T16:45:44+00:00
https://mtd-global.com/bong-tay-trang-o-relia-goi-120-pcs,bong-tay-trang-o-relia-goi-120-pcs,"Bông tẩy trang O'Relia gói 120 pcs",O'RELIA,8938538323136,bông,in_stock,40000,80000,VND,"Bông Tẩy Trang O’Relia – Gói 120 miếng Thương hiệu: O’Relia Mô tả sản phẩm Bông tẩy trang O’Relia Cotton Pads 120 miếng là sản phẩm chăm sóc da hàng ngày được thiết kế để làm sạch da nhẹ nhàng và hỗ trợ các bước dưỡng da tiếp theo. Bông có cấu trúc mềm mịn, thấm hút tốt và không bị xơ rối khi sử dụng, phù hợp với nhiều",https://bizweb.dktcdn.net/100/660/831/products/ban-sao-cua-frame-sp-307.png?v=1778749278060|https://bizweb.dktcdn.net/100/660/831/products/965dd803-f414-4c7b-a3c4-f772c8476ab7.jpg?v=1778749278060|https://bizweb.dktcdn.net/100/660/831/products/koc5ssgbpwkxltio9kyzfbvqyhr44j-meta4bqibmggqsosysbts0lomzy1idiwmjygkdexks5wbmc.png?v=1778749273750,storage/images/bong-tay-trang-o-relia-goi-120-pcs/01.png|storage/images/bong-tay-trang-o-relia-goi-120-pcs/02.jpg|storage/images/bong-tay-trang-o-relia-goi-120-pcs/03.png,2026-07-12T16:45:48+00:00
https://mtd-global.com/combo-2-goi-tra-orihiro-genpi,combo-2-goi-tra-orihiro-genpi,"COMBO 2 GÓI TRÀ ORIHIRO GENPI",ORIHIRO,PVN946,"thực phẩm",in_stock,299000,400000,VND,"COMBO 2 GÓI TRÀ GENPI NHẬT BẢN CHỈ 299K - CHỈ ~150K/GÓI 🍵 Trà Genpi Nhật Bản (Orihiro) – hỗ trợ kiểm soát cân nặng & chuyển hoá mỡ tự nhiên Trà Genpi là dòng trà thảo mộc chức năng nội địa Nhật , được phối hợp từ nhiều loại trà và dược liệu tự nhiên, hướng tới cơ chế hỗ trợ chuyển hoá – giảm hấp thu chất béo – thanh l",https://bizweb.dktcdn.net/100/660/831/products/ban-sao-cua-frame-sp-173.png?v=1777367363160|https://bizweb.dktcdn.net/100/660/831/products/orihiro-tra-giam-m-bung-genpi-6g-x-60-goi-1-caf42b5982cb4523a96db2822d89058c-master.jpg?v=1777367441577|https://bizweb.dktcdn.net/100/660/831/products/tra-ohirio-genpi-tea-ho-tro-giam-mo-thua-60-goi.jpg?v=1777367475160,storage/images/combo-2-goi-tra-orihiro-genpi/01.png|storage/images/combo-2-goi-tra-orihiro-genpi/02.jpg|storage/images/combo-2-goi-tra-orihiro-genpi/03.jpg,2026-07-12T16:45:52+00:00
https://mtd-global.com/cap-goi-xa-pkeratin-1000ml,cap-goi-xa-pkeratin-1000ml,"Cặp gội xả Pkeratin 1000ML",LIPESOUTS,PVN945,"Dầu gội - Sữa tắm",out_of_stock,349000,,VND,"Cặp dầu gội – xả PKeratin (Keratin phục hồi tóc) ✨ Mô tả sản phẩm : Cặp dầu gội PKeratin là bộ gội – xả phục hồi chuyên sâu , bổ sung Keratin + Collagen giúp tái tạo cấu trúc tóc hư tổn, cho tóc mềm mượt – chắc khỏe – giảm gãy rụng rõ rệt chỉ sau vài lần sử dụng. Đây là dòng rất hợp với tóc khô xơ, uốn nhuộm, tẩy nhiều",https://bizweb.dktcdn.net/100/660/831/products/ban-sao-cua-frame-sp-192.png?v=1777975589233|https://bizweb.dktcdn.net/100/660/831/products/5305202a-71e9-44ff-99be-c37123c850f1.jpg?v=1777975589233|https://bizweb.dktcdn.net/100/660/831/products/5e5995a9-0c92-4fcb-a997-4aeb1b85d5c6.jpg?v=1777975589233|https://bizweb.dktcdn.net/100/660/831/products/cf35009d-b6ac-459b-b95f-69e96d3e3eca.jpg?v=1777975589233|https://bizweb.dktcdn.net/100/660/831/products/d3ac8c46-6ebf-4567-bac8-d1035c6973f2.jpg?v=1777975589233,storage/images/cap-goi-xa-pkeratin-1000ml/01.png|storage/images/cap-goi-xa-pkeratin-1000ml/02.jpg||storage/images/cap-goi-xa-pkeratin-1000ml/04.jpg|storage/images/cap-goi-xa-pkeratin-1000ml/05.jpg,2026-07-12T16:45:56+00:00
https://mtd-global.com/sua-tam-tinh-chat-hoa-cuc-weilaiya-450ml-weilaiya-calendula-skin-beautifying-essence-shower-gel,sua-tam-tinh-chat-hoa-cuc-weilaiya-450ml-weilaiya-calendula-skin-beautifying-essence-shower-gel,"Sữa tắm tinh chất hoa cúc Weilaiya 450ml (WEILAIYA CALENDULA SKIN BEAUTIFYING ESSENCE SHOWER GEL)",WEILAIYA,697102881315,"Dầu gội - Sữa tắm",out_of_stock,320000,380000,VND,"Sữa tắm Weilaiya hương cúc vạn thọ là dòng sữa tắm dưỡng da cao cấp dạng gel đậm đặc, nổi bật với chiết xuất từ hơn 1000 cánh hoa cúc tươi ép lạnh , giúp làm sạch nhẹ nhàng nhưng vẫn dưỡng ẩm sâu và phục hồi làn da mềm mịn, khỏe mạnh. Sản phẩm mang mùi hương nước hoa 3 tầng sang – nhẹ – lưu hương lâu, cho cảm giác thư",https://bizweb.dktcdn.net/100/660/831/products/40.png?v=1777114762090|https://bizweb.dktcdn.net/100/660/831/products/482ca918-fb16-4321-80f5-624c2de686af.jpg?v=1777114772713|https://bizweb.dktcdn.net/100/660/831/products/0d256414-debb-4bf2-892f-ccf14303bb97.jpg?v=1777114772713|https://bizweb.dktcdn.net/100/660/831/products/aa49fcec-e851-4449-a91b-4fe11e8676ab.jpg?v=1777114772713,storage/images/sua-tam-tinh-chat-hoa-cuc-weilaiya-450ml-weilaiya-calendula-skin-beautifying-essence-shower-gel/01.png|storage/images/sua-tam-tinh-chat-hoa-cuc-weilaiya-450ml-weilaiya-calendula-skin-beautifying-essence-shower-gel/02.jpg|storage/images/sua-tam-tinh-chat-hoa-cuc-weilaiya-450ml-weilaiya-calendula-skin-beautifying-essence-shower-gel/03.jpg|storage/images/sua-tam-tinh-chat-hoa-cuc-weilaiya-450ml-weilaiya-calendula-skin-beautifying-essence-shower-gel/04.jpg,2026-07-12T16:46:01+00:00
https://mtd-global.com/sua-tam-trang-da-weilaiya-450ml-weilaiya-niacinamide-shower-gel,sua-tam-trang-da-weilaiya-450ml-weilaiya-niacinamide-shower-gel,"Sữa tắm trắng da Weilaiya 450ml (WEILAIYA NIACINAMIDE SHOWER GEL)",WEILAIYA,6971025881100,"Dầu gội - Sữa tắm",in_stock,320000,380000,VND,"Sữa tắm Weilaiya hương hoa trà là dòng sữa tắm dưỡng da cao cấp, kết hợp chiết xuất hoa trà (Camellia) giàu dưỡng chất cùng công nghệ dưỡng trắng hiện đại, giúp làm sạch – cấp ẩm – và cải thiện làn da sáng mịn rõ rệt. Điểm nổi bật của dòng này là mùi hương hoa trà thanh lịch, nhẹ nhàng nhưng rất sang , kiểu thơm sạch –",https://bizweb.dktcdn.net/100/660/831/products/39.png?v=1777114872437|https://bizweb.dktcdn.net/100/660/831/products/91bfa86f-4ae6-4220-9d69-aed0254d6699.jpg?v=1778674391670|https://bizweb.dktcdn.net/100/660/831/products/and9gcqrjjtwyasjeqrcw5smsw-fi-xyq31vy7h7ug-s.jpg?v=1778674391670|https://bizweb.dktcdn.net/100/660/831/products/sua-tam-trang-da-hoa-tra-weilaiya-niacinamide-shower-gel-450ml-699d09b70c2f7-24022026091519.jpg?v=1778674391670,storage/images/sua-tam-trang-da-weilaiya-450ml-weilaiya-niacinamide-shower-gel/01.png|storage/images/sua-tam-trang-da-weilaiya-450ml-weilaiya-niacinamide-shower-gel/02.jpg||storage/images/sua-tam-trang-da-weilaiya-450ml-weilaiya-niacinamide-shower-gel/04.jpg,2026-07-12T16:46:06+00:00
https://mtd-global.com/cap-goi-xa-mixrs-500ml,cap-goi-xa-mixrs-500ml,"Cặp gội xả MIXRS 500ML","MIXRS GLARIC",PVN944,"Dầu gội - Sữa tắm",in_stock,450000,,VND,"Tổng quan sản phẩm Cặp gội xả MIXRS GLARIC màu hồng là dòng chăm sóc tóc chuyên sâu, nổi bật với khả năng phục hồi tóc hư tổn – dưỡng ẩm – giữ màu tóc nhuộm , kết hợp cùng hương nước hoa Baccarat Rouge 540 sang trọng , mang đến trải nghiệm như chăm sóc tóc tại salon cao cấp. Dung tích: 500ml x 2 (1 dầu gội + 1 dầu xả)",https://bizweb.dktcdn.net/100/660/831/products/ban-sao-cua-frame-sp-191.png?v=1777975462067|https://bizweb.dktcdn.net/100/660/831/products/675e6f3c-e631-4aa4-82e5-59815612179b.jpg?v=1777975462067|https://bizweb.dktcdn.net/100/660/831/products/f9c0e507-9556-4c32-bd3f-1f616a31a3ed.jpg?v=1777975457007|https://bizweb.dktcdn.net/100/660/831/products/1f6718af-f44f-4be1-ba52-69b87e394456.jpg?v=1777975457007|https://bizweb.dktcdn.net/100/660/831/products/72f19606-9966-4c06-8b63-95f907b0cc2b.jpg?v=1777975457007|https://bizweb.dktcdn.net/100/660/831/products/f2035c76-cc31-4390-b0b2-915ac515c5ab.jpg?v=1777975457007,storage/images/cap-goi-xa-mixrs-500ml/01.png|storage/images/cap-goi-xa-mixrs-500ml/02.jpg|storage/images/cap-goi-xa-mixrs-500ml/03.jpg|storage/images/cap-goi-xa-mixrs-500ml/04.jpg|storage/images/cap-goi-xa-mixrs-500ml/05.jpg|storage/images/cap-goi-xa-mixrs-500ml/06.jpg,2026-07-12T16:46:10+00:00
https://mtd-global.com/cap-goi-xa-kosifate-1000ml,cap-goi-xa-kosifate-1000ml,"Cặp gội xả Kosifate 1000ML",KOSIFATE,PVN943,"Dầu gội - Sữa tắm",out_of_stock,380000,,VND,"💆‍♀️ Cặp dầu gội – xả KOSIFATE (dưỡng sinh phục hồi tóc) ✨ Mô tả sản phẩm : Cặp gội xả KOSIFATE là dòng chăm sóc tóc theo hướng dưỡng sinh kết hợp Keratin – Collagen , giúp phục hồi tóc hư tổn, giảm rụng và nuôi dưỡng tóc chắc khỏe từ gốc đến ngọn. Dòng này nổi bật ở khả năng làm sạch da đầu – nuôi tóc – kích thích mọ",https://bizweb.dktcdn.net/100/660/831/products/b05ecd66-7c6b-4228-94d9-8aa2c4f907c1.jpg?v=1775018291677|https://bizweb.dktcdn.net/100/660/831/products/85a87d80-b0eb-4b90-8d9b-59bcac1095e9.jpg?v=1775018291683|https://bizweb.dktcdn.net/100/660/831/products/46467072-1363-462c-b0dc-09c5c6d915ed.jpg?v=1775018291683,storage/images/cap-goi-xa-kosifate-1000ml/01.jpg|storage/images/cap-goi-xa-kosifate-1000ml/02.jpg|storage/images/cap-goi-xa-kosifate-1000ml/03.jpg,2026-07-12T16:46:15+00:00
https://mtd-global.com/ki-velours-silky-cream-10g,ki-velours-silky-cream-10g,"Ki Velours Silky cream 10g","KI COSMETICS",8809796390072,"kem dưỡng",in_stock,399000,550000,VND,"Kem dưỡng cao cấp Ki Velours Silky Cream mang cảm hứng từ công nghệ làm đẹp hiện đại kết hợp hiệu ứng silky skin (da mịn như lụa) , giúp làn da trở nên mịn màng, sáng khỏe và rạng rỡ ngay sau khi sử dụng. Thiết kế dạng kem dưỡng đa năng, sản phẩm vừa có khả năng chăm sóc da vừa tạo hiệu ứng makeup nền nhẹ , phù hợp với",https://bizweb.dktcdn.net/100/660/831/products/ban-sao-cua-frame-sp-193.png?v=1777975830000|https://bizweb.dktcdn.net/100/660/831/products/862-webp-dr-12190-t-555f072d-ps-933b5bde-shp-8dbd94bf-shcp-e1be8f53-idc-useast5-from-2378011839.jpg?v=1778749824903|https://bizweb.dktcdn.net/100/660/831/products/and9gcqjqck5qu1nddwrg6ohzehvaal1ic4dg3d3lg-s.jpg?v=1778749829383|https://bizweb.dktcdn.net/100/660/831/products/9dd19343-3845-4f2f-a833-221a4a8c77f2.jpg?v=1778749829383|https://bizweb.dktcdn.net/100/660/831/products/and9gctxmk2thbb4tqd8udthotpmpqh1eguvnbpavw-s.jpg?v=1778749902190|https://bizweb.dktcdn.net/100/660/831/products/66eaa42b-ea86-4ac5-8195-40d28b39c18b.jpg?v=1778749902190|https://bizweb.dktcdn.net/100/660/831/products/5b61a596-3842-46b5-bc21-6584bd070e18.jpg?v=1778749902190,storage/images/ki-velours-silky-cream-10g/01.png|storage/images/ki-velours-silky-cream-10g/02.jpg|storage/images/ki-velours-silky-cream-10g/03.jpg|storage/images/ki-velours-silky-cream-10g/04.jpg|storage/images/ki-velours-silky-cream-10g/05.jpg|storage/images/ki-velours-silky-cream-10g/06.jpg|storage/images/ki-velours-silky-cream-10g/07.jpg,2026-07-12T16:46:18+00:00
https://mtd-global.com/ki-spivera-micro-texture-ampoule-3ml,ki-spivera-micro-texture-ampoule-3ml,"Ki Spivera micro texture ampoule 3ml","KI COSMETICS",8809796390089,"kem dưỡng",in_stock,490000,2000000,VND,"Ki Spivera Micro Texture Ampoule – tinh chất vi kim tái tạo da chuyên sâu Em này là dạng ampoule (tinh chất cô đặc) với công nghệ vi kim siêu nhỏ (spicule) giúp đẩy dưỡng chất thẩm thấu sâu hơn so với serum thường Thành phần nổi bật: Resveratrol : chống oxy hoá mạnh, hỗ trợ làm sáng & trẻ hoá da Công nghệ vi kim sinh h",https://bizweb.dktcdn.net/100/660/831/products/151.png?v=1777114906783|https://bizweb.dktcdn.net/100/660/831/products/fbec4b48-1cce-43fc-b2d4-bb15185c9f1d.jpg?v=1777114911000|https://bizweb.dktcdn.net/100/660/831/products/1e7b5a04-fe16-4980-ab72-79585a53418b.jpg?v=1777114911000|https://bizweb.dktcdn.net/100/660/831/products/ae69269d-ad2a-4578-82d5-95b9a94c7aec.jpg?v=1777114911000|https://bizweb.dktcdn.net/100/660/831/products/5e6dcaca-19d5-4183-816d-6e5c40b34c1b.jpg?v=1777114911000,storage/images/ki-spivera-micro-texture-ampoule-3ml/01.png|storage/images/ki-spivera-micro-texture-ampoule-3ml/02.jpg|storage/images/ki-spivera-micro-texture-ampoule-3ml/03.jpg|storage/images/ki-spivera-micro-texture-ampoule-3ml/04.jpg|storage/images/ki-spivera-micro-texture-ampoule-3ml/05.jpg,2026-07-12T16:46:24+00:00
https://mtd-global.com/kem-chong-nang-beplain-sunmuse-tone-up-correcting-sunscreen-50ml,kem-chong-nang-beplain-sunmuse-tone-up-correcting-sunscreen-50ml,"Kem chống nắng Beplain Sunmuse Tone Up & Correcting Sunscreen 50ml",BEPLAIN,88096239419720,"Chống nắng",out_of_stock,320000,420000,VND,"Giới thiệu sản phẩm Kem chống nắng Beplain màu tím đậm là dòng kem chống nắng bảo vệ da toàn diện SPF50+ / PA++++ giúp chống tia UV đồng thời nâng tông & hiệu chỉnh màu da tự nhiên . Sản phẩm có chất kem tím đặc trưng, thấm nhanh, không gây vệt trắng và phù hợp cho nhiều loại da, đặc biệt là da xỉn màu, thiếu sức sống",https://bizweb.dktcdn.net/100/660/831/products/84.png?v=1777119368467|https://bizweb.dktcdn.net/100/660/831/products/beplain-kem-chong-nang-sunmuse-tone-up-correcting-sunscreen-spf50-37d61eba5f584287b893dd1fab7d4799-1024x1024.jpg?v=1778750276617|https://bizweb.dktcdn.net/100/660/831/products/nh-sp-1-08d6db28868f4ae5adee9f9a0c06f1ab.png?v=1778750300500|https://bizweb.dktcdn.net/100/660/831/products/457313944-488769890734374-7994964228646551898-n.jpg?v=1778750363927,storage/images/kem-chong-nang-beplain-sunmuse-tone-up-correcting-sunscreen-50ml/01.png||storage/images/kem-chong-nang-beplain-sunmuse-tone-up-correcting-sunscreen-50ml/03.png|storage/images/kem-chong-nang-beplain-sunmuse-tone-up-correcting-sunscreen-50ml/04.jpg,2026-07-12T16:46:28+00:00
https://mtd-global.com/bo-co-trang-diem-amortals-5-cay-mot-tui-dung,bo-co-trang-diem-amortals-5-cay-mot-tui-dung,"Bộ cọ trang điểm Amortals (5 cây + một túi đựng)",AMORTALS,6972507565624,"Phụ kiện",in_stock,159000,230000,VND,"Thương hiệu Amortals là thương hiệu mỹ phẩm đến từ Trung Quốc, nổi tiếng với các dụng cụ trang điểm giá hợp lý, thiết kế hiện đại và dễ sử dụng cho người mới bắt đầu. Xuất xứ Trung Quốc Tên sản phẩm Bộ cọ trang điểm Amortals Gồm 5 cây cọ + 1 túi đựng Dạng sản phẩm Bộ cọ trang điểm cá nhân, gồm nhiều loại cọ cơ bản dùng",https://bizweb.dktcdn.net/100/660/831/products/ban-sao-cua-frame-sp-202.png?v=1778057845057|https://bizweb.dktcdn.net/100/660/831/products/5b036034-d642-41ff-9762-7ce67014c065.jpg?v=1778057845057|https://bizweb.dktcdn.net/100/660/831/products/8bdcdd4d-0082-40bb-96c3-b02624c74265.jpg?v=1778057845057,storage/images/bo-co-trang-diem-amortals-5-cay-mot-tui-dung/01.png|storage/images/bo-co-trang-diem-amortals-5-cay-mot-tui-dung/02.jpg|storage/images/bo-co-trang-diem-amortals-5-cay-mot-tui-dung/03.jpg,2026-07-12T16:46:32+00:00
https://mtd-global.com/co-phu-phan-amortals,co-phu-phan-amortals,"Cọ Phủ Phấn AMORTALS",AMORTALS,6972507562999,"Phụ kiện",in_stock,49000,70000,VND,"Thương hiệu Amortals là thương hiệu mỹ phẩm nội địa Trung , nổi tiếng với các dụng cụ trang điểm có thiết kế hiện đại, chất lượng ổn định và giá thành hợp lý. Xuất xứ: NỘI ĐỊA TRUNG Tên sản phẩm Cọ phủ phấn Amortals Ultra Fine Silk Mist Loose Powder Brush Dạng sản phẩm Cọ trang điểm chuyên dụng dùng cho phấn phủ dạng b",https://bizweb.dktcdn.net/100/660/831/products/ban-sao-cua-frame-sp-203.png?v=1778058119463|https://bizweb.dktcdn.net/100/660/831/products/9b353b45-ef6e-4179-aab2-59f898636f86.jpg?v=1778058119463|https://bizweb.dktcdn.net/100/660/831/products/vn-11134207-7ra0g-m6gcdqicnzon84.webp?v=1778058126530,storage/images/co-phu-phan-amortals/01.png|storage/images/co-phu-phan-amortals/02.jpg|storage/images/co-phu-phan-amortals/03.webp,2026-07-12T16:46:36+00:00
https://mtd-global.com/kep-uon-mi-mau-vang-amortals,kep-uon-mi-mau-vang-amortals,"Kẹp uốn mi màu vàng Amortals",AMORTALS,6976416410884,"Phụ kiện",in_stock,79000,120000,VND,"Thương hiệu Amortals là thương hiệu mỹ phẩm và dụng cụ trang điểm nội địa Trung , nổi tiếng với các sản phẩm có thiết kế hiện đại, dễ sử dụng và giá thành hợp lý. Xuất xứ: NỘI ĐỊA TRUNG Tên sản phẩm Kẹp uốn mi Amortals màu vàng (Eyelash Curler) Dạng sản phẩm Dụng cụ trang điểm mắt dùng để uốn cong hàng mi trước khi chu",https://bizweb.dktcdn.net/100/660/831/products/ban-sao-cua-frame-sp-204.png?v=1778058685090|https://bizweb.dktcdn.net/100/660/831/products/ca98815c-9ebe-4d57-971d-2afd591f0d81.jpg?v=1778058702853|https://bizweb.dktcdn.net/100/660/831/products/49426ec9-6922-4d54-bb58-16d7782ca2fe.jpg?v=1778058702853,storage/images/kep-uon-mi-mau-vang-amortals/01.png|storage/images/kep-uon-mi-mau-vang-amortals/02.jpg|storage/images/kep-uon-mi-mau-vang-amortals/03.jpg,2026-07-12T16:46:40+00:00
https://mtd-global.com/lieu-trinh-collagen-30-ngay-combo-sieu-tiet-kiem-799k-mien-ship,lieu-trinh-collagen-30-ngay-combo-sieu-tiet-kiem-799k-mien-ship,"LIỆU TRÌNH COLLAGEN 30 NGÀY ( COMBO SIÊU TIẾT KIỆM) 799k MIỄN SHIP","GIRL COLLAGEN",PVN942,"THỰC PHẨM CHỨC NĂNG",in_stock,799000,,VND,"Nước uống Girl Collagen 1000mg là một sản phẩm thực phẩm chức năng hỗ trợ làm đẹp da đến từ Hàn Quốc , hiện đang được ưa chuộng nhờ khả năng hấp thụ nhanh và hương vị dễ uống. Sản phẩm thường được đóng gói theo dạng hộp 10 chai hoặc túi (mỗi đơn vị 100ml). 1. Thành phần chính Mỗi đơn vị sản phẩm (chai/túi 100ml) bao gồ",https://bizweb.dktcdn.net/100/660/831/products/ban-sao-cua-frame-sp-174.png?v=1777371400930|https://bizweb.dktcdn.net/100/660/831/products/nuoc-uong-girl-collagen-han-quoc-review-93a1a50d-114e-4a2b-b048-aed6e2bb7a93.jpg?v=1777371430343|https://bizweb.dktcdn.net/100/660/831/products/sg-11134201-22120-5z94bipmttkvc6.jpg?v=1777371558147,storage/images/lieu-trinh-collagen-30-ngay-combo-sieu-tiet-kiem-799k-mien-ship/01.png|storage/images/lieu-trinh-collagen-30-ngay-combo-sieu-tiet-kiem-799k-mien-ship/02.jpg|storage/images/lieu-trinh-collagen-30-ngay-combo-sieu-tiet-kiem-799k-mien-ship/03.jpg,2026-07-12T16:46:43+00:00
https://mtd-global.com/thanh-che-khuyet-diem-collagen-enough,thanh-che-khuyet-diem-collagen-enough,"THANH CHE KHUYẾT ĐIỂM COLLAGEN ENOUGH",ENOUGH,8809605872232,Makeup,in_stock,80000,,VND,"Thương hiệu Enough là thương hiệu mỹ phẩm đến từ Hàn Quốc, nổi tiếng với các dòng kem nền và che khuyết điểm có chứa collagen, giúp vừa trang điểm vừa hỗ trợ dưỡng da. Xuất xứ Hàn Quốc Sản phẩm được sản xuất theo tiêu chuẩn mỹ phẩm Hàn Quốc. Tên sản phẩm Enough Collagen Cover Tip Concealer (thanh che khuyết điểm collag",https://bizweb.dktcdn.net/100/660/831/products/18.png?v=1777119474930|https://bizweb.dktcdn.net/100/660/831/products/vn-11134207-7r98o-lsuyenqlh51g9d.jpg?v=1777119478223|https://bizweb.dktcdn.net/100/660/831/products/vn-11134207-7r98o-lppyn3u85cusc4.jpg?v=1777119478223|https://bizweb.dktcdn.net/100/660/831/products/vn-11134207-7r98o-lppyn3u885zo13-1.jpg?v=1777119478223|https://bizweb.dktcdn.net/100/660/831/products/a2c7de26-9b74-4c25-8973-dbd0cb9a6167.jpg?v=1777119478223|https://bizweb.dktcdn.net/100/660/831/products/0cd24c68-133b-4f70-bd18-62338b49cce6.jpg?v=1777119478223,storage/images/thanh-che-khuyet-diem-collagen-enough/01.png|storage/images/thanh-che-khuyet-diem-collagen-enough/02.jpg|storage/images/thanh-che-khuyet-diem-collagen-enough/03.jpg|storage/images/thanh-che-khuyet-diem-collagen-enough/04.jpg|storage/images/thanh-che-khuyet-diem-collagen-enough/05.jpg|,2026-07-12T16:46:47+00:00
https://mtd-global.com/bong-mut-amortals-den-size-xl-2-mut-hop,bong-mut-amortals-den-size-xl-2-mut-hop,"Bông mút AMORTALS Đen Size XL (2 mút + Hộp)",AMORTALS,6976416411065,"Phụ kiện",out_of_stock,159000,200000,VND,"Thương hiệu Amortals là thương hiệu dụng cụ trang điểm nội địa Trung , nổi tiếng với các sản phẩm bông mút mềm, dễ sử dụng và hỗ trợ lớp nền mịn tự nhiên. Xuất xứ : NỘI ĐỊA TRUNG Tên sản phẩm Bông mút Amortals đen size XL Gồm: 2 mút + 1 hộp đựng Dạng sản phẩm Bông mút trang điểm (makeup sponge) dùng để tán kem nền, cus",https://bizweb.dktcdn.net/100/660/831/products/ban-sao-cua-frame-sp-206.png?v=1778059590657|https://bizweb.dktcdn.net/100/660/831/products/76b3974c-013d-465e-9828-7a0db0d643ec.jpg?v=1778059590657,|storage/images/bong-mut-amortals-den-size-xl-2-mut-hop/02.jpg,2026-07-12T16:46:52+00:00
https://mtd-global.com/giay-tham-dau-sieu-hut-amortals-loi-thay-80-to,giay-tham-dau-sieu-hut-amortals-loi-thay-80-to,"Giấy thấm dầu siêu hút – Amortals (lõi thay, 80 tờ)",AMORTALS,6976416416961,"Phụ kiện",in_stock,59000,100000,VND,"Thương hiệu Amortals là thương hiệu mỹ phẩm và dụng cụ trang điểm nội địa Trung , nổi tiếng với các sản phẩm tiện lợi, thiết kế trẻ trung và giá thành hợp lý. Xuất xứ: NỘI ĐỊA TRUNG Tên sản phẩm Giấy thấm dầu Amortals Oil Blotting Paper 80 tờ Dạng sản phẩm Giấy thấm dầu dạng tờ mỏng, dùng để hút dầu thừa trên da mặt, đ",https://bizweb.dktcdn.net/100/660/831/products/ban-sao-cua-frame-sp-201.png?v=1778057524603|https://bizweb.dktcdn.net/100/660/831/products/nh-04-750192fecb944a10b45ac3d76ed40c6f.png?v=1778057531233|https://bizweb.dktcdn.net/100/660/831/products/2-1c8c3f91d122476886b31ea1332cb42b.png?v=1779007614553|https://bizweb.dktcdn.net/100/660/831/products/700114d2-43a9-4fc6-8a1e-8476fb3524b2.jpg?v=1779007614553,storage/images/giay-tham-dau-sieu-hut-amortals-loi-thay-80-to/01.png|storage/images/giay-tham-dau-sieu-hut-amortals-loi-thay-80-to/02.png|storage/images/giay-tham-dau-sieu-hut-amortals-loi-thay-80-to/03.png|storage/images/giay-tham-dau-sieu-hut-amortals-loi-thay-80-to/04.jpg,2026-07-12T16:46:55+00:00
https://mtd-global.com/bong-mut-trang-diem-aa-cao-cap-2-bong-mut-1-hop-dung,bong-mut-trang-diem-aa-cao-cap-2-bong-mut-1-hop-dung,"Bông mút trang điểm AA Cao cấp ( 2 bông mút + 1 hộp đựng)",AMORTALS,6976416414189,"Phụ kiện",out_of_stock,159000,200000,VND,"Thương hiệu Amortals (AA Double A) là dòng dụng cụ trang điểm nội địa Trung, nổi tiếng với các sản phẩm bông mút cải tiến, dễ dùng và hỗ trợ lớp nền mịn đẹp. Xuất xứ: NỘI ĐỊA TRUNG Tên sản phẩm Bông mút trang điểm Amortals Double A (AA) Gồm: 2 bông mút + 1 hộp đựng Dạng sản phẩm Bông mút trang điểm dùng để tán kem nền,",https://bizweb.dktcdn.net/100/660/831/products/ban-sao-cua-frame-sp-205.png?v=1778059106483|https://bizweb.dktcdn.net/100/660/831/products/den-png-v-1752465553980.png?v=1779007646653|https://bizweb.dktcdn.net/100/660/831/products/a0b5c478-c6d3-4684-bc94-bbdc1a2c15c8.jpg?v=1779007646653,storage/images/bong-mut-trang-diem-aa-cao-cap-2-bong-mut-1-hop-dung/01.png|storage/images/bong-mut-trang-diem-aa-cao-cap-2-bong-mut-1-hop-dung/02.png|storage/images/bong-mut-trang-diem-aa-cao-cap-2-bong-mut-1-hop-dung/03.jpg,2026-07-12T16:47:11+00:00
https://mtd-global.com/bo-2-bong-mut-trang-diem-mini-amortals,bo-2-bong-mut-trang-diem-mini-amortals,"Bộ 2 bông mút trang điểm MINI Amortals",AMORTALS,6972507568236,"Phụ kiện",in_stock,39000,80000,VND,"Thương hiệu Amortals là thương hiệu dụng cụ trang điểm nội địa Trung , nổi bật với các dòng bông mút mềm mịn, thiết kế thông minh và dễ sử dụng cho cả người mới bắt đầu. Xuất xứ: NỘI ĐỊA TRUNG Tên sản phẩm Bộ 2 bông mút trang điểm mini Amortals Dạng sản phẩm Bông mút trang điểm cỡ mini, dùng để tán kem nền, cushion và",https://bizweb.dktcdn.net/100/660/831/products/ban-sao-cua-frame-sp-209.png?v=1778060275810|https://bizweb.dktcdn.net/100/660/831/products/ac58bf74-caf6-4d9d-9ce7-66c0bce1153e.jpg?v=1778060275810,storage/images/bo-2-bong-mut-trang-diem-mini-amortals/01.png|storage/images/bo-2-bong-mut-trang-diem-mini-amortals/02.jpg,2026-07-12T16:47:14+00:00
https://mtd-global.com/bong-mut-amortals-tie-tie-3-mut,bong-mut-amortals-tie-tie-3-mut,"Bông mút AMORTALS Tie tie (3 mút)",AMORTALS,6976416415094,"Phụ kiện",in_stock,99000,130000,VND,"Thương hiệu Amortals là thương hiệu dụng cụ trang điểm nội địa Trung , nổi bật với các sản phẩm bông mút và cọ trang điểm có thiết kế hiện đại, dễ dùng và giá thành hợp lý. Xuất xứ: NỘI ĐỊA TRUNG Tên sản phẩm Bộ 3 bông mút trang điểm Amortals Tie Tie Dạng sản phẩm Bông mút trang điểm dùng để tán kem nền, cushion và kem",https://bizweb.dktcdn.net/100/660/831/products/ban-sao-cua-frame-sp-208.png?v=1778060023917|https://bizweb.dktcdn.net/100/660/831/products/30fa9219-fb89-4f68-8afe-f324ff3de55f.jpg?v=1778060023917|https://bizweb.dktcdn.net/100/660/831/products/f3474a57-857d-4a7b-841a-f541e5a23df4.jpg?v=1778060023917,storage/images/bong-mut-amortals-tie-tie-3-mut/01.png|storage/images/bong-mut-amortals-tie-tie-3-mut/02.jpg|storage/images/bong-mut-amortals-tie-tie-3-mut/03.jpg,2026-07-12T16:47:17+00:00
https://mtd-global.com/bong-mut-amortals-100-diem-size-xl-2-mut-1-hop,bong-mut-amortals-100-diem-size-xl-2-mut-1-hop,"Bông mút AMORTALS 100 điểm Size XL (2 mút + 1 Hộp)",AMORTALS,6972507568663,"Phụ kiện",in_stock,159000,200000,VND,"Thương hiệu Amortals là thương hiệu dụng cụ trang điểm nội địa Trung nổi tiếng với các dòng bông mút và phụ kiện makeup có thiết kế thông minh, dễ dùng và giá thành hợp lý. Xuất xứ: NỘI ĐỊA TRUNG Tên sản phẩm Amortals 100 Points Makeup Sponge Set Size XL – 2 bông mút + 1 hộp đựng Dạng sản phẩm Bông mút trang điểm dùng",https://bizweb.dktcdn.net/100/660/831/products/ban-sao-cua-frame-sp-207.png?v=1778059769270|https://bizweb.dktcdn.net/100/660/831/products/8ff30bfd-9e53-4a8a-9a92-d8a53fe54531.jpg?v=1778059769270,storage/images/bong-mut-amortals-100-diem-size-xl-2-mut-1-hop/01.png|storage/images/bong-mut-amortals-100-diem-size-xl-2-mut-1-hop/02.jpg,2026-07-12T16:47:20+00:00
https://mtd-global.com/gel-tay-te-bao-chet-chiet-xuat-thao-duoc-whisis-120ml,gel-tay-te-bao-chet-chiet-xuat-thao-duoc-whisis-120ml,"Gel tẩy tế bào chết chiết xuất thảo dược Whisis 120ml",WHISIS,8809445615389,TDC,in_stock,150000,230000,VND,"Giới thiệu sản phẩm Gel tẩy tế bào chết Whisis là dòng sản phẩm chăm sóc da đến từ Hàn Quốc, nổi bật với công thức chiết xuất thảo dược giúp làm sạch da nhẹ nhàng mà vẫn nuôi dưỡng da khỏe mạnh. Thương hiệu: WHISIS Xuất xứ: Hàn Quốc Dung tích: 120ml Thành phần chính Cellulose: giúp loại bỏ tế bào chết vật lý nhẹ nhàng",https://bizweb.dktcdn.net/100/660/831/products/188.png?v=1777449575787|https://bizweb.dktcdn.net/100/660/831/products/mas092-2-1cfdec7b2aed416080836f8308c431fe-master.jpg?v=1778750739923|https://bizweb.dktcdn.net/100/660/831/products/mas092-1-27f9829c3eb941e9a9b19a47a9c753eb-master.jpg?v=1778750739923,storage/images/gel-tay-te-bao-chet-chiet-xuat-thao-duoc-whisis-120ml/01.png|storage/images/gel-tay-te-bao-chet-chiet-xuat-thao-duoc-whisis-120ml/02.jpg|storage/images/gel-tay-te-bao-chet-chiet-xuat-thao-duoc-whisis-120ml/03.jpg,2026-07-12T16:47:23+00:00
https://mtd-global.com/sua-tam-huong-hoa-mau-don-sang-trong-500ml-jmella-in-france-blooming-peony-body-wash-500,sua-tam-huong-hoa-mau-don-sang-trong-500ml-jmella-in-france-blooming-peony-body-wash-500,"Sữa tắm hương hoa mẫu đơn sang trọng 500ml (JMELLA IN FRANCE BLOOMING PEONY BODY WASH 500)",JMELLA,8809711716833,"Dầu gội - Sữa tắm",in_stock,160000,280000,VND,"Sữa Tắm Hương Hoa Mẫu Đơn Sang Trọng JMELLA IN FRANCE Blooming Peony – 500ml Mô tả sản phẩm: Sữa tắm JMELLA IN FRANCE Blooming Peony mang đến trải nghiệm tắm thơm ngát như đang bước vào khu vườn hoa mẫu đơn nở rộ. Công thức nhẹ nhàng, giàu dưỡng chất giúp làm sạch da hiệu quả mà vẫn giữ độ ẩm, cho làn da mềm mại và tươ",https://bizweb.dktcdn.net/100/660/831/products/42.png?v=1777120246367|https://bizweb.dktcdn.net/100/660/831/products/19-1749703721125-jpg-v-1749703862637.jpg?v=1778750907780|https://bizweb.dktcdn.net/100/660/831/products/11-11dec765-445e-40dc-9cfd-c6b05b9a78e1-jpg-v-1766720965433.jpg?v=1778751151413,storage/images/sua-tam-huong-hoa-mau-don-sang-trong-500ml-jmella-in-france-blooming-peony-body-wash-500/01.png|storage/images/sua-tam-huong-hoa-mau-don-sang-trong-500ml-jmella-in-france-blooming-peony-body-wash-500/02.jpg|storage/images/sua-tam-huong-hoa-mau-don-sang-trong-500ml-jmella-in-france-blooming-peony-body-wash-500/03.jpg,2026-07-12T16:47:27+00:00
https://mtd-global.com/nuoc-uong-girl-collagen-drinking-collagen-girl-collagen-d-goi-100ml-lo-x10-lo-hop-10-hop-thung,nuoc-uong-girl-collagen-drinking-collagen-girl-collagen-d-goi-100ml-lo-x10-lo-hop-10-hop-thung,"THỰC PHẨM BỔ SUNG NƯỚC UỐNG GIRL COLLAGEN","GIRL COLLAGEN",8809330479263,"THỰC PHẨM CHỨC NĂNG",in_stock,280000,450000,VND,"Tên sản phẩm: Nước uống Girl Collagen (Drinking Collagen – Girl Collagen) Thương hiệu: Girl Collagen / IL-Yang Pharm Xuất xứ: Hàn Quốc Quy cách: Hộp 10 chai x 100ml Mô tả sản phẩm Nước uống Girl Collagen là sản phẩm bổ sung collagen dạng nước, giúp nuôi dưỡng làn da từ bên trong. Công thức kết hợp collagen thủy phân cù",https://bizweb.dktcdn.net/100/660/831/products/179.png?v=1777371926700|https://bizweb.dktcdn.net/100/660/831/products/vn-11134207-820l4-meitd1j74f0j9a.jpg?v=1777371926700|https://bizweb.dktcdn.net/100/660/831/products/nuoc-uong-girl-collagen-han-quoc-review.jpg?v=1777371926700,storage/images/nuoc-uong-girl-collagen-drinking-collagen-girl-collagen-d-goi-100ml-lo-x10-lo-hop-10-hop-thung/01.png|storage/images/nuoc-uong-girl-collagen-drinking-collagen-girl-collagen-d-goi-100ml-lo-x10-lo-hop-10-hop-thung/02.jpg|storage/images/nuoc-uong-girl-collagen-drinking-collagen-girl-collagen-d-goi-100ml-lo-x10-lo-hop-10-hop-thung/03.jpg,2026-07-12T16:47:30+00:00
https://mtd-global.com/nuoc-hoa-hong-duong-am-ruee-blanc-peau-whitening-essence-toner-120ml,nuoc-hoa-hong-duong-am-ruee-blanc-peau-whitening-essence-toner-120ml,"Nước hoa hồng dưỡng ẩm Ruee blanc peau whitening essence toner 120ml",RUÉE,8809715723783,Toner,out_of_stock,320000,430000,VND,"Ruee Blanc Peau Whitening Essence Toner 120ml – Nước hoa hồng dưỡng ẩm & làm sáng da Thương hiệu: Ruée Nguồn gốc xuất xứ: Hàn Quốc Loại sản phẩm: Nước hoa hồng Mô tả sản phẩm Ruee Blanc Peau Whitening Essence Toner là một nước hoa hồng dưỡng da dạng essence cao cấp , kết hợp khả năng cân bằng độ ẩm cho da và cải thiện",https://bizweb.dktcdn.net/100/660/831/products/167.png?v=1777121646597|https://bizweb.dktcdn.net/100/660/831/products/c6e47df1-15f9-4fd6-b51c-32eae2ce09fc.jpg?v=1777121649943|https://bizweb.dktcdn.net/100/660/831/products/2d49d63e-4180-4c29-b18a-5cff8aa87182.jpg?v=1777121649943|https://bizweb.dktcdn.net/100/660/831/products/40c81023-abaa-4102-9fe1-a1fcf5354e74.jpg?v=1777121649943,storage/images/nuoc-hoa-hong-duong-am-ruee-blanc-peau-whitening-essence-toner-120ml/01.png|storage/images/nuoc-hoa-hong-duong-am-ruee-blanc-peau-whitening-essence-toner-120ml/02.jpg|storage/images/nuoc-hoa-hong-duong-am-ruee-blanc-peau-whitening-essence-toner-120ml/03.jpg|storage/images/nuoc-hoa-hong-duong-am-ruee-blanc-peau-whitening-essence-toner-120ml/04.jpg,2026-07-12T16:47:34+00:00
https://mtd-global.com/dau-xa-kosifate-nourishing-conditioner-1000ml,dau-xa-kosifate-nourishing-conditioner-1000ml,"Dầu xả KOSIFATE NOURISHING CONDITIONER, 1000ml",KOSIFATE,5060808884412,"Dầu gội - Sữa tắm",out_of_stock,190000,,VND,"DẦU XẢ KOSIFATE NOURISHING CONDITIONER – 1000ML Dầu xả dưỡng tóc chuyên sâu giúp phục hồi, nuôi dưỡng và làm mềm mượt tóc từ gốc đến ngọn. Công dụng nổi bật: Cung cấp độ ẩm, giúp tóc mềm mượt ngay sau khi sử dụng Hỗ trợ giảm khô xơ, chẻ ngọn do hóa chất, uốn – nhuộm – tẩy Giúp tóc suôn thẳng, dễ chải, giảm rối và gãy r",https://bizweb.dktcdn.net/100/660/831/products/9b531d73-b346-4c48-9bf5-76c757c94859.jpg?v=1774750664927,storage/images/dau-xa-kosifate-nourishing-conditioner-1000ml/01.jpg,2026-07-12T16:47:38+00:00
https://mtd-global.com/mieng-rua-mat-bot-bien-jary-cp03,mieng-rua-mat-bot-bien-jary-cp03,"MIẾNG RỬA MẶT BỌT BIỂN JARY CP03",JARY,8936228460741,"Phụ kiện",in_stock,30000,50000,VND,"Jary Cleansing Sponge CP03 Miếng rửa mặt bọt biển Thương hiệu Jary là thương hiệu phụ kiện chăm sóc da và làm đẹp phổ biến, chuyên các sản phẩm hỗ trợ làm sạch và chăm sóc da hằng ngày. Xuất xứ: NỘI ĐỊA TRUNG Tên sản phẩm Miếng rửa mặt bọt biển Jary CP03 Dạng sản phẩm Miếng bọt biển rửa mặt (cleansing sponge), dùng kết",https://bizweb.dktcdn.net/100/660/831/products/39417c98-3b62-4a42-8a2c-69215fb5cdde.jpg?v=1775792835057|https://bizweb.dktcdn.net/100/660/831/products/a1cb7708-3bc5-4bfd-9d76-7a37faf324ad.jpg?v=1775792835060,storage/images/mieng-rua-mat-bot-bien-jary-cp03/01.jpg|storage/images/mieng-rua-mat-bot-bien-jary-cp03/02.jpg,2026-07-12T16:47:41+00:00
https://mtd-global.com/bo-dung-cu-khay-thia-tron-jary-2in1-mixing-tray-set,bo-dung-cu-khay-thia-tron-jary-2in1-mixing-tray-set,"BỘ DỤNG CỤ KHAY THÌA TRỘN- JARY 2IN1 MIXING TRAY SET",JARY,8936228463803,"Phụ kiện",in_stock,70000,120000,VND,"Thương hiệu Jary là thương hiệu phụ kiện làm đẹp nội địa Trung , chuyên cung cấp các dụng cụ hỗ trợ makeup tiện lợi, thiết kế tối giản và dễ sử dụng cho cả cá nhân và makeup artist. Xuất xứ: Nội Địa Trung Tên sản phẩm Bộ dụng cụ khay thìa trộn Jary 2in1 Mixing Tray Set Dạng sản phẩm Bộ dụng cụ pha trộn mỹ phẩm gồm: 1 k",https://bizweb.dktcdn.net/100/660/831/products/ban-sao-cua-frame-sp-210.png?v=1778060496160|https://bizweb.dktcdn.net/100/660/831/products/5065d3bc-a29f-4889-a5d9-63d2ee7367e9.jpg?v=1778060496160|https://bizweb.dktcdn.net/100/660/831/products/38137346-6645-47b6-bd99-7dce8785d8ae.jpg?v=1778060496160|https://bizweb.dktcdn.net/100/660/831/products/vn-11134207-820l4-mfexs7tf98umde-resize-w900-nl.webp?v=1778060561730,storage/images/bo-dung-cu-khay-thia-tron-jary-2in1-mixing-tray-set/01.png|storage/images/bo-dung-cu-khay-thia-tron-jary-2in1-mixing-tray-set/02.jpg|storage/images/bo-dung-cu-khay-thia-tron-jary-2in1-mixing-tray-set/03.jpg|storage/images/bo-dung-cu-khay-thia-tron-jary-2in1-mixing-tray-set/04.webp,2026-07-12T16:47:44+00:00
https://mtd-global.com/clio-kill-cover-mesh-glow-essential-cushion-spf50-pa,clio-kill-cover-mesh-glow-essential-cushion-spf50-pa,"CLIO KILL COVER MESH GLOW ESSENTIAL CUSHION SPF50+, PA++++",CLIO,8800255378808,makeup,in_stock,530000,,VND,"Phấn Nước Clio Kill Cover Mesh Glow Essential Cushion SPF50+ PA++++ Thương hiệu: CLIO Xuất xứ: Hàn Quốc Chỉ số chống nắng: SPF50+ PA++++ Loại da phù hợp: da thường, da khô, da hỗn hợp thiên khô Finish: căng bóng (glow), tự nhiên Mô tả sản phẩm Clio Kill Cover Mesh Glow Essential Cushion là dòng cushion cao cấp với thiế",https://bizweb.dktcdn.net/100/660/831/products/27.png?v=1777121703807|https://bizweb.dktcdn.net/100/660/831/products/mesh-glow-essential-cushion-spa-50-pa-19n-porcelain-k-m-1-l-i-69e7cf6c0acc4cfca99b799273c440e7-1772623151331.png?v=1777121706007|https://bizweb.dktcdn.net/100/660/831/products/cushion-clio-1772623151954.jpg?v=1777121706007,storage/images/clio-kill-cover-mesh-glow-essential-cushion-spf50-pa/01.png|storage/images/clio-kill-cover-mesh-glow-essential-cushion-spf50-pa/02.png|storage/images/clio-kill-cover-mesh-glow-essential-cushion-spf50-pa/03.jpg,2026-07-12T16:47:48+00:00
https://mtd-global.com/mat-na-duong-da-lomere-b5-super-panthenol-thermal-water-xanh-duong,mat-na-duong-da-lomere-b5-super-panthenol-thermal-water-xanh-duong,"MẶT NẠ DƯỠNG DA LOMERE B5 SUPER PANTHENOL THERMAL WATER (xanh dương)",LOMERE,8809743548440,"Mặt nạ",in_stock,38000,48000,VND,"Lomere B5 Super Panthenol Thermal Water Mask – Mặt Nạ Dưỡng Da (Xanh Dương) Mặt nạ Lomere B5 Super Panthenol Thermal Water Mask – phiên bản Xanh Dương là sản phẩm dưỡng da chuyên sâu, kết hợp giữa Vitamin B5 (Panthenol) và nước khoáng Thermal Water giúp cấp ẩm tối đa, làm dịu kích ứng, phục hồi và nuôi dưỡng làn da sau",https://bizweb.dktcdn.net/100/660/831/products/180.png?v=1777372146480|https://bizweb.dktcdn.net/100/660/831/products/18-anh-bia-shopee-mall.png?v=1777372146480|https://bizweb.dktcdn.net/100/660/831/products/21-anh-bia-shopee-mall.png?v=1777372219723,storage/images/mat-na-duong-da-lomere-b5-super-panthenol-thermal-water-xanh-duong/01.png|storage/images/mat-na-duong-da-lomere-b5-super-panthenol-thermal-water-xanh-duong/02.png|storage/images/mat-na-duong-da-lomere-b5-super-panthenol-thermal-water-xanh-duong/03.png,2026-07-12T16:47:52+00:00
https://mtd-global.com/kem-duong-trang-da-len-tone-ruee-blanc-peau-vita-tone-up-cream-50ml,kem-duong-trang-da-len-tone-ruee-blanc-peau-vita-tone-up-cream-50ml,"Kem dưỡng trắng da lên tone Ruee blanc peau vita tone up cream 50ml",RUÉE,8809715723677,"KEM DƯỠNG",in_stock,370000,420000,VND,"🌞 Giới thiệu sản phẩm Kem ngày RUÉE Blanc Peau Vita Tone Up Cream là kem dưỡng ban ngày nâng tone & dưỡng trắng nhẹ , được sản xuất tại Hàn Quốc với công thức lành tính, giúp da sáng tự nhiên, đều màu và mềm mịn ngay cả khi không makeup . Sản phẩm phù hợp dùng mỗi sáng như kem dưỡng hoặc kem lót trước makeup để làn da",https://bizweb.dktcdn.net/100/660/831/products/111.png?v=1777121739057|https://bizweb.dktcdn.net/100/660/831/products/z7573664978944-2014482f240884603a6ffc2caa681711-1772282840616.jpg?v=1777121741607|https://bizweb.dktcdn.net/100/660/831/products/z7573664978944-2014482f240884603a6ffc2caa681711-1772282840616-1776319590934.jpg?v=1777121741607|https://bizweb.dktcdn.net/100/660/831/products/z7573664993006-7d75abafb2cbd1975ae915705e65fd48-1772282841905-1776319590936.jpg?v=1777121741607|https://bizweb.dktcdn.net/100/660/831/products/z7573665012163-95dc5d3b2f743af3284cb2425ef40201-1772282843083-1776319590939.jpg?v=1777121741607,storage/images/kem-duong-trang-da-len-tone-ruee-blanc-peau-vita-tone-up-cream-50ml/01.png|storage/images/kem-duong-trang-da-len-tone-ruee-blanc-peau-vita-tone-up-cream-50ml/02.jpg|storage/images/kem-duong-trang-da-len-tone-ruee-blanc-peau-vita-tone-up-cream-50ml/03.jpg|storage/images/kem-duong-trang-da-len-tone-ruee-blanc-peau-vita-tone-up-cream-50ml/04.jpg|storage/images/kem-duong-trang-da-len-tone-ruee-blanc-peau-vita-tone-up-cream-50ml/05.jpg,2026-07-12T16:47:55+00:00
https://mtd-global.com/serum-tay-te-bao-da-chet-lam-sach-ruee-red-peel-whitening-serum-30ml,serum-tay-te-bao-da-chet-lam-sach-ruee-red-peel-whitening-serum-30ml,"Serum tẩy tế bào da chết (làm sạch) Ruee RED PEEL WHITENING SERUM 30ml",RUÉE,8809715724094,"tinh chất",in_stock,350000,450000,VND,"Serum tẩy tế bào da chết Ruee Red Peel Whitening Serum 30ml Thông tin sản phẩm Thương hiệu: Ruée Nguồn gốc xuất xứ: Hàn Quốc Loại sản phẩm: Serum tẩy tế bào chết hóa học (peel da) Loại da phù hợp: Da dầu, da mụn, da xỉn màu, da có lỗ chân lông to. Mô tả sản phẩm Ruee Red Peel Whitening Serum là tinh chất peel da sinh h",https://bizweb.dktcdn.net/100/660/831/products/ban-sao-cua-frame-sp-194.png?v=1777976391080|https://bizweb.dktcdn.net/100/660/831/products/545087076-843325578209119-2130439345165196324-n-700x700-jpg-v-1757354173.jpg?v=1777976497743|https://bizweb.dktcdn.net/100/660/831/products/544553939-843325414875802-4767711348565412903-n-1000x1000-jpg-v-1757354173.jpg?v=1778751659537|https://bizweb.dktcdn.net/100/660/831/products/and9gcr4hy3nds8tkcbcqbidrnamqrthaascinp1vw-s.jpg?v=1778751768477|https://bizweb.dktcdn.net/100/660/831/products/12-85a58ffe8bda4b5f8452191ca47b02d5-master.jpg?v=1778751816330,storage/images/serum-tay-te-bao-da-chet-lam-sach-ruee-red-peel-whitening-serum-30ml/01.png|storage/images/serum-tay-te-bao-da-chet-lam-sach-ruee-red-peel-whitening-serum-30ml/02.jpg|storage/images/serum-tay-te-bao-da-chet-lam-sach-ruee-red-peel-whitening-serum-30ml/03.jpg|storage/images/serum-tay-te-bao-da-chet-lam-sach-ruee-red-peel-whitening-serum-30ml/04.jpg|,2026-07-12T16:48:00+00:00
https://mtd-global.com/tinh-chat-nam-ruee-mela,tinh-chat-nam-ruee-mela,"Serum trị nám da Ruee MILA SERUM RETINOL 50ml",RUÉE,8809715724124,"tinh chất",in_stock,390000,590000,VND,"Tinh Chất Nám Ruee Mela Serum Tinh chất nám Ruee Mela là serum/ampoule dưỡng da chuyên trị thâm nám – sạm da – không đều màu - xuất xứ Hàn Quốc . Sản phẩm được phát triển với công thức tập trung vào giảm sắc tố melanin, làm sáng da và cải thiện tone da không đều màu , giúp làn da trở nên sáng mịn, rạng rỡ hơn sau thời",https://bizweb.dktcdn.net/100/660/831/products/134.png?v=1777121757413|https://bizweb.dktcdn.net/100/660/831/products/vn-11134207-81ztc-mmwv0201r2tda5-resize-w900-nl.webp?v=1778753596247|https://bizweb.dktcdn.net/100/660/831/products/2-0738913c65d545c0a7dfd9a44a05b7f6-master.jpg?v=1778753648140|https://bizweb.dktcdn.net/100/660/831/products/vn-11134207-81ztc-mmwv01r8vsw3e0-resize-w900-nl.webp?v=1778753648140,storage/images/tinh-chat-nam-ruee-mela/01.png|storage/images/tinh-chat-nam-ruee-mela/02.webp|storage/images/tinh-chat-nam-ruee-mela/03.jpg|storage/images/tinh-chat-nam-ruee-mela/04.webp,2026-07-12T16:48:05+00:00
https://mtd-global.com/kem-duong-tri-nam-ruee-mila-cream-50ml,kem-duong-tri-nam-ruee-mila-cream-50ml,"Kem dưỡng trị nám Ruee MILA CREAM 50ml",RUÉE,8809715723998,"kem dưỡng",in_stock,390000,590000,VND,"Giới thiệu sản phẩm Kem cao nám Ruée là dòng kem dưỡng chuyên sâu giúp giảm nám – tàn nhang – làm sáng da , đến từ Hàn Quốc. Sản phẩm tập trung xử lý các vấn đề sắc tố lâu năm, đồng thời nuôi dưỡng da khỏe và đều màu hơn. 👉 Phù hợp cho khách có nám mảng, nám lâu năm, da xỉn màu . Công dụng chính Giảm nám, tàn nhang, đ",https://bizweb.dktcdn.net/100/660/831/products/110.png?v=1777121779640|https://bizweb.dktcdn.net/100/660/831/products/and9gcturwdrv-hpkdkatqwlkawzborb04vvui7pbg-s.jpg?v=1778753912940|https://bizweb.dktcdn.net/100/660/831/products/and9gcqninkz0vhew6e16-2exk7s9tazm4w7jjyxra-s.jpg?v=1778753951740|https://bizweb.dktcdn.net/100/660/831/products/vn-11134207-820l4-mitwhduk8mio0a.jpg?v=1778754005483,storage/images/kem-duong-tri-nam-ruee-mila-cream-50ml/01.png|storage/images/kem-duong-tri-nam-ruee-mila-cream-50ml/02.jpg|storage/images/kem-duong-tri-nam-ruee-mila-cream-50ml/03.jpg|storage/images/kem-duong-tri-nam-ruee-mila-cream-50ml/04.jpg,2026-07-12T16:48:09+00:00
https://mtd-global.com/bang-phan-mat-da-nang-lemonade-aesthetic-multi-task-palette-full-on-9-2g,bang-phan-mat-da-nang-lemonade-aesthetic-multi-task-palette-full-on-9-2g,"BẢNG PHẤN MẮT ĐA NĂNG LEMONADE AESTHETIC MULTI TASK PALETTE FULL ON 9,2G",LEMONADE,6975425385015,Makeup,in_stock,250000,350000,VND,"Bảng Phấn Mắt Đa Năng Lemonade Aesthetic Multi Task Palette – Full On Thương hiệu: Lemonade Xuất xứ: Việt Nam Mô tả sản phẩm Lemonade Aesthetic Multi Task Palette – Full On là bảng trang điểm đa năng tích hợp nhiều công dụng trong một, giúp bạn dễ dàng tạo nên lớp makeup hoàn chỉnh chỉ với một sản phẩm. Bảng màu được t",https://bizweb.dktcdn.net/100/660/831/products/26.png?v=1777121810053|https://bizweb.dktcdn.net/100/660/831/products/fc5908f2-8e72-47bd-8eae-66cee24ab79e.jpg?v=1777121812567|https://bizweb.dktcdn.net/100/660/831/products/nh-m-t-1-6b50c7aebac74472af268d6bd2a10989.jpg?v=1777121812567|https://bizweb.dktcdn.net/100/660/831/products/2772d672-1a75-4a67-a529-523494c44cb9.jpg?v=1777121812567,storage/images/bang-phan-mat-da-nang-lemonade-aesthetic-multi-task-palette-full-on-9-2g/01.png|storage/images/bang-phan-mat-da-nang-lemonade-aesthetic-multi-task-palette-full-on-9-2g/02.jpg|storage/images/bang-phan-mat-da-nang-lemonade-aesthetic-multi-task-palette-full-on-9-2g/03.jpg|,2026-07-12T16:48:13+00:00
https://mtd-global.com/kem-duong-da-ban-dem-elysiderm-eirlys-alpha-melight-intensive-cream-50ml-hop,kem-duong-da-ban-dem-elysiderm-eirlys-alpha-melight-intensive-cream-50ml-hop,"Kem dưỡng da ban đêm ELYSIDERM EIRLYS' alpha melight intensive cream (50ml/Hộp).",EIRLYS',8800339280041,"kem dưỡng",in_stock,750000,850000,VND,"Giới thiệu sản phẩm Kem dưỡng ban đêm Eirlys’ Alpha Melight Cream là sản phẩm chăm sóc da dưỡng trắng & phục hồi chuyên sâu khi ngủ , đến từ Hàn Quốc. Công thức đặc biệt giúp da được nuôi dưỡng sâu, cải thiện sắc tố, làm mờ thâm nám và tàn nhang, đồng thời cấp ẩm để da mềm mịn và rạng rỡ mỗi sáng thức dậy. Công dụng ch",https://bizweb.dktcdn.net/100/660/831/products/128.png?v=1777121865227|https://bizweb.dktcdn.net/100/660/831/products/f94c06c2-1a98-4e85-9a13-58475370ccd5-jpg-v-1757941442177.jpg?v=1779007684930|https://bizweb.dktcdn.net/100/660/831/products/fbdf27cb-c34f-41bd-b626-b758a9a6d0d3.jpg?v=1779007684930,storage/images/kem-duong-da-ban-dem-elysiderm-eirlys-alpha-melight-intensive-cream-50ml-hop/01.png|storage/images/kem-duong-da-ban-dem-elysiderm-eirlys-alpha-melight-intensive-cream-50ml-hop/02.jpg|storage/images/kem-duong-da-ban-dem-elysiderm-eirlys-alpha-melight-intensive-cream-50ml-hop/03.jpg,2026-07-12T16:48:17+00:00
https://mtd-global.com/son-guong-bong-colorkey-airy-lip-mirror-series,son-guong-bong-colorkey-airy-lip-mirror-series,"SON GƯƠNG BÓNG COLORKEY AIRY LIP MIRROR SERIES",COLORKEY,6977304935182,son,in_stock,169000,,VND,"Son Gương Bóng Dưỡng Môi Colorkey Airy Lip Mirror Series Thông tin sản phẩm Thương hiệu: Colorkey Loại sản phẩm: Son bóng / tint dưỡng môi hiệu ứng gương Hiệu ứng: Gương bóng căng mọng, ẩm mượt Mô tả sản phẩm Son gương bóng Colorkey Airy Lip Mirror Series là sản phẩm son môi kết hợp giữa hiệu ứng bóng gương lấp lánh và",https://bizweb.dktcdn.net/100/660/831/products/20.png?v=1777127694300|https://bizweb.dktcdn.net/100/660/831/products/r738-8a822298d5fd4ae8b1c92f0d4dfe953f.png?v=1777127694300|https://bizweb.dktcdn.net/100/660/831/products/vn-11134207-820l4-miwsrpmxnp53c2-jpeg.jpg?v=1777127694300|https://bizweb.dktcdn.net/100/660/831/products/vn-11134207-820l4-miwv9574zrwj08-jpeg.jpg?v=1777127694300,storage/images/son-guong-bong-colorkey-airy-lip-mirror-series/01.png|storage/images/son-guong-bong-colorkey-airy-lip-mirror-series/02.png|storage/images/son-guong-bong-colorkey-airy-lip-mirror-series/03.jpg|storage/images/son-guong-bong-colorkey-airy-lip-mirror-series/04.jpg,2026-07-12T16:48:21+00:00
https://mtd-global.com/dau-tay-trang-lam-sach-sau-hanskin-cleansing-oil-blackhead,dau-tay-trang-lam-sach-sau-hanskin-cleansing-oil-blackhead,"DẦU TẨY TRANG LÀM SẠCH SÂU HANSKIN CLEANSING OIL & BLACKHEAD",HANSKIN,8809448633045,"Tẩy trang",out_of_stock,350000,,VND,"Hanskin Cleansing Oil & Blackhead 300ml – Dầu Tẩy Trang Làm Sạch Sâu & Hỗ Trợ Giảm Mụn Đầu Đen Mô tả sản phẩm Dầu tẩy trang Hanskin Cleansing Oil & Blackhead là sản phẩm làm sạch sâu dạng dầu phù hợp cho da dầu, da hỗn hợp và da nhạy cảm, giúp loại bỏ lớp trang điểm, bụi bẩn và dầu thừa một cách hiệu quả mà không gây k",https://bizweb.dktcdn.net/100/660/831/products/102.png?v=1777121934790|https://bizweb.dktcdn.net/100/660/831/products/ban-sao-cua-frame-sp-308.png?v=1779007963580|https://bizweb.dktcdn.net/100/660/831/products/8-grande.png?v=1779008082813|https://bizweb.dktcdn.net/100/660/831/products/4-efc50c83f61f4a5e950eb5bc125f0601-410a31ad821247d6aa1d34629d6be119-51e711a3d042467dae8a94ddee0ee869.png?v=1779008103800|https://bizweb.dktcdn.net/100/660/831/products/7-92bbfe4a1e454bd891a4c8b825be702d-1024x1024.png?v=1779008127073|https://bizweb.dktcdn.net/100/660/831/products/60409651-e41a-47ed-96e0-a233f302ec4c-184cd04be99f4304b3380abee4a2f5b7-a269c82cf1f4463aaedcbf254040f9c2.jpg?v=1779008176853,storage/images/dau-tay-trang-lam-sach-sau-hanskin-cleansing-oil-blackhead/01.png|storage/images/dau-tay-trang-lam-sach-sau-hanskin-cleansing-oil-blackhead/02.png|storage/images/dau-tay-trang-lam-sach-sau-hanskin-cleansing-oil-blackhead/03.png|storage/images/dau-tay-trang-lam-sach-sau-hanskin-cleansing-oil-blackhead/04.png|storage/images/dau-tay-trang-lam-sach-sau-hanskin-cleansing-oil-blackhead/05.png|storage/images/dau-tay-trang-lam-sach-sau-hanskin-cleansing-oil-blackhead/06.jpg,2026-07-12T16:48:25+00:00
https://mtd-global.com/son-bong-3ce-stylenanda-3ce-misty-lip-bare,son-bong-3ce-stylenanda-3ce-misty-lip-bare,"SON BÓNG 3CE STYLENANDA 3CE MISTY LIP BARE",3CE,6902395980155,son,in_stock,390000,,VND,"3CE Misty Lip Bare 3CE Misty Lip Bare là dòng son tint bóng (lip gloss tint) nổi tiếng của thương hiệu Hàn Quốc 3CE, mang phong cách trang điểm tự nhiên kiểu “môi trong veo – căng mọng như phủ sương”. Thương hiệu: 3CE , Hàn Quốc Đặc điểm sản phẩm Chất son Dạng tint bóng nước siêu mỏng nhẹ Kết cấu “Misty Comfort” giúp s",https://bizweb.dktcdn.net/100/660/831/products/222.png?v=1777560545687|https://bizweb.dktcdn.net/100/660/831/products/9-f3dd97e23e014dd08984847f7728eb16-master-1770445168656.jpg?v=1777560545687|https://bizweb.dktcdn.net/100/660/831/products/11-0c60ab7a8c4f4f28a6b5d513e983a94d-master-1770445429522.jpg?v=1777560542737|https://bizweb.dktcdn.net/100/660/831/products/screenshot-2026-02-07-at-13-22-17-1770445352331.png?v=1777560542737|https://bizweb.dktcdn.net/100/660/831/products/5-f82ba5b53e8a4f5fb6720da96eb7d344-master-1773400873893.jpg?v=1777560542737|https://bizweb.dktcdn.net/100/660/831/products/son-pha-le-3ce-misty-lip-bare-4-6g-09-driftwood-1773401373495.jpg?v=1777560542737|https://bizweb.dktcdn.net/100/660/831/products/son-kem-3ce-misty-lip-bare-46g-08-chill-flame-1773401362239.jpg?v=1777560542737,storage/images/son-bong-3ce-stylenanda-3ce-misty-lip-bare/01.png|storage/images/son-bong-3ce-stylenanda-3ce-misty-lip-bare/02.jpg|storage/images/son-bong-3ce-stylenanda-3ce-misty-lip-bare/03.jpg|storage/images/son-bong-3ce-stylenanda-3ce-misty-lip-bare/04.png|storage/images/son-bong-3ce-stylenanda-3ce-misty-lip-bare/05.jpg|storage/images/son-bong-3ce-stylenanda-3ce-misty-lip-bare/06.jpg|,2026-07-12T16:48:31+00:00
https://mtd-global.com/son-moi-mau-judydoll-matte-lip-cream,son-moi-mau-judydoll-matte-lip-cream,"SON MÔI MÀU JUDYDOLL MATTE LIP CREAM",JUDYDOLL,6976436772702,son,in_stock,150000,,VND,"SON KEM LÌ JUDYDOLL MATTE LIP CREAM Thương hiệu JUDYDOLL là thương hiệu mỹ phẩm trang điểm nội địa Trung , thuộc nhóm C-beauty. Thương hiệu nổi bật với các sản phẩm trang điểm có thiết kế trẻ trung, màu sắc thời thượng, dễ sử dụng và giá thành hợp lý. Xuất xứ: NỘI ĐỊA TRUNG Sản phẩm được sản xuất và phân phối theo tiêu",https://bizweb.dktcdn.net/100/660/831/products/13.png?v=1777122003647|https://bizweb.dktcdn.net/100/660/831/products/son-kem-li-judydoll-matte-lip-cream-2-6cdcd2da611a4e1196cb9ae9a37fea90-1771750352059.png?v=1777122006160|https://bizweb.dktcdn.net/100/660/831/products/son-kem-li-judydoll-matte-lip-cream-5dde3d68238c4a50acf7b7d2f194c21b-1771750353176.png?v=1777122006160|https://bizweb.dktcdn.net/100/660/831/products/son-kem-li-judydoll-matte-lip-cream-1-e0a8d559e52b4aff9878e8c03fa4cf51-1771750350873.png?v=1777122006160,storage/images/son-moi-mau-judydoll-matte-lip-cream/01.png|storage/images/son-moi-mau-judydoll-matte-lip-cream/02.png|storage/images/son-moi-mau-judydoll-matte-lip-cream/03.png|storage/images/son-moi-mau-judydoll-matte-lip-cream/04.png,2026-07-12T16:48:37+00:00
https://mtd-global.com/phan-phu-dang-bot-colorkey-c02-1g,phan-phu-dang-bot-colorkey-c02-1g,"PHẤN PHỦ DẠNG BỘT COLORKEY C02 1G",COLORKEY,6977304933294,Makeup,in_stock,59000,100000,VND,"Phấn Phủ Dạng Bột Colorkey C02 1g Thương hiệu: Colorkey Xuất xứ: NỘI ĐỊA TRUNG Mô tả sản phẩm Phấn phủ dạng bột Colorkey Lasting Naturally C02 (mini 1g) là sản phẩm giúp khóa lớp nền, kiềm dầu và làm mịn bề mặt da , mang lại lớp trang điểm tự nhiên, khô thoáng và lâu trôi . Với hạt phấn siêu mịn, sản phẩm giúp da trông",https://bizweb.dktcdn.net/100/660/831/products/59.png?v=1777122029860|https://bizweb.dktcdn.net/100/660/831/products/c4777be8-ba9b-4877-82b1-5b6f3082551b.jpg?v=1777122032937|https://bizweb.dktcdn.net/100/660/831/products/8e67421b-3874-4bc5-8caf-0a21d16930bc.jpg?v=1777122032937,storage/images/phan-phu-dang-bot-colorkey-c02-1g/01.png|storage/images/phan-phu-dang-bot-colorkey-c02-1g/02.jpg|storage/images/phan-phu-dang-bot-colorkey-c02-1g/03.jpg,2026-07-12T16:48:41+00:00
https://mtd-global.com/phan-phu-dang-nen-colorkey,phan-phu-dang-nen-colorkey,"PHẤN PHỦ DẠNG NÉN COLORKEY Long Lasting OilControl Airy Powder 12g",COLORKEY,6977304934666,makeup,in_stock,260000,350000,VND,"Phấn Phủ Dạng Nén Colorkey Long Lasting Oil-Control Airy Powder Thương hiệu: Colorkey Xuất xứ: Trung Quốc Dạng: phấn phủ nén Loại da phù hợp: da dầu, da hỗn hợp, da thường Finish: mịn lì tự nhiên Mô tả sản phẩm Phấn phủ dạng nén Colorkey Airy Powder là sản phẩm giúp khóa lớp nền trang điểm, kiềm dầu và làm mịn bề mặt d",https://bizweb.dktcdn.net/100/660/831/products/58.png?v=1777122077060|https://bizweb.dktcdn.net/100/660/831/products/a0c30053-6cb9-40ee-9210-70fc4def1ff9.jpg?v=1777122077060|https://bizweb.dktcdn.net/100/660/831/products/cn-11134207-820l4-mggd6l7dn7rfe5-jpeg.jpg?v=1777122077060|https://bizweb.dktcdn.net/100/660/831/products/ph-n-n-n-3-bd46a3f429ca4739ad85db5ec9515261.png?v=1777122077060|https://bizweb.dktcdn.net/100/660/831/products/thong-tin-san-pham-689ed6cfa6be44aa98a175d4329d96b4-grande.jpg?v=1777122077060,storage/images/phan-phu-dang-nen-colorkey/01.png|storage/images/phan-phu-dang-nen-colorkey/02.jpg|storage/images/phan-phu-dang-nen-colorkey/03.jpg|storage/images/phan-phu-dang-nen-colorkey/04.png|storage/images/phan-phu-dang-nen-colorkey/05.jpg,2026-07-12T16:48:45+00:00
https://mtd-global.com/bong-phan-phu-tron-nho-jary-small-round-powder-puff,bong-phan-phu-tron-nho-jary-small-round-powder-puff,"BÔNG PHẤN PHỦ TRÒN NHỎ JARY SMALL ROUND POWDER PUFF",JARY,8936228460758,"Phụ kiện",out_of_stock,30000,50000,VND,"Mô tả sản phẩm Bông phấn phủ tròn nhỏ Jary là phụ kiện trang điểm chuyên dùng để dặm phấn phủ, phấn nén hoặc kiềm dầu . Với thiết kế nhỏ gọn và chất liệu mút mềm mại, sản phẩm giúp lớp nền trở nên mịn màng, tự nhiên và bền màu hơn . ✨ Đặc điểm nổi bật Chất liệu mút mềm – mịn – đàn hồi tốt Êm dịu trên da, không gây kích",https://bizweb.dktcdn.net/100/660/831/products/hdshdyj-ca51usz8y50a1dhzyzp6xphp4domzvj3txzvwgvlp-c8pxzqitbj0-lavhtcbvszpkuzx5zvlf3tqll1mvtbebs-1i7h-0o1-azd48iv7txcq1-ia-eo-ff5xicaixc1jhai8g50gqhwotbl152wc1erf3a9rjqncjs-f1wtto6r2gq5hrfk9vbsfxsnapdpph9jemenctrolojlos-zr.jpg?v=1776069552047,storage/images/bong-phan-phu-tron-nho-jary-small-round-powder-puff/01.jpg,2026-07-12T16:48:50+00:00
https://mtd-global.com/kem-duong-da-medipeel-bio-intense-glutathione-white-cream,kem-duong-da-medipeel-bio-intense-glutathione-white-cream,"KEM DƯỠNG DA MEDIPEEL BIO INTENSE GLUTATHIONE WHITE CREAM",MEDIPEEL,8809409347462,"Kem dưỡng",out_of_stock,270000,350000,VND,"🌿 Giới thiệu sản phẩm Kem dưỡng trắng da Medi‑Peel Bio‑Intense Glutathione White Cream là kem dưỡng da cao cấp đến từ Hàn Quốc , nổi bật với công thức giàu Glutathione và Niacinamide cùng phức hợp vitamin và peptide, giúp làm sáng da, mờ thâm sạm & đều màu da , đồng thời nuôi dưỡng da mềm mịn và tươi trẻ theo thời gia",https://bizweb.dktcdn.net/100/660/831/products/306.png?v=1777450484190|https://bizweb.dktcdn.net/100/660/831/products/z6565055830328-47cd67bb89f36493d9f084766612f22f-jpg-v-1746272631143.jpg?v=1779008233013|https://bizweb.dktcdn.net/100/660/831/products/z6565055877206-e0c6f11a69c2ecf18422e354ac302af9-jpg-v-1746272635333.jpg?v=1779008234643|https://bizweb.dktcdn.net/100/660/831/products/e13dcfa9-7008-4cd3-ae71-e30ff87c695d.jpg?v=1779008234643,storage/images/kem-duong-da-medipeel-bio-intense-glutathione-white-cream/01.png|storage/images/kem-duong-da-medipeel-bio-intense-glutathione-white-cream/02.jpg|storage/images/kem-duong-da-medipeel-bio-intense-glutathione-white-cream/03.jpg|storage/images/kem-duong-da-medipeel-bio-intense-glutathione-white-cream/04.jpg,2026-07-12T16:48:53+00:00
https://mtd-global.com/chuot-mi-cong-va-day-colorkey-volumizing-curling-mascara,chuot-mi-cong-va-day-colorkey-volumizing-curling-mascara,"CHUỐT MI CONG VÀ DÀY COLORKEY VOLUMIZING & CURLING MASCARA",COLORKEY,6970182943881,Makeup,in_stock,170000,270000,VND,"Chuốt Mi Cong Và Dày Colorkey Volumizing & Curling Mascara Thương hiệu: Colorkey Xuất xứ: NỘI ĐỊA TRUNG Hiệu ứng: cong – dày – tơi tự nhiên Mô tả sản phẩm Colorkey Volumizing & Curling Mascara là mascara giúp làm cong mi, tăng độ dày và kéo dài sợi mi tự nhiên , mang lại đôi mắt sắc nét và cuốn hút hơn. Với công thức d",https://bizweb.dktcdn.net/100/660/831/products/60.png?v=1777122109257|https://bizweb.dktcdn.net/100/660/831/products/9-19f51fc1-3d75-4a6c-ae88-12b19670f95b.jpg?v=1777122111463|https://bizweb.dktcdn.net/100/660/831/products/size-anh-noi-dung-web-2025-06-26t085940-755-jpeg.jpg?v=1777122111463,storage/images/chuot-mi-cong-va-day-colorkey-volumizing-curling-mascara/01.png|storage/images/chuot-mi-cong-va-day-colorkey-volumizing-curling-mascara/02.jpg|storage/images/chuot-mi-cong-va-day-colorkey-volumizing-curling-mascara/03.jpg,2026-07-12T16:48:58+00:00
https://mtd-global.com/phan-nuoc-chong-nang-lam-sang-da-lau-troi-colorkey-long-lasting-flawless-brightening-cushion-cream-spf50-pa,phan-nuoc-chong-nang-lam-sang-da-lau-troi-colorkey-long-lasting-flawless-brightening-cushion-cream-spf50-pa,"PHẤN NƯỚC CHỐNG NẮNG LÀM SÁNG DA LÂU TRÔI COLORKEY LONG LASTING FLAWLESS BRIGHTENING CUSHION CREAM SPF50+PA++++",COLORKEY,6938582359640,Makeup,in_stock,260000,,VND,"Phấn Nước Chống Nắng Làm Sáng Da Lâu Trôi Colorkey Long Lasting Flawless Brightening Cushion Cream SPF50+ PA++++ Thương hiệu: Colorkey Xuất xứ: NỘI ĐỊA TRUNG Chỉ số chống nắng: SPF50+ PA++++ Loại da phù hợp: da thường, da hỗn hợp, da khô nhẹ Finish: sáng mịn, căng bóng tự nhiên Mô tả sản phẩm Colorkey Long Lasting Flaw",https://bizweb.dktcdn.net/100/660/831/products/61.png?v=1777122140583|https://bizweb.dktcdn.net/100/660/831/products/cn-11134207-7ras8-m83fvua492wie4-d61dee0caadd4f91a834a148f2064661-1024x1024.jpg?v=1777122142527|https://bizweb.dktcdn.net/100/660/831/products/f5b7735e-a2c6-42d7-a20a-d30e8bf50e07-jpeg.jpg?v=1777122142527|https://bizweb.dktcdn.net/100/660/831/products/phan-nuoc-ben-mau-colorkey-long-lasting-flawless-brightening-cushion-cream-spf50-11g-2.png?v=1777122142527|https://bizweb.dktcdn.net/100/660/831/products/vn-11134207-7ra0g-m7vywnutzbsye1-7b3e9f53a0114b91b78ea98c70f0dd97-1024x1024-jpeg.jpg?v=1777122142527|https://bizweb.dktcdn.net/100/660/831/products/p1-1769940427330.jpg?v=1777122142527,storage/images/phan-nuoc-chong-nang-lam-sang-da-lau-troi-colorkey-long-lasting-flawless-brightening-cushion-cream-spf50-pa/01.png|storage/images/phan-nuoc-chong-nang-lam-sang-da-lau-troi-colorkey-long-lasting-flawless-brightening-cushion-cream-spf50-pa/02.jpg|storage/images/phan-nuoc-chong-nang-lam-sang-da-lau-troi-colorkey-long-lasting-flawless-brightening-cushion-cream-spf50-pa/03.jpg|storage/images/phan-nuoc-chong-nang-lam-sang-da-lau-troi-colorkey-long-lasting-flawless-brightening-cushion-cream-spf50-pa/04.png|storage/images/phan-nuoc-chong-nang-lam-sang-da-lau-troi-colorkey-long-lasting-flawless-brightening-cushion-cream-spf50-pa/05.jpg|storage/images/phan-nuoc-chong-nang-lam-sang-da-lau-troi-colorkey-long-lasting-flawless-brightening-cushion-cream-spf50-pa/06.jpg,2026-07-12T16:49:03+00:00
https://mtd-global.com/bang-kem-che-khuyet-diem-colorkey-targeting-three-colour-concealer-palette,bang-kem-che-khuyet-diem-colorkey-targeting-three-colour-concealer-palette,"BẢNG KEM CHE KHUYẾT ĐIỂM COLORKEY TARGETING THREE-COLOUR CONCEALER PALETTE",COLORKEY,6975326785969,Makeup,out_of_stock,120000,240000,VND,"Bảng Kem Che Khuyết Điểm Colorkey Targeting Three-Colour Concealer Palette Thương hiệu: Colorkey Xuất xứ: NỘI ĐỊA TRUNG Mô tả sản phẩm Colorkey Targeting Three-Colour Concealer Palette là bảng kem che khuyết điểm gồm 3 ô màu giúp che phủ khuyết điểm – hiệu chỉnh sắc da – làm đều màu da một cách linh hoạt. Kết cấu kem m",https://bizweb.dktcdn.net/100/660/831/products/62.png?v=1777122167477|https://bizweb.dktcdn.net/100/660/831/products/colorkey-che-khuyet-diem-ce344d79956f42e5bcc1513747eeaa4a-1024x1024.jpg?v=1777122169683|https://bizweb.dktcdn.net/100/660/831/products/9-9a294540-aedb-4d48-989a-4529ddb51b2d.png?v=1777122169683|https://bizweb.dktcdn.net/100/660/831/products/10-61af2069-2bda-4f54-9bc8-8e9ae86e82aa.png?v=1777122169683|https://bizweb.dktcdn.net/100/660/831/products/cn-11134207-820l4-mlwbu5fdbswf03-jpeg.jpg?v=1777122169683,storage/images/bang-kem-che-khuyet-diem-colorkey-targeting-three-colour-concealer-palette/01.png|storage/images/bang-kem-che-khuyet-diem-colorkey-targeting-three-colour-concealer-palette/02.jpg|storage/images/bang-kem-che-khuyet-diem-colorkey-targeting-three-colour-concealer-palette/03.png|storage/images/bang-kem-che-khuyet-diem-colorkey-targeting-three-colour-concealer-palette/04.png|storage/images/bang-kem-che-khuyet-diem-colorkey-targeting-three-colour-concealer-palette/05.jpg,2026-07-12T16:49:08+00:00
https://mtd-global.com/masscara-judydoll-curling-iron,masscara-judydoll-curling-iron,"MASSCARA JUDYDOLL CURLING IRON",JUDYDOLL,6976436772047,Makeup,in_stock,190000,,VND,"Mascara Judydoll Curling Iron Thương hiệu: Judydoll Xuất xứ: Trung Quốc Dạng: mascara cong mi – làm dài Hiệu ứng: cong – dài – tơi tự nhiên Loại mi phù hợp: mi thẳng, mi ngắn Mô tả sản phẩm Judydoll Curling Iron Mascara là mascara nổi bật với thiết kế đầu cọ “dạng sắt/uốn cong” độc đáo, giúp nâng mi – giữ cong – làm dà",https://bizweb.dktcdn.net/100/660/831/products/63.png?v=1777122198673|https://bizweb.dktcdn.net/100/660/831/products/mascara-judydoll-jpeg.jpg?v=1779008330100|https://bizweb.dktcdn.net/100/660/831/products/mascara-judydoll-lam-cong-dai-toi-mi-2g-4.jpg?v=1779008330100|https://bizweb.dktcdn.net/100/660/831/products/vn-11134208-7r98o-lq8iwaukq3ma8d.png?v=1777122198673|https://bizweb.dktcdn.net/100/660/831/products/mascara-judydoll-lam-cong-dai-toi-mi-2g-6.jpg?v=1777122198673|https://bizweb.dktcdn.net/100/660/831/products/1-7bf298e5a84f48e4bc1179df43812671-5cc7ef72a01c48b586f3482f3efb58d7-1024x1024.jpg?v=1777122198673|https://bizweb.dktcdn.net/100/660/831/products/chuot-mi-judydoll-iron-mascara-0a311b1c01974b25a062842f17030466-1769940526342.png?v=1777122198673,storage/images/masscara-judydoll-curling-iron/01.png|storage/images/masscara-judydoll-curling-iron/02.jpg|storage/images/masscara-judydoll-curling-iron/03.jpg|storage/images/masscara-judydoll-curling-iron/04.png|storage/images/masscara-judydoll-curling-iron/05.jpg|storage/images/masscara-judydoll-curling-iron/06.jpg|storage/images/masscara-judydoll-curling-iron/07.png,2026-07-12T16:49:13+00:00
https://mtd-global.com/bang-phan-mat-4-mau-judydoll-4-colors-eyeshadow,bang-phan-mat-4-mau-judydoll-4-colors-eyeshadow,"BẢNG PHẤN MẮT 4 MÀU JUDYDOLL 4-COLORS EYESHADOW",JUDYDOLL,6976436773884,Makeup,out_of_stock,200000,,VND,"Bảng Phấn Mắt 4 Màu Judydoll 4-Colors Eyeshadow Thương hiệu: Judydoll Xuất xứ: NỘI ĐỊA TRUNG Mô tả sản phẩm Judydoll 4-Colors Eyeshadow là bảng phấn mắt gồm 4 ô màu được phối sẵn theo từng tông, giúp dễ dàng tạo layout trang điểm mắt từ tự nhiên, trong trẻo đến sắc sảo, cuốn hút . Thiết kế nhỏ gọn, tiện mang theo, phù",https://bizweb.dktcdn.net/100/660/831/products/64.png?v=1777122235767|https://bizweb.dktcdn.net/100/660/831/products/phan-mat-judydoll-4-color-eyeshadow-4-o-2-1769940684444.jpg?v=1777122238240|https://bizweb.dktcdn.net/100/660/831/products/nh-02-48ef4f78c1364182a2c4af1f6213d175.png?v=1777122238240,storage/images/bang-phan-mat-4-mau-judydoll-4-colors-eyeshadow/01.png|storage/images/bang-phan-mat-4-mau-judydoll-4-colors-eyeshadow/02.jpg|storage/images/bang-phan-mat-4-mau-judydoll-4-colors-eyeshadow/03.png,2026-07-12T16:49:18+00:00
https://mtd-global.com/chuot-mi-maybelline-newyork-black-vang,chuot-mi-maybelline-newyork-black-vang,"CHUỐT MI MAYBELLINE NEWYORK BLACK (VÀNG)",MAYBELLINE,6902395743750,Makeup,in_stock,170000,280000,VND,"Chuốt Mi Maybelline New York Black (Vàng) Thương hiệu: Maybelline New York Xuất xứ: Mỹ Dạng: mascara làm cong & dày mi Màu: đen / Very Black Loại mi phù hợp: mi thẳng, mi ngắn, mi thưa Mô tả sản phẩm Maybelline Mascara Falsies Lash Lift (phiên bản vỏ vàng – Black/Very Black) là dòng mascara nổi tiếng giúp làm cong mi,",https://bizweb.dktcdn.net/100/660/831/products/65.png?v=1777122288420|https://bizweb.dktcdn.net/100/660/831/products/goxuskvkte6vve7o605g7dbwubsnsf-meta4bqitkggv0vcic0gmjaync0wos0xnlqxnjq3ntkuoda1lnbuzw.png?v=1777122291743|https://bizweb.dktcdn.net/100/660/831/products/7-d368eaa4-a70b-40de-8ab7-e4a14f051529-png-v-1677036044807.png?v=1777122291743,storage/images/chuot-mi-maybelline-newyork-black-vang/01.png|storage/images/chuot-mi-maybelline-newyork-black-vang/02.png|storage/images/chuot-mi-maybelline-newyork-black-vang/03.png,2026-07-12T16:49:22+00:00
https://mtd-global.com/mat-na-duong-da-masilraon-b5-glutathione-trx-mask-dung-tich-25ml-cai,mat-na-duong-da-masilraon-b5-glutathione-trx-mask-dung-tich-25ml-cai,"Mặt nạ dưỡng da MASILRAON B5 GLUTATHIONE TRX MASK dung tích:25ml/cái",MASILRAON,8809874453415,"Mặt nạ",in_stock,20000,30000,VND,"Mặt Nạ MASILRAON B5 Glutathione TRX Mask – Mặt nạ dưỡng da cấp ẩm, phục hồi & làm sáng Mô tả sản phẩm: Mặt nạ MASILRAON B5 Glutathione TRX Mask là mặt nạ giấy dưỡng da cao cấp thiết kế để cấp ẩm sâu, làm mềm và phục hồi da , đồng thời giúp cải thiện độ sáng đều màu cho làn da xỉn màu. Thành phần được chú trọng gồm Vita",https://bizweb.dktcdn.net/100/660/831/products/66.png?v=1777122325843|https://bizweb.dktcdn.net/100/660/831/products/vn-11134207-7ras8-mdgdl5s2lesv97.jpg?v=1777122325843|https://bizweb.dktcdn.net/100/660/831/products/vn-11134207-7ras8-mdgdl5wiewxbcc.jpg?v=1777122325843|https://bizweb.dktcdn.net/100/660/831/products/vn-11134207-7ras8-mdgdl5r8o1ptb7.jpg?v=1777122325843,storage/images/mat-na-duong-da-masilraon-b5-glutathione-trx-mask-dung-tich-25ml-cai/01.png|storage/images/mat-na-duong-da-masilraon-b5-glutathione-trx-mask-dung-tich-25ml-cai/02.jpg|storage/images/mat-na-duong-da-masilraon-b5-glutathione-trx-mask-dung-tich-25ml-cai/03.jpg|storage/images/mat-na-duong-da-masilraon-b5-glutathione-trx-mask-dung-tich-25ml-cai/04.jpg,2026-07-12T16:49:27+00:00
https://mtd-global.com/km-thuc-pham-bao-ve-suc-khoe-blackmores-bio-c-1000mg,km-thuc-pham-bao-ve-suc-khoe-blackmores-bio-c-1000mg,"KM: THỰC PHẨM BẢO VỆ SỨC KHOẺ BLACKMORES BIO C 1000MG",BLACKMORES,SP3210,km,out_of_stock,300000,450000,VND,"Blackmores Bio C 1000mg là thực phẩm bảo vệ sức khỏe cao cấp đến từ thương hiệu Blackmores, ứng dụng công thức Vitamin C hàm lượng cao kết hợp bioflavonoid tự nhiên , giúp tăng cường hấp thu và tối ưu hiệu quả bảo vệ cơ thể mỗi ngày. Xuất xứ Thương hiệu: Blackmores Xuất xứ thương hiệu: Úc Sản xuất tại: Úc Điểm nổi bật",https://bizweb.dktcdn.net/100/660/831/products/174.png?v=1777365326750|https://bizweb.dktcdn.net/100/660/831/products/vn-11134207-7r98o-lm5g63qypof36e.jpg?v=1777365326750|https://bizweb.dktcdn.net/100/660/831/products/26d4830086acc8037a8151c0359a4c96.jpg?v=1777365285553,storage/images/km-thuc-pham-bao-ve-suc-khoe-blackmores-bio-c-1000mg/01.png|storage/images/km-thuc-pham-bao-ve-suc-khoe-blackmores-bio-c-1000mg/02.jpg|storage/images/km-thuc-pham-bao-ve-suc-khoe-blackmores-bio-c-1000mg/03.jpg,2026-07-12T16:49:32+00:00
https://mtd-global.com/son-thoi-mem-moi-3ce-cashmere-hug-lipstick,son-thoi-mem-moi-3ce-cashmere-hug-lipstick,"SON THỎI MỀM MÔI 3CE CASHMERE HUG LIPSTICK",3CE,6902395972914,son,in_stock,350000,,VND,"SON THỎI 3CE CASHMERE HUG LIPSTICK Thương hiệu 3CE (3 Concept Eyes) là thương hiệu mỹ phẩm trang điểm nổi tiếng đến từ Hàn Quốc, trực thuộc Stylenanda. Thương hiệu được biết đến với phong cách hiện đại, trẻ trung, dẫn đầu xu hướng makeup tại châu Á. Xuất xứ Hàn Quốc. Sản phẩm được sản xuất theo tiêu chuẩn mỹ phẩm Hàn Q",https://bizweb.dktcdn.net/100/660/831/products/21.png?v=1777122374107|https://bizweb.dktcdn.net/100/660/831/products/e5ca6cdc-b97d-4ad8-802b-02184cbd0f77.jpg?v=1777122376497|https://bizweb.dktcdn.net/100/660/831/products/3ccb572b-8c78-4f59-b046-78eb0ab84b81.jpg?v=1777122376497|https://bizweb.dktcdn.net/100/660/831/products/995aac1d-6956-4d06-bae2-0e02bdf6222d.jpg?v=1777122376497|https://bizweb.dktcdn.net/100/660/831/products/cc76d300-8435-499f-b6ef-decc000aeab1.jpg?v=1777122376497|https://bizweb.dktcdn.net/100/660/831/products/bfab92f1-8bd8-4891-a541-f0e97c926dd1.jpg?v=1777122376497|https://bizweb.dktcdn.net/100/660/831/products/7020ccf4-5767-4b52-90c6-ba50ae7c721f.jpg?v=1777122376497|https://bizweb.dktcdn.net/100/660/831/products/78605c18-5ebc-41ae-8a6f-f536f8fe28f8.jpg?v=1777122376497|https://bizweb.dktcdn.net/100/660/831/products/2bd3586f-934f-4b6c-b6d2-a1c64ed59d5e.jpg?v=1777122376497|https://bizweb.dktcdn.net/100/660/831/products/72de5691-ef63-479f-ab9e-4a05637e3511.jpg?v=1777122376497,storage/images/son-thoi-mem-moi-3ce-cashmere-hug-lipstick/01.png|storage/images/son-thoi-mem-moi-3ce-cashmere-hug-lipstick/02.jpg|storage/images/son-thoi-mem-moi-3ce-cashmere-hug-lipstick/03.jpg|storage/images/son-thoi-mem-moi-3ce-cashmere-hug-lipstick/04.jpg|storage/images/son-thoi-mem-moi-3ce-cashmere-hug-lipstick/05.jpg|storage/images/son-thoi-mem-moi-3ce-cashmere-hug-lipstick/06.jpg|storage/images/son-thoi-mem-moi-3ce-cashmere-hug-lipstick/07.jpg|storage/images/son-thoi-mem-moi-3ce-cashmere-hug-lipstick/08.jpg|storage/images/son-thoi-mem-moi-3ce-cashmere-hug-lipstick/09.jpg|storage/images/son-thoi-mem-moi-3ce-cashmere-hug-lipstick/10.jpg,2026-07-12T16:49:37+00:00
https://mtd-global.com/son-kem-3ce-hazy-lip-clay,son-kem-3ce-hazy-lip-clay,"SON KEM 3CE HAZY LIP CLAY",3CE,8809664988950,son,in_stock,320000,,VND,"Thương hiệu 3CE (3 Concept Eyes) là thương hiệu mỹ phẩm nổi tiếng đến từ Hàn Quốc, trực thuộc Stylenanda. Thương hiệu nổi bật với các dòng son môi trendy, chất lượng cao và dẫn đầu xu hướng makeup châu Á. Xuất xứ Hàn Quốc Sản phẩm được sản xuất theo tiêu chuẩn mỹ phẩm Hàn Quốc và phân phối rộng rãi tại nhiều quốc gia.",https://bizweb.dktcdn.net/100/660/831/products/22.png?v=1777122406137|https://bizweb.dktcdn.net/100/660/831/products/son-kem-li-3ce-hazy-lip-clay-typegirl-11-1769939967049.jpg?v=1777122408480|https://bizweb.dktcdn.net/100/660/831/products/vn-11134207-7r98o-ll4t4a19tm8852-tn-22a60713496248ea8d798e723697e3a1-master-1769939772657.jpg?v=1777122408480|https://bizweb.dktcdn.net/100/660/831/products/vn-11134207-7r98o-ll4t4a19qt3c7d-tn-a9c09385bfff419da5fa337da95690bf-master-1769939773860.jpg?v=1777122408480|https://bizweb.dktcdn.net/100/660/831/products/son-kem-li-3ce-hazy-lip-clay-paintingcot-5-1769939773287.jpg?v=1777122408480|https://bizweb.dktcdn.net/100/660/831/products/son-kem-li-3ce-hazy-lip-clay-whip-red-4-1769940021598.jpg?v=1777122408480|https://bizweb.dktcdn.net/100/660/831/products/3ce-common-stranger-mau-cam-gach-1769940265229.jpg?v=1777122408480|https://bizweb.dktcdn.net/100/660/831/products/3ce-cherry-fluff-mau-hong-anh-dao-1769939775440.jpg?v=1777122408480|https://bizweb.dktcdn.net/100/660/831/products/son-kem-3ce-mauvrown-mau-nau-hazy-lip-clay-quyen-ru-moi-me-6-1769939771986.jpg?v=1777122408480|https://bizweb.dktcdn.net/100/660/831/products/3ce-butter-beige-mau-cam-dao-dat-1769939774783.jpg?v=1777122408480,storage/images/son-kem-3ce-hazy-lip-clay/01.png|storage/images/son-kem-3ce-hazy-lip-clay/02.jpg|storage/images/son-kem-3ce-hazy-lip-clay/03.jpg|storage/images/son-kem-3ce-hazy-lip-clay/04.jpg|storage/images/son-kem-3ce-hazy-lip-clay/05.jpg|storage/images/son-kem-3ce-hazy-lip-clay/06.jpg|storage/images/son-kem-3ce-hazy-lip-clay/07.jpg|storage/images/son-kem-3ce-hazy-lip-clay/08.jpg||storage/images/son-kem-3ce-hazy-lip-clay/10.jpg,2026-07-12T16:49:43+00:00
https://mtd-global.com/phan-ma-hong-3ce-face-blush,phan-ma-hong-3ce-face-blush,"PHẤN MÁ HỒNG 3CE FACE BLUSH",3CE,8809664984624,Makeup,in_stock,300000,,VND,"Phấn Má Hồng 3CE Face Blush Thương hiệu: 3CE (3 Concept Eyes) Xuất xứ: Hàn Quốc Dạng: phấn má bột nén Phong cách: tự nhiên – Hàn Quốc – trẻ trung Loại da phù hợp: mọi loại da Mô tả sản phẩm 3CE Face Blush là dòng phấn má dạng bột nổi tiếng của 3CE, giúp mang lại đôi má ửng hồng tự nhiên, trong trẻo và tươi tắn chỉ với",https://bizweb.dktcdn.net/100/660/831/products/23.png?v=1777122430483|https://bizweb.dktcdn.net/100/660/831/products/c5e1adf8-51af-4c6c-a11b-15183ee8f8f4.jpg?v=1777122432453|https://bizweb.dktcdn.net/100/660/831/products/b5f7ea70-390d-40f0-8b05-96b532829519.jpg?v=1777122432453|https://bizweb.dktcdn.net/100/660/831/products/5d00b590-17f5-480e-aee6-1b5e40aeec4e.jpg?v=1777122432453|https://bizweb.dktcdn.net/100/660/831/products/776fbc8e-5f3c-4864-b3d9-d6d60c0f4831.jpg?v=1777122432453|https://bizweb.dktcdn.net/100/660/831/products/7c91101d-b214-4e61-950d-5382b50a048a.jpg?v=1777122432453|https://bizweb.dktcdn.net/100/660/831/products/a5d37f63-cdef-4018-8fa9-fb8dff348e20.jpg?v=1777122432453|https://bizweb.dktcdn.net/100/660/831/products/a8ff44a0-cee5-43d1-bc64-0928ed6b4acb.jpg?v=1777122432453|https://bizweb.dktcdn.net/100/660/831/products/4b912c73-15c3-4f92-b070-c6999da08419.jpg?v=1777122432453,storage/images/phan-ma-hong-3ce-face-blush/01.png|storage/images/phan-ma-hong-3ce-face-blush/02.jpg|storage/images/phan-ma-hong-3ce-face-blush/03.jpg|storage/images/phan-ma-hong-3ce-face-blush/04.jpg|storage/images/phan-ma-hong-3ce-face-blush/05.jpg|storage/images/phan-ma-hong-3ce-face-blush/06.jpg|storage/images/phan-ma-hong-3ce-face-blush/07.jpg|storage/images/phan-ma-hong-3ce-face-blush/08.jpg|storage/images/phan-ma-hong-3ce-face-blush/09.jpg,2026-07-12T16:49:51+00:00
https://mtd-global.com/co-tao-khoi-jary-contour-brush-j03,co-tao-khoi-jary-contour-brush-j03,"CỌ TẠO KHỐI JARY CONTOUR BRUSH J03",JARY,8936228460024,"Phụ kiện",in_stock,95000,130000,VND,"Thương hiệu Jary là thương hiệu phụ kiện trang điểm nội địa Trung, được yêu thích nhờ thiết kế hiện đại, dễ sử dụng và phù hợp cả người mới học makeup lẫn makeup chuyên nghiệp. Xuất xứ: Nội Địa Trung Tên sản phẩm Cọ tạo khối Jary Contour Brush J03 Dạng sản phẩm Cọ trang điểm chuyên dụng dùng để tạo khối (contour), có t",https://bizweb.dktcdn.net/100/660/831/products/ban-sao-cua-frame-sp-249.png?v=1778152102760|https://bizweb.dktcdn.net/100/660/831/products/1b797da2-ec74-4367-971d-04b54610a47a.jpg?v=1778152102760|https://bizweb.dktcdn.net/100/660/831/products/1-a3b344e361fc4aa986569d3110456a49-grande.png?v=1778152164087,storage/images/co-tao-khoi-jary-contour-brush-j03/01.png|storage/images/co-tao-khoi-jary-contour-brush-j03/02.jpg|storage/images/co-tao-khoi-jary-contour-brush-j03/03.png,2026-07-12T16:49:58+00:00
https://mtd-global.com/nhip-da-nang-gap-khuc-jary-eyelash-tweezers-t02,nhip-da-nang-gap-khuc-jary-eyelash-tweezers-t02,"NHÍP ĐA NĂNG GẤP KHÚC JARY EYELASH TWEEZERS T02",JARY,8936228460864,"Phụ kiện",in_stock,20000,50000,VND,"🔎 Mô tả sản phẩm Nhíp đa năng gấp khúc Jary T02 là dụng cụ làm đẹp chuyên dùng trong nối mi, gắn mi giả và chỉnh sửa lông mày . Sản phẩm nổi bật với thiết kế cong/gấp khúc giúp thao tác dễ dàng ở nhiều góc độ, đặc biệt khi làm việc gần vùng mắt. ✨ Đặc điểm nổi bật Thiết kế gấp khúc (≈45°) : Giúp người dùng quan sát rõ",https://bizweb.dktcdn.net/100/660/831/products/ban-sao-cua-frame-sp-250.png?v=1778152769163|https://bizweb.dktcdn.net/100/660/831/products/z0pvshvmk-gzn9n0jevkri6wi-vkhawqjcap6jzsrces1imndyojf5iaog-3zr4fxcflcxepckuth-b9mf3be4runt7dllfrzs9x2asonu6wqz5qvur-ym036xmzjav8vpf5gcudojhnmoi49wjvillhzyauiwsemsiyassplczcz1wqr2y4nvsiqe1avi8z52sw8y7rl8jypo0zjhs6xs5ab0n6f.jpg?v=1778152769163|https://bizweb.dktcdn.net/100/660/831/products/nhip-da-nang-gap-khuc-jary-eyelash-tweezers-t02-nhip-gap-mi-jary-chinh-hang-daothinhuquynh-jpg-v-1747197088157.jpg?v=1778152769163,storage/images/nhip-da-nang-gap-khuc-jary-eyelash-tweezers-t02/01.png|storage/images/nhip-da-nang-gap-khuc-jary-eyelash-tweezers-t02/02.jpg|storage/images/nhip-da-nang-gap-khuc-jary-eyelash-tweezers-t02/03.jpg,2026-07-12T16:50:02+00:00
https://mtd-global.com/co-mat-det-jary-smudge-brush-j09,co-mat-det-jary-smudge-brush-j09,"CỌ MẮT DẸT JARY SMUDGE BRUSH J09",JARY,8936228460086,"Phụ kiện",in_stock,45000,90000,VND,"Thương hiệu Jary là thương hiệu dụng cụ trang điểm nội địa Trung , nổi bật với thiết kế hiện đại, lông cọ mềm mịn và phù hợp cả người mới học makeup lẫn makeup chuyên nghiệp. Xuất xứ : nội địa Trung Tên sản phẩm Cọ mắt dẹt Jary Smudge Brush J09 Dạng sản phẩm Cọ trang điểm mắt chuyên dụng, dùng để tán phấn mắt, smudge v",https://bizweb.dktcdn.net/100/660/831/products/ban-sao-cua-frame-sp-251.png?v=1778153156727|https://bizweb.dktcdn.net/100/660/831/products/ca99a954-cae2-4703-afea-d0a5879a1e9b.jpg?v=1778153156727|https://bizweb.dktcdn.net/100/660/831/products/and9gcqetcdjoynv6xixx4sdh-opl7sclveylwffzubodn-26a-s.jpg?v=1778153187280,storage/images/co-mat-det-jary-smudge-brush-j09/01.png|storage/images/co-mat-det-jary-smudge-brush-j09/02.jpg|storage/images/co-mat-det-jary-smudge-brush-j09/03.jpg,2026-07-12T16:50:07+00:00
https://mtd-global.com/co-ma-hong-jary-blush-brush-j02,co-ma-hong-jary-blush-brush-j02,"CỌ MÁ HỒNG JARY BLUSH BRUSH J02",JARY,8936228460017,"Phụ kiện",in_stock,95000,130000,VND,"CỌ MÁ HỒNG JARY BLUSH BRUSH J02 Thương hiệu Jary là thương hiệu dụng cụ trang điểm nội địa Trung , nổi bật với các dòng cọ mềm mịn, thiết kế hiện đại và dễ sử dụng cho cả người mới lẫn chuyên nghiệp. Xuất xứ: NỘI ĐỊA TRUNG Tên sản phẩm Cọ má hồng Jary Blush Brush J02 Dạng sản phẩm Cọ trang điểm chuyên dùng để tán má hồ",https://bizweb.dktcdn.net/100/660/831/products/ban-sao-cua-frame-sp-252.png?v=1778153923920|https://bizweb.dktcdn.net/100/660/831/products/d59346aa-5aa8-4c0f-aa3e-9b98e55a9e6f.jpg?v=1778153923920,storage/images/co-ma-hong-jary-blush-brush-j02/01.png|storage/images/co-ma-hong-jary-blush-brush-j02/02.jpg,2026-07-12T16:50:11+00:00
https://mtd-global.com/co-tan-phan-mat-lon-jary-big-eyeshadow-brush-j07,co-tan-phan-mat-lon-jary-big-eyeshadow-brush-j07,"CỌ TÁN PHẤN MẮT LỚN JARY BIG EYESHADOW BRUSH J07",JARY,8936228460062,"Phụ kiện",in_stock,45000,50000,VND,"Mô tả sản phẩm Cọ tán phấn mắt lớn Jary J07 là dụng cụ trang điểm chuyên dùng để tán màu, loang màu và tạo chiều sâu cho bầu mắt . Với thiết kế đầu cọ lớn, bản dẹt cùng lông mềm mịn, sản phẩm giúp thao tác nhanh và kiểm soát màu sắc dễ dàng hơn. ✨ Đặc điểm nổi bật Đầu cọ lớn – bản dẹt tiện dụng Giúp tán màu nhanh trên",https://bizweb.dktcdn.net/100/660/831/products/ban-sao-cua-frame-sp-254.png?v=1778154437173|https://bizweb.dktcdn.net/100/660/831/products/ugi-d047gf2cr3gr-w9cbtmrtp-an3dbui2uf2gekbqasx7fvdoj8epjd4s-o6tmdk9cwlieqj-xmjgmsf3-phjinbkwtur9carhkdjkvek5jakxj30rniqpntbxtzgfcbe6kpd9fjtyclvd0wee4rzs2-iwnchq3x5bclmq90sm13xokv5gjw1rrcv7zhdwjjet-mrxwxxit-we8ou4km9vjwacx.jpg?v=1778154437173,storage/images/co-tan-phan-mat-lon-jary-big-eyeshadow-brush-j07/01.png|storage/images/co-tan-phan-mat-lon-jary-big-eyeshadow-brush-j07/02.jpg,2026-07-12T16:50:16+00:00
https://mtd-global.com/co-ve-mi-mat-bong-mat-jary-eyelid-brush-j13,co-ve-mi-mat-bong-mat-jary-eyelid-brush-j13,"CỌ VẼ MÍ MẮT, BỌNG MẮT JARY EYELID BRUSH J13",JARY,8936228462592,"Phụ kiện",in_stock,45000,,VND,"Thương hiệu Jary là thương hiệu dụng cụ trang điểm nội địa Trung, được biết đến với các sản phẩm cọ trang điểm thiết kế thông minh, dễ sử dụng và phù hợp cả người mới học makeup lẫn chuyên nghiệp. Xuất xứ: nội địa Trung Tên sản phẩm Cọ vẽ mí mắt, bọng mắt Jary Eyelid Brush J13 Dạng sản phẩm Cọ trang điểm mắt chuyên dụn",https://bizweb.dktcdn.net/100/660/831/products/ban-sao-cua-frame-sp-253.png?v=1778154260380|https://bizweb.dktcdn.net/100/660/831/products/ea6ed39c-3571-42d6-ace8-aa6a63a85444.jpg?v=1778154260380,storage/images/co-ve-mi-mat-bong-mat-jary-eyelid-brush-j13/01.png|storage/images/co-ve-mi-mat-bong-mat-jary-eyelid-brush-j13/02.jpg,2026-07-12T16:50:20+00:00
https://mtd-global.com/co-tan-phan-mat-nho-jary-j08,co-tan-phan-mat-nho-jary-j08,"CỌ TÁN PHẤN MẮT NHỎ JARY J08",JARY,8936228460079,"Phụ kiện",in_stock,45000,86000,VND,"CỌ TÁN PHẤN MẮT NHỎ JARY J08 Thương hiệu Jary là thương hiệu dụng cụ trang điểm nội địa Trung, nổi bật với các dòng cọ có thiết kế hiện đại, lông mềm mịn và dễ sử dụng cho cả người mới bắt đầu lẫn chuyên nghiệp. Xuất xứ: NỘI ĐỊA TRUNG Tên sản phẩm Cọ tán phấn mắt nhỏ Jary J08 Dạng sản phẩm Cọ trang điểm mắt chuyên dụng",https://bizweb.dktcdn.net/100/660/831/products/ban-sao-cua-frame-sp-255.png?v=1778154728240|https://bizweb.dktcdn.net/100/660/831/products/9b780c9e-d3ff-4656-bc89-992ee85b7f81.jpg?v=1778154728240,storage/images/co-tan-phan-mat-nho-jary-j08/01.png|storage/images/co-tan-phan-mat-nho-jary-j08/02.jpg,2026-07-12T16:50:23+00:00
https://mtd-global.com/co-ve-chan-may-jary-brow-brush-j12,co-ve-chan-may-jary-brow-brush-j12,"CỌ VẼ CHÂN MÀY JARY BROW BRUSH J12",JARY,8936228460116,"Phụ kiện",in_stock,45000,50000,VND,"Cọ Tán Phấn Mắt Lớn Jary Big Eyeshadow Brush J07 Mô tả sản phẩm Cọ tán phấn mắt lớn Jary J07 là dụng cụ trang điểm chuyên dùng để tán màu, loang màu và tạo chiều sâu cho bầu mắt . Với thiết kế đầu cọ lớn, bản dẹt cùng lông mềm mịn, sản phẩm giúp thao tác nhanh và kiểm soát màu sắc dễ dàng hơn. Đặc điểm nổi bật Đầu cọ l",https://bizweb.dktcdn.net/100/660/831/products/ban-sao-cua-frame-sp-256.png?v=1778154985740|https://bizweb.dktcdn.net/100/660/831/products/vbpzkxcoci0wwvr0jdzlcfpnkfrnj61aqbg3yq2-iobe9y6xj77phetsqnqgqrovmkkx5c8uv4r0fzz-qvriies4hdkcw0ee8ayj5gssi6mcij0rwoxhibpjroau-m35xv6-uix9d9zrj1ndtdofzmx-ym0tvronuifatuinvledaytkydtrh-1ywj-3aoamg-ed2-fu8-4j7xudzdcpa76c6dyv-.jpg?v=1778154985740|https://bizweb.dktcdn.net/100/660/831/products/and9gcrndnfzbeyvsbrdlsog1ou6um5hdslpnmietj4fma7tjw-s.jpg?v=1778154990363,storage/images/co-ve-chan-may-jary-brow-brush-j12/01.png|storage/images/co-ve-chan-may-jary-brow-brush-j12/02.jpg|storage/images/co-ve-chan-may-jary-brow-brush-j12/03.jpg,2026-07-12T16:50:27+00:00
https://mtd-global.com/co-tan-phan-bat-sang-jary-highlight-brush-j05,co-tan-phan-bat-sang-jary-highlight-brush-j05,"CỌ TÁN PHẤN BẮT SÁNG JARY HIGHLIGHT BRUSH J05",JARY,8936228460048,"Phụ kiện",in_stock,95000,140000,VND,"Thương hiệu Jary là thương hiệu dụng cụ trang điểm nội địa Trung Quốc, nổi bật với các dòng cọ thuần chay (vegan), thiết kế hiện đại và dễ sử dụng cho cả người mới và chuyên nghiệp. Xuất xứ: NỘI ĐỊA TRUNG Tên sản phẩm Cọ tán phấn bắt sáng Jary Highlight Brush J05 Dạng sản phẩm Cọ trang điểm chuyên dùng để tán phấn bắt",https://bizweb.dktcdn.net/100/660/831/products/ban-sao-cua-frame-sp-257.png?v=1778155215090|https://bizweb.dktcdn.net/100/660/831/products/41e10630-4e16-49a4-83cf-30bf7f35ba8f.jpg?v=1778155215090|https://bizweb.dktcdn.net/100/660/831/products/and9gcqssdss5rzujydoeosi61r6hbvbqspnobw2r4xlpk18gw-s.jpg?v=1778155221017,storage/images/co-tan-phan-bat-sang-jary-highlight-brush-j05/01.png|storage/images/co-tan-phan-bat-sang-jary-highlight-brush-j05/02.jpg|,2026-07-12T16:50:31+00:00
https://mtd-global.com/co-danh-nen-dang-long-jary-j14,co-danh-nen-dang-long-jary-j14,"CỌ ĐÁNH NỀN DẠNG LỎNG JARY J14",JARY,8936228462608,"Phụ kiện",out_of_stock,65000,90000,VND,"Thương hiệu Jary là thương hiệu dụng cụ trang điểm nội địa Trung , nổi bật với các dòng cọ chất lượng ổn định, thiết kế tối giản và dễ sử dụng cho cả người mới lẫn chuyên nghiệp. Xuất xứ: NỘI ĐỊA TRUNG Tên sản phẩm Cọ tán kem nền dạng lỏng Jary Liquid Foundation Brush J14 Dạng sản phẩm Cọ trang điểm chuyên dùng để tán",https://bizweb.dktcdn.net/100/660/831/products/ban-sao-cua-frame-sp-259.png?v=1778155738937|https://bizweb.dktcdn.net/100/660/831/products/11a7268b-3b28-4156-94f0-32c84815c155.jpg?v=1778155738937|https://bizweb.dktcdn.net/100/660/831/products/z6035750927747-992e107997a5b20932884c93c6164207-grande.jpg?v=1778155701887,storage/images/co-danh-nen-dang-long-jary-j14/01.png|storage/images/co-danh-nen-dang-long-jary-j14/02.jpg|storage/images/co-danh-nen-dang-long-jary-j14/03.jpg,2026-07-12T16:50:36+00:00
https://mtd-global.com/co-tan-kem-nen-dang-long-dau-det-jary-super-thin-foundation-brush,co-tan-kem-nen-dang-long-dau-det-jary-super-thin-foundation-brush,"CỌ TÁN KEM NỀN DẠNG LỎNG ĐẦU DẸT JARY SUPER THIN FOUNDATION BRUSH",JARY,8936228460796,"Phụ kiện",in_stock,40000,80000,VND,"Tên sản phẩm: Cọ tán kem nền dạng lỏng đầu dẹt Jary Super Thin Foundation Brush Thương hiệu: Jary Xuất xứ: Trung Quốc Mô tả sản phẩm: Cọ tán kem nền Jary Super Thin Foundation Brush được thiết kế chuyên biệt cho các sản phẩm nền dạng lỏng, với đầu cọ dẹt siêu mỏng giúp dàn trải kem nền nhanh chóng và đồng đều. Thiết kế",https://bizweb.dktcdn.net/100/660/831/products/ban-sao-cua-frame-sp-258.png?v=1778155444820|https://bizweb.dktcdn.net/100/660/831/products/18a90224-e70d-4cdc-a9ea-1e4726bcf296.jpg?v=1778155444823|https://bizweb.dktcdn.net/100/660/831/products/495483351-621403207599843-7589114630692803288-n-7da809008d6d409f8b45a1ac1d875c83-master.jpg?v=1778155494543,storage/images/co-tan-kem-nen-dang-long-dau-det-jary-super-thin-foundation-brush/01.png|storage/images/co-tan-kem-nen-dang-long-dau-det-jary-super-thin-foundation-brush/02.jpg|storage/images/co-tan-kem-nen-dang-long-dau-det-jary-super-thin-foundation-brush/03.jpg,2026-07-12T16:50:43+00:00
https://mtd-global.com/co-xoan-chai-long-mi-va-may-jary-eyebrow-and-eyelash-brush-j17,co-xoan-chai-long-mi-va-may-jary-eyebrow-and-eyelash-brush-j17,"CỌ XOẮN CHẢI LÔNG MI VÀ MÀY JARY EYEBROW AND EYELASH BRUSH J17",JARY,8936228463889,"Phụ kiện",in_stock,49000,90000,VND,"Cọ Xoắn Chải Lông Mi Và Mày Jary Eyebrow And Eyelash Brush J17 Tên sản phẩm: Cọ xoắn chải lông mi và mày Jary Eyebrow And Eyelash Brush J17 Thương hiệu: Jary Xuất xứ: NỘI ĐỊA TRUNG Mô tả sản phẩm: Cọ xoắn Jary Eyebrow And Eyelash Brush J17 là dụng cụ trang điểm thiết yếu giúp định hình hàng mi và lông mày gọn gàng, tự",https://bizweb.dktcdn.net/100/660/831/products/ban-sao-cua-frame-sp-260.png?v=1778156063233|https://bizweb.dktcdn.net/100/660/831/products/1c4662f1-2960-424b-a544-162cbe128652.jpg?v=1778156063233|https://bizweb.dktcdn.net/100/660/831/products/and9gcqsyogwvugy0eh3i475hoxdonrhifcymeccaehibuequa-s.jpg?v=1778156068460,storage/images/co-xoan-chai-long-mi-va-may-jary-eyebrow-and-eyelash-brush-j17/01.png|storage/images/co-xoan-chai-long-mi-va-may-jary-eyebrow-and-eyelash-brush-j17/02.jpg|storage/images/co-xoan-chai-long-mi-va-may-jary-eyebrow-and-eyelash-brush-j17/03.jpg,2026-07-12T16:50:49+00:00
https://mtd-global.com/dao-cao-may-nhua-jary-eyebrow-razor-er02,dao-cao-may-nhua-jary-eyebrow-razor-er02,"DAO CẠO MÀY NHỰA JARY EYEBROW RAZOR - ER02",JARY,8936228460789,"Phụ kiện",in_stock,30000,50000,VND,"Tên sản phẩm: Dao cạo mày nhựa Jary Eyebrow Razor ER02 Thương hiệu: Jary Xuất xứ: nội địa Trung Mô tả sản phẩm Dao cạo mày Jary ER02 là dụng cụ chuyên dụng giúp loại bỏ lông mày thừa, hỗ trợ định hình hàng mày gọn gàng và sắc nét hơn. Thiết kế nhỏ gọn, dễ thao tác, phù hợp sử dụng tại nhà hoặc mang theo khi trang điểm.",https://bizweb.dktcdn.net/100/660/831/products/ban-sao-cua-frame-sp-261.png?v=1778156606917|https://bizweb.dktcdn.net/100/660/831/products/c36a884f-97ab-471a-8335-5d1d66a357f2.jpg?v=1778156606917|https://bizweb.dktcdn.net/100/660/831/products/and9gcripzpsfkiu0xomesymguv7xkht-wadn60lkg5exnoxqa-s.jpg?v=1778156647237,storage/images/dao-cao-may-nhua-jary-eyebrow-razor-er02/01.png|storage/images/dao-cao-may-nhua-jary-eyebrow-razor-er02/02.jpg|storage/images/dao-cao-may-nhua-jary-eyebrow-razor-er02/03.jpg,2026-07-12T16:50:55+00:00
https://mtd-global.com/khan-da-nang-dung-mot-lan-jary-disposalble-face-tower,khan-da-nang-dung-mot-lan-jary-disposalble-face-tower,"KHĂN ĐA NĂNG DÙNG MỘT LẦN JARY DISPOSALBLE FACE TOWER",JARY,8936228463575,"Phụ kiện",in_stock,30000,,VND,"Thương hiệu Jary là thương hiệu phụ kiện chăm sóc da và làm đẹp nội địa Trung, nổi bật với các sản phẩm tiện lợi, an toàn và phù hợp sử dụng hằng ngày. Xuất xứ: NỘI ĐỊA TRUNG Tên sản phẩm Jary Disposable Face Towel (Khăn đa năng dùng một lần) Dạng sản phẩm Khăn giấy khô không dệt (non-woven), dùng một lần, có thể sử dụ",https://bizweb.dktcdn.net/100/660/831/products/ban-sao-cua-frame-sp-262.png?v=1778156957343|https://bizweb.dktcdn.net/100/660/831/products/41c436dd-bed3-420c-a6b2-1c7c80c78c29.jpg?v=1778156957343|https://bizweb.dktcdn.net/100/660/831/products/6b0a40d8-986c-4786-9b2f-c307a66a688b.jpg?v=1778156891380|https://bizweb.dktcdn.net/100/660/831/products/and9gcrkk2oozwg4bdsmmlyojy-egodkl-oqz-buvj-vxozyhq-s.jpg?v=1778156952640,storage/images/khan-da-nang-dung-mot-lan-jary-disposalble-face-tower/01.png|storage/images/khan-da-nang-dung-mot-lan-jary-disposalble-face-tower/02.jpg|storage/images/khan-da-nang-dung-mot-lan-jary-disposalble-face-tower/03.jpg|storage/images/khan-da-nang-dung-mot-lan-jary-disposalble-face-tower/04.jpg,2026-07-12T16:51:02+00:00
https://mtd-global.com/mat-na-coklear-kombucha,mat-na-coklear-kombucha,"MẶT NẠ COKLEAR KOMBUCHA",CO'KLEAR,8809874453668,"mặt nạ",in_stock,40000,,VND,"Mặt Nạ Coklear Kombucha Mask – Mặt Nạ Dưỡng Da Cải Thiện Sắc Tố Mặt nạ Coklear Kombucha Mask là sản phẩm dưỡng da dạng mặt nạ giấy ứng dụng công thức chứa chiết xuất kombucha – một thành phần giàu dưỡng chất và lợi ích chống oxy hóa, giúp cân bằng dưỡng ẩm, làm dịu da và cải thiện sắc tố da xỉn màu . Sản phẩm phù hợp v",https://bizweb.dktcdn.net/100/660/831/products/160.png?v=1777122483667|https://bizweb.dktcdn.net/100/660/831/products/v-ng-1-01-79c58a533f3d4dcf936b6c59e1f6994d.jpg?v=1777122486050|https://bizweb.dktcdn.net/100/660/831/products/vn-11134207-820l4-mhsn1un6d79f3e-resize-w900-nl.webp?v=1779009249740|https://bizweb.dktcdn.net/100/660/831/products/vn-11134207-820l4-mhsn1unh0oawe0-resize-w900-nl.webp?v=1779009249740,storage/images/mat-na-coklear-kombucha/01.png|storage/images/mat-na-coklear-kombucha/02.jpg|storage/images/mat-na-coklear-kombucha/03.webp|storage/images/mat-na-coklear-kombucha/04.webp,2026-07-12T16:51:07+00:00
https://mtd-global.com/phan-nuoc-3ce-fitting-mesh-cover-cushion,phan-nuoc-3ce-fitting-mesh-cover-cushion,"PHẤN NƯỚC 3CE FITTING MESH COVER CUSHION",3CE,8800249651184,Makeup,out_of_stock,530000,,VND,"Phấn Nước 3CE Fitting Mesh Cover Cushion Thương hiệu: 3CE (3 Concept Eyes) Xuất xứ: Hàn Quốc Mô tả sản phẩm 3CE Fitting Mesh Cover Cushion là dòng phấn nước ứng dụng công nghệ lưới mesh hiện đại, giúp lấy lượng kem mỏng nhẹ và tán đều trên da. Sản phẩm mang lại lớp nền mịn nhẹ như filter, tự nhiên nhưng vẫn có độ che p",https://bizweb.dktcdn.net/100/660/831/products/25.png?v=1777122516407|https://bizweb.dktcdn.net/100/660/831/products/3-15658d29d0cc49d7be2fcbc6effe0841-1024x1024-ed3e494fd25a48238a33a60b58cb5b45.jpg?v=1777122519413|https://bizweb.dktcdn.net/100/660/831/products/05-3ce-mesh-cover-cushion-usp-3-lightweight-buildable-5635c705de4f4ffc96cb4ec1683f3c19-1024x1024.jpg?v=1777122519413|https://bizweb.dktcdn.net/100/660/831/products/phan-nuoc-3ce-trang-diem-tu-nhien-15g-1.jpg?v=1777122519413|https://bizweb.dktcdn.net/100/660/831/products/phan-nuoc-cushion-3ce-fitting-mesh-refill-11g-tone-n03-4-jpg-1758592210-23092025085010.jpg?v=1777122519413|https://bizweb.dktcdn.net/100/660/831/products/vn-11134207-820l4-medzk5ubj18l44-748c8d66adbf42ff8c99ae51599a83a6-jfif.jpg?v=1777122519413|https://bizweb.dktcdn.net/100/660/831/products/phan-nuoc-cushion-3ce-fitting-mesh-refill-11g-tone-w01-68d2009d1f594-23092025090621.jpg?v=1777122519413|https://bizweb.dktcdn.net/100/660/831/products/0fa31e9a-1ec7-4b79-a19c-08859188951f.jpg?v=1777122519413|https://bizweb.dktcdn.net/100/660/831/products/8800249651184.jpg?v=1777122519413|https://bizweb.dktcdn.net/100/660/831/products/phan-nuoc-3ce-fitting-mesh-cover-cushion-11g-n02.jpg?v=1777122519413|https://bizweb.dktcdn.net/100/660/831/products/n03-grande.jpg?v=1777122519413,storage/images/phan-nuoc-3ce-fitting-mesh-cover-cushion/01.png|storage/images/phan-nuoc-3ce-fitting-mesh-cover-cushion/02.jpg|storage/images/phan-nuoc-3ce-fitting-mesh-cover-cushion/03.jpg|storage/images/phan-nuoc-3ce-fitting-mesh-cover-cushion/04.jpg|storage/images/phan-nuoc-3ce-fitting-mesh-cover-cushion/05.jpg|storage/images/phan-nuoc-3ce-fitting-mesh-cover-cushion/06.jpg|storage/images/phan-nuoc-3ce-fitting-mesh-cover-cushion/07.jpg|storage/images/phan-nuoc-3ce-fitting-mesh-cover-cushion/08.jpg|storage/images/phan-nuoc-3ce-fitting-mesh-cover-cushion/09.jpg|storage/images/phan-nuoc-3ce-fitting-mesh-cover-cushion/10.jpg|storage/images/phan-nuoc-3ce-fitting-mesh-cover-cushion/11.jpg,2026-07-12T16:51:11+00:00
https://mtd-global.com/nuoc-can-bang-duong-trang-phuc-hoi-da-chiet-xuat-tu-nam-truffle-lomere,nuoc-can-bang-duong-trang-phuc-hoi-da-chiet-xuat-tu-nam-truffle-lomere,"NƯỚC CÂN BẰNG DƯỠNG TRẮNG PHỤC HỒI DA CHIẾT XUẤT TỪ NẤM TRUFFLE LOMERE",LOMERE,8809954946035,Toner,in_stock,650000,750000,VND,"Nước cân bằng dưỡng trắng, phục hồi da Lomere Prime Truffle Cell Repair Brightening Essence Skin Thông tin sản phẩm Thương hiệu: Lomere Nguồn gốc xuất xứ: Hàn Quốc Loại sản phẩm: Nước cân bằng da (Toner) Dạng: Lỏng nhẹ, không mùi Nước cân bằng dưỡng trắng, phục hồi da của Lomere là sản phẩm dưỡng da cao cấp giúp cân bằ",https://bizweb.dktcdn.net/100/660/831/products/165.png?v=1777122555913|https://bizweb.dktcdn.net/100/660/831/products/8e0b3866-9588-4f7f-a5ec-b4ead6bad9d8.jpg?v=1777122558223,storage/images/nuoc-can-bang-duong-trang-phuc-hoi-da-chiet-xuat-tu-nam-truffle-lomere/01.png|storage/images/nuoc-can-bang-duong-trang-phuc-hoi-da-chiet-xuat-tu-nam-truffle-lomere/02.jpg,2026-07-12T16:51:25+00:00
https://mtd-global.com/son-kem-li-min-muot-colorkey-airy-velvet-lip-lacquer,son-kem-li-min-muot-colorkey-airy-velvet-lip-lacquer,"SON KEM LÌ MỊN MƯỚT COLORKEY AIRY VELVET LIP LACQUER",COLORKEY,6977304933249,son,in_stock,169000,,VND,"Thương hiệu Colorkey là thương hiệu mỹ phẩm nội địa Trung (C-beauty), nổi tiếng với các dòng son kem lì giá tốt, chất lượng ổn định và bảng màu trendy phù hợp giới trẻ. Xuất xứ: NỘI ĐỊA TRUNG Sản phẩm được sản xuất và phân phối rộng rãi tại nhiều quốc gia châu Á. Tên sản phẩm Colorkey Airy Velvet Lip Lacquer Dạng sản p",https://bizweb.dktcdn.net/100/660/831/products/181.png?v=1777373004963|https://bizweb.dktcdn.net/100/660/831/products/r247-468d3d84ee4b486283122a2392a52ab7-1024x1024-1769945445198.jpg?v=1777373004963|https://bizweb.dktcdn.net/100/660/831/products/r666-moi-1769945508298.jpg?v=1777373004963|https://bizweb.dktcdn.net/100/660/831/products/r608-72b1b300c68b4b8890c0e7650bafdf05-1024x1024-1769945377915.jpg?v=1777373004963|https://bizweb.dktcdn.net/100/660/831/products/wtcvn-217993-extra2-zoom-1769945668402.jpg?v=1777373004963|https://bizweb.dktcdn.net/100/660/831/products/6977304933232-0611-75f27bcec5c041d482607371a03d3074-master-1763614660158-1769945705163.jpg?v=1777373004963,storage/images/son-kem-li-min-muot-colorkey-airy-velvet-lip-lacquer/01.png|storage/images/son-kem-li-min-muot-colorkey-airy-velvet-lip-lacquer/02.jpg|storage/images/son-kem-li-min-muot-colorkey-airy-velvet-lip-lacquer/03.jpg|storage/images/son-kem-li-min-muot-colorkey-airy-velvet-lip-lacquer/04.jpg|storage/images/son-kem-li-min-muot-colorkey-airy-velvet-lip-lacquer/05.jpg|storage/images/son-kem-li-min-muot-colorkey-airy-velvet-lip-lacquer/06.jpg,2026-07-12T16:51:28+00:00
https://mtd-global.com/bang-phan-trang-diem-cho-mat-va-mat-colorkey,bang-phan-trang-diem-cho-mat-va-mat-colorkey,"BẢNG PHẤN TRANG ĐIỂM CHO MẶT VÀ MẮT COLORKEY",COLORKEY,6977304932822,Makeup,in_stock,250000,,VND,"Bảng Phấn Trang Điểm Cho Mặt Và Mắt COLORKEY Thương hiệu: COLORKEY Xuất xứ: NỘI ĐỊA TRUNG Mô tả sản phẩm Bảng phấn trang điểm COLORKEY đa năng cho mặt và mắt là sản phẩm tích hợp nhiều công dụng trong cùng một bảng màu, giúp bạn dễ dàng hoàn thiện lớp makeup chỉ với một palette. Thiết kế gồm nhiều ô màu phối sẵn, phù h",https://bizweb.dktcdn.net/100/660/831/products/183.png?v=1777375947237|https://bizweb.dktcdn.net/100/660/831/products/182.png?v=1777375948870|https://bizweb.dktcdn.net/100/660/831/products/3-d74e933cb37041f0920ec8b01ca48717-1024x1024.jpg?v=1779009468070|https://bizweb.dktcdn.net/100/660/831/products/vn-11134207-820l4-mhfxxd4ukf7w34-resize-w900-nl.webp?v=1779009642753|https://bizweb.dktcdn.net/100/660/831/products/sg-11134201-821fq-mhbf9vsev1n05e.webp?v=1779009664473,storage/images/bang-phan-trang-diem-cho-mat-va-mat-colorkey/01.png|storage/images/bang-phan-trang-diem-cho-mat-va-mat-colorkey/02.png|storage/images/bang-phan-trang-diem-cho-mat-va-mat-colorkey/03.jpg|storage/images/bang-phan-trang-diem-cho-mat-va-mat-colorkey/04.webp|storage/images/bang-phan-trang-diem-cho-mat-va-mat-colorkey/05.webp,2026-07-12T16:51:36+00:00
https://mtd-global.com/kem-nen-kiem-dau-catrice-hd-liquid-coverage-foundation,kem-nen-kiem-dau-catrice-hd-liquid-coverage-foundation,"KEM NỀN KIỀM DẦU CATRICE HD LIQUID COVERAGE FOUNDATION",CATRICE,4059729034359,Makeup,in_stock,260000,,VND,"Thông tin chung Tên sản phẩm: Catrice HD Liquid Coverage Foundation Thương hiệu: Catrice Cosmetics Xuất xứ thương hiệu: Đức Dung tích: 30ml Loại sản phẩm: Kem nền dạng lỏng Loại da phù hợp: Da dầu, da hỗn hợp, da thường Đặc điểm nổi bật Kiềm dầu tốt, giúp da khô ráo, hạn chế bóng nhờn Độ che phủ cao, che được mụn, thâm",https://bizweb.dktcdn.net/100/660/831/products/ban-sao-cua-frame-sp-211-7ff08abe-1d32-4bdf-ab71-398930e79c4c.png?v=1778061928907|https://bizweb.dktcdn.net/100/660/831/products/kem-nen-catrice-005-1769949132760.png?v=1778061938413|https://bizweb.dktcdn.net/100/660/831/products/vn-11134207-7r98o-m0028mq97gp9d9-jpeg-1769948981209.jpg?v=1778061938413|https://bizweb.dktcdn.net/100/660/831/products/kem-nen-catrice-hd-liquid-coverage-24h-10-5-1769949310853.jpg?v=1778061938413|https://bizweb.dktcdn.net/100/660/831/products/vn-11134207-7r98o-lve11bxg5fgt89-jpeg-1769949191031.jpg?v=1778061938413|https://bizweb.dktcdn.net/100/660/831/products/kem-nen-catrice-hd-liquid-coverage-foundation-30ml-mau-002-7.jpg?v=1779009827427,storage/images/kem-nen-kiem-dau-catrice-hd-liquid-coverage-foundation/01.png|storage/images/kem-nen-kiem-dau-catrice-hd-liquid-coverage-foundation/02.png|storage/images/kem-nen-kiem-dau-catrice-hd-liquid-coverage-foundation/03.jpg|storage/images/kem-nen-kiem-dau-catrice-hd-liquid-coverage-foundation/04.jpg|storage/images/kem-nen-kiem-dau-catrice-hd-liquid-coverage-foundation/05.jpg|storage/images/kem-nen-kiem-dau-catrice-hd-liquid-coverage-foundation/06.jpg,2026-07-12T16:51:43+00:00
https://mtd-global.com/phan-bat-sang-va-tao-khoi-judydoll-highlight-contour,phan-bat-sang-va-tao-khoi-judydoll-highlight-contour,"PHẤN BẮT SÁNG VÀ TẠO KHỐI JUDYDOLL HIGHLIGHT & CONTOUR",JUDYDOLL,6975242806113,Makeup,in_stock,290000,,VND,"PHẤN BẮT SÁNG VÀ TẠO KHỐI JUDYDOLL HIGHLIGHT & CONTOUR DUO Thương hiệu Judydoll là thương hiệu mỹ phẩm nội địa Trung (C-beauty), nổi tiếng với các sản phẩm trang điểm dễ dùng, giá hợp lý và thiết kế trẻ trung, hiện đại. Xuất xứ : Nội Địa Trung Sản phẩm được sản xuất theo tiêu chuẩn mỹ phẩm nội địa và phân phối rộng rãi",https://bizweb.dktcdn.net/100/660/831/products/103.png?v=1777122678423|https://bizweb.dktcdn.net/100/660/831/products/e278d6fa-dfb3-4da5-9830-2952de0db46f.jpg?v=1777122681190|https://bizweb.dktcdn.net/100/660/831/products/d2ff92c0-2b00-4a38-8643-236681f24567.jpg?v=1777122681190|https://bizweb.dktcdn.net/100/660/831/products/b949dc43-3b2f-48db-9c3b-a96d57ff5343.jpg?v=1777122681190|https://bizweb.dktcdn.net/100/660/831/products/batsangtaokhoijudydoll-gardenshop-jpg-v-1746435278767.jpg?v=1779009939937|https://bizweb.dktcdn.net/100/660/831/products/2fe885e3-f9f1-4cf5-941f-cacb85371f8a-jpg-v-1735973108963-jpg-v-1735973282833.jpg?v=1779009988117,storage/images/phan-bat-sang-va-tao-khoi-judydoll-highlight-contour/01.png|storage/images/phan-bat-sang-va-tao-khoi-judydoll-highlight-contour/02.jpg|storage/images/phan-bat-sang-va-tao-khoi-judydoll-highlight-contour/03.jpg|storage/images/phan-bat-sang-va-tao-khoi-judydoll-highlight-contour/04.jpg|storage/images/phan-bat-sang-va-tao-khoi-judydoll-highlight-contour/05.jpg|storage/images/phan-bat-sang-va-tao-khoi-judydoll-highlight-contour/06.jpg,2026-07-12T16:51:51+00:00
https://mtd-global.com/phan-phu-catrice,phan-phu-catrice,"PHẤN PHỦ CATRICE",CATRICE,4059729548191,Makeup,in_stock,220000,,VND,"Phấn phủ Catrice Nude Illusion Loose Powder Transparent Matt Tên sản phẩm: Phấn phủ Catrice Thương hiệu: Catrice Xuất xứ: Đức Mô tả sản phẩm Phấn phủ Catrice là dòng phấn trang điểm dạng bột siêu mịn, được thiết kế để cố định lớp nền và kiểm soát dầu thừa hiệu quả. Kết cấu hạt phấn nhỏ, nhẹ giúp dễ dàng tệp vào da, man",https://bizweb.dktcdn.net/100/660/831/products/ban-sao-cua-frame-sp-212.png?v=1778062626417|https://bizweb.dktcdn.net/100/660/831/products/phan-phu-1-1ec620b72e6f4585916da137ae552c80.png?v=1778062626417|https://bizweb.dktcdn.net/100/660/831/products/vn-11134207-820l4-mhslfh6lph52b3.jpg?v=1779010087593|https://bizweb.dktcdn.net/100/660/831/products/ph-n-ph-6-9939fe43546d43119d0f51a383be3aa6.png?v=1779010087593,storage/images/phan-phu-catrice/01.png|storage/images/phan-phu-catrice/02.png|storage/images/phan-phu-catrice/03.jpg|storage/images/phan-phu-catrice/04.png,2026-07-12T16:51:56+00:00
https://mtd-global.com/phan-ma-hong-judydoll-blush-powder,phan-ma-hong-judydoll-blush-powder,"PHẤN MÁ HỒNG JUDYDOLL BLUSH POWDER",JUDYDOLL,6975242802634,Makeup,in_stock,160000,,VND,"Phấn má hồng Judydoll Blush Powder Tên sản phẩm: Phấn má hồng Judydoll Blush Powder Thương hiệu: Judydoll Xuất xứ: Trung Quốc Mô tả sản phẩm Phấn má hồng Judydoll Blush Powder là dòng phấn má dạng bột mịn, mang lại hiệu ứng ửng hồng tự nhiên và trong trẻo cho gương mặt. Kết cấu hạt phấn siêu mịn giúp dễ tán, bám da tốt",https://bizweb.dktcdn.net/100/660/831/products/ban-sao-cua-frame-sp-213.png?v=1778063158557|https://bizweb.dktcdn.net/100/660/831/products/combo-judydoll-bang-highlight-va-tao-khoi-phan-ma-hong-9g-2g-1.jpg?v=1778063158557|https://bizweb.dktcdn.net/100/660/831/products/f42ab657-6b4f-47b4-aa6a-898b62ed1ae0.jpg?v=1778063156150|https://bizweb.dktcdn.net/100/660/831/products/67b6caea-d14c-4f74-969a-1393e3b25369.jpg?v=1778063156150,storage/images/phan-ma-hong-judydoll-blush-powder/01.png|storage/images/phan-ma-hong-judydoll-blush-powder/02.jpg|storage/images/phan-ma-hong-judydoll-blush-powder/03.jpg|storage/images/phan-ma-hong-judydoll-blush-powder/04.jpg,2026-07-12T16:52:01+00:00
https://mtd-global.com/bang-che-khuyet-diem-da-nang-5-o-catrice-allround-concealer,bang-che-khuyet-diem-da-nang-5-o-catrice-allround-concealer,"BẢNG CHE KHUYẾT ĐIỂM ĐA NĂNG 5 Ô CATRICE ALLROUND CONCEALER",CATRICE,4250035261877,Makeup,in_stock,250000,,VND,"Mô tả sản phẩm chuẩn brand mỹ phẩm Tên sản phẩm: Bảng che khuyết điểm đa năng 5 ô Catrice Allround Concealer Thương hiệu: Catrice Xuất xứ: Đức Mô tả sản phẩm Bảng che khuyết điểm Catrice Allround Concealer là bảng kem đa năng gồm 5 ô màu được thiết kế để hiệu chỉnh sắc da, che phủ khuyết điểm và tạo lớp nền mịn màng tự",https://bizweb.dktcdn.net/100/660/831/products/191.png?v=1777976757313|https://bizweb.dktcdn.net/100/660/831/products/catrice-copy-90b60ce3b36b4bed9d7e1a0e7dacf81e-1024x1024.jpg?v=1779010143360|https://bizweb.dktcdn.net/100/660/831/products/1-2e0b252a04874741aca4efc338756d0f-1024x1024-jpeg.jpg?v=1779010143360|https://bizweb.dktcdn.net/100/660/831/products/z5168206681060-19743adc0a4e98e4c248001e52bdf597-jpg-v-1745141947127.jpg?v=1779010143360,storage/images/bang-che-khuyet-diem-da-nang-5-o-catrice-allround-concealer/01.png|storage/images/bang-che-khuyet-diem-da-nang-5-o-catrice-allround-concealer/02.jpg|storage/images/bang-che-khuyet-diem-da-nang-5-o-catrice-allround-concealer/03.jpg|storage/images/bang-che-khuyet-diem-da-nang-5-o-catrice-allround-concealer/04.jpg,2026-07-12T16:52:05+00:00
https://mtd-global.com/gel-trong-suot-co-dinh-long-may-duong-mi,gel-trong-suot-co-dinh-long-may-duong-mi,"GEL TRONG SUỐT CỐ ĐỊNH LÔNG MÀY DƯỠNG MI",CATRICE,4250587723779,Makeup,in_stock,300000,,VND,"GEL TRONG SUỐT CỐ ĐỊNH LÔNG MÀY DƯỠNG MI Gel trong suốt Lash Brow là sản phẩm đa năng giúp định hình lông mày và dưỡng mi với hiệu ứng tự nhiên. Công thức dạng gel nhẹ, không màu, giúp giữ nếp gọn gàng mà không làm cứng hay bết sợi lông. CÔNG DỤNG CHÍNH Định hình và cố định lông mày vào nếp gọn gàng Giữ dáng lông mày s",https://bizweb.dktcdn.net/100/660/831/products/192.png?v=1777976821040|https://bizweb.dktcdn.net/100/660/831/products/vn-11134207-7ra0g-m6dva9286hy021.webp?v=1779010246763|https://bizweb.dktcdn.net/100/660/831/products/vn-11134207-7ra0g-m6dvh3ud1n3s4d.webp?v=1779010246763|https://bizweb.dktcdn.net/100/660/831/products/vn-11134207-7ra0g-m6dva9325a2gb0.webp?v=1779010246763|https://bizweb.dktcdn.net/100/660/831/products/vn-11134207-7ra0g-m6dva91e7psof2.webp?v=1779010246763,storage/images/gel-trong-suot-co-dinh-long-may-duong-mi/01.png|storage/images/gel-trong-suot-co-dinh-long-may-duong-mi/02.webp|storage/images/gel-trong-suot-co-dinh-long-may-duong-mi/03.webp|storage/images/gel-trong-suot-co-dinh-long-may-duong-mi/04.webp|storage/images/gel-trong-suot-co-dinh-long-may-duong-mi/05.webp,2026-07-12T16:52:09+00:00
https://mtd-global.com/son-duong-moi-co-mau-judydoll-watery-essence-lip-glaze,son-duong-moi-co-mau-judydoll-watery-essence-lip-glaze,"SON DƯỠNG MÔI CÓ MÀU JUDYDOLL WATERY ESSENCE LIP GLAZE",JUDYDOLL,6976436774690,son,in_stock,220000,,VND,"Thương hiệu JUDYDOLL là thương hiệu mỹ phẩm nội địa Trung Quốc (C-beauty), nổi bật với các sản phẩm trang điểm trẻ trung, thiết kế hiện đại và giá thành hợp lý. Xuất xứ : Nội Địa Trung Sản phẩm được sản xuất và phân phối rộng rãi tại nhiều thị trường châu Á. Tên sản phẩm JUDYDOLL Watery Essence Lip Glaze Dạng sản phẩm",https://bizweb.dktcdn.net/100/660/831/products/193.png?v=1777559364260|https://bizweb.dktcdn.net/100/660/831/products/3847cf36-4559-422b-89e9-384001c4360c.webp?v=1777559366937|https://bizweb.dktcdn.net/100/660/831/products/judydoll-watery-essence-lip-glaze-g06-1.jpg?v=1777559366937|https://bizweb.dktcdn.net/100/660/831/products/z7405260128142-805e4fa71ef0a192462618fea527ffa3-1767772296478.jpg?v=1777559366937|https://bizweb.dktcdn.net/100/660/831/products/z7405260137780-5a1d36d3fc9ea44c867f1f61090fc8fc-1767772296481.jpg?v=1777559366937|https://bizweb.dktcdn.net/100/660/831/products/z7405260142873-bc83f72995d793dc35fb7d6f3df7ac88-1767772296485.jpg?v=1777559366937,storage/images/son-duong-moi-co-mau-judydoll-watery-essence-lip-glaze/01.png|storage/images/son-duong-moi-co-mau-judydoll-watery-essence-lip-glaze/02.webp|storage/images/son-duong-moi-co-mau-judydoll-watery-essence-lip-glaze/03.jpg|storage/images/son-duong-moi-co-mau-judydoll-watery-essence-lip-glaze/04.jpg|storage/images/son-duong-moi-co-mau-judydoll-watery-essence-lip-glaze/05.jpg|storage/images/son-duong-moi-co-mau-judydoll-watery-essence-lip-glaze/06.jpg,2026-07-12T16:52:14+00:00
https://mtd-global.com/chi-ke-mat-chong-nuoc-kohl-kajal-waterfproof,chi-ke-mat-chong-nuoc-kohl-kajal-waterfproof,"CHÌ KẺ MẮT CHỐNG NƯỚC KOHL KAJAL WATERFPROOF",CATRICE,4059729356352,Makeup,in_stock,110000,,VND,"Thương hiệu & Xuất xứ Thương hiệu: Kohl Kajal Xuất xứ: Hàn Quốc Dòng sản phẩm: Waterproof Eyeliner Giới thiệu sản phẩm Chì kẻ mắt Kohl Kajal Waterproof là sản phẩm trang điểm mắt giúp tạo đường eyeliner sắc nét, tự nhiên hoặc cá tính, với khả năng chống nước – chống lem – bám màu lâu , phù hợp sử dụng hằng ngày. Thành",https://bizweb.dktcdn.net/100/660/831/products/194.png?v=1777976887740|https://bizweb.dktcdn.net/100/660/831/products/401069093-745639104271138-5641078855207694888-n-jpg-v-1729482281567.jpg?v=1777976887740|https://bizweb.dktcdn.net/100/660/831/products/f983e394-9d43-4f83-bd64-69bd9680fdcf.jpg?v=1777976890637|https://bizweb.dktcdn.net/100/660/831/products/and9gct7-pyrqqfxff345eev-z9r7buopsqqt5uaha-s.jpg?v=1777976890637,storage/images/chi-ke-mat-chong-nuoc-kohl-kajal-waterfproof/01.png|storage/images/chi-ke-mat-chong-nuoc-kohl-kajal-waterfproof/02.jpg|storage/images/chi-ke-mat-chong-nuoc-kohl-kajal-waterfproof/03.jpg|storage/images/chi-ke-mat-chong-nuoc-kohl-kajal-waterfproof/04.jpg,2026-07-12T16:52:20+00:00
https://mtd-global.com/kem-che-khuyet-diem-catrice-liquid-camouflage-high-coverage-concealer,kem-che-khuyet-diem-catrice-liquid-camouflage-high-coverage-concealer,"KEM CHE KHUYẾT ĐIỂM CATRICE LIQUID CAMOUFLAGE HIGH COVERAGE CONCEALER",CATRICE,4251232284324,Makeup,in_stock,170000,,VND,"Kem che khuyết điểm Catrice Liquid Camouflage High Coverage Concealer Catrice Liquid Camouflage High Coverage Concealer là kem che khuyết điểm dạng lỏng nổi bật với khả năng che phủ cao – bền màu – chống nước , giúp làn da trông đều màu, mịn màng và tự nhiên hơn chỉ sau vài bước trang điểm. Thành phần chính Isododecane",https://bizweb.dktcdn.net/100/660/831/products/195.png?v=1777976966893|https://bizweb.dktcdn.net/100/660/831/products/vn-11134207-7r98o-lsnkx9h0tx383c.webp?v=1777976966893|https://bizweb.dktcdn.net/100/660/831/products/vn-11134207-7r98o-lsnkx9h0siis24.webp?v=1777976966893|https://bizweb.dktcdn.net/100/660/831/products/64600951-a384-416d-a6d4-cba0d8d129ed.jpg?v=1777976966893|https://bizweb.dktcdn.net/100/660/831/products/4939550a-3c3e-49d5-894b-6626eec460f4.jpg?v=1777976966893,storage/images/kem-che-khuyet-diem-catrice-liquid-camouflage-high-coverage-concealer/01.png|storage/images/kem-che-khuyet-diem-catrice-liquid-camouflage-high-coverage-concealer/02.webp|storage/images/kem-che-khuyet-diem-catrice-liquid-camouflage-high-coverage-concealer/03.webp|storage/images/kem-che-khuyet-diem-catrice-liquid-camouflage-high-coverage-concealer/04.jpg|storage/images/kem-che-khuyet-diem-catrice-liquid-camouflage-high-coverage-concealer/05.jpg,2026-07-12T16:52:24+00:00
https://mtd-global.com/but-ke-mat-catrice-superproof-brush-liner-waterpoof,but-ke-mat-catrice-superproof-brush-liner-waterpoof,"BÚT KẺ MẮT CATRICE SUPERPROOF BRUSH LINER WATERPOOF",CATRICE,4059729514462,Makeup,in_stock,180000,,VND,"Bút kẻ mắt Catrice Superproof Brush Liner Waterproof Catrice Superproof Brush Liner Waterproof là bút kẻ mắt dạng lỏng với đầu cọ siêu mảnh, giúp tạo đường eyeliner sắc nét, chính xác và bền màu suốt cả ngày , kể cả trong điều kiện nóng ẩm hoặc đổ mồ hôi. Thành phần chính Acrylates Copolymer : tạo lớp màng giúp chống t",https://bizweb.dktcdn.net/100/660/831/products/196.png?v=1777977108063|https://bizweb.dktcdn.net/100/660/831/products/819c8297-63c6-4b30-8774-bfd5d64e396e.jpg?v=1777977108063|https://bizweb.dktcdn.net/100/660/831/products/8d2de70c-1ecc-49b3-9ea0-a3452bfb002e.jpg?v=1777977096443|https://bizweb.dktcdn.net/100/660/831/products/2fffac13-61e7-4937-9ffb-ffbc11cb39c2.jpg?v=1777977096443|https://bizweb.dktcdn.net/100/660/831/products/but-ke-mat-catrice-brush-ink-tattoo-liner-waterproof-3-7c5214c0d9154ccaa3f3485699e0275b.jpg?v=1777977096443|https://bizweb.dktcdn.net/100/660/831/products/but-ke-mat-catrice-brush-ink-tattoo-liner-waterproof-2-4d8bf5686fe047fbb02689283c808ad6.jpg?v=1777977096443|https://bizweb.dktcdn.net/100/660/831/products/but-ke-mat-catrice-brush-ink-tattoo-liner-waterproof-5-1587f54d91f94e1b8c728de04bea1f1c.jpg?v=1777977096443|https://bizweb.dktcdn.net/100/660/831/products/screenshot-2026-04-24-at-18-38-20.png?v=1777977096443,storage/images/but-ke-mat-catrice-superproof-brush-liner-waterpoof/01.png|storage/images/but-ke-mat-catrice-superproof-brush-liner-waterpoof/02.jpg|storage/images/but-ke-mat-catrice-superproof-brush-liner-waterpoof/03.jpg|storage/images/but-ke-mat-catrice-superproof-brush-liner-waterpoof/04.jpg|storage/images/but-ke-mat-catrice-superproof-brush-liner-waterpoof/05.jpg|storage/images/but-ke-mat-catrice-superproof-brush-liner-waterpoof/06.jpg|storage/images/but-ke-mat-catrice-superproof-brush-liner-waterpoof/07.jpg|storage/images/but-ke-mat-catrice-superproof-brush-liner-waterpoof/08.png,2026-07-12T16:52:29+00:00
https://mtd-global.com/chuot-mi-chong-nuoc-catrice-glam-doll-false-lashes-mascara-waterproof-010-black-waterproof,chuot-mi-chong-nuoc-catrice-glam-doll-false-lashes-mascara-waterproof-010-black-waterproof,"CHUỐT MI CHỐNG NƯỚC CATRICE GLAM&DOLL FALSE LASHES MASCARA WATERPROOF 010 BLACK WATERPROOF",CATRICE,4251232256116,Makeup,in_stock,250000,350000,VND,"CHUỐT MI CHỐNG NƯỚC CATRICE GLAM&DOLL FALSE LASHES MASCARA WATERPROOF 010 BLACK WATERPROOF Thương hiệu: Catrice Xuất xứ: Đức Dung tích: 10ml Dòng sản phẩm: Glam & Doll False Lashes Mascara Waterproof Giới thiệu sản phẩm Catrice Glam & Doll False Lashes Mascara Waterproof là mascara chống nước nổi bật với khả năng làm d",https://bizweb.dktcdn.net/100/660/831/products/197.png?v=1777977158627|https://bizweb.dktcdn.net/100/660/831/products/download-5-79bd47511acc4005bb2f7e2791a89743-1024x1024-jpeg.jpg?v=1779010454677|https://bizweb.dktcdn.net/100/660/831/products/download-8-c42449ea2d024fc896cd35e8d76a1c88-1024x1024-jpeg.jpg?v=1779010454677|https://bizweb.dktcdn.net/100/660/831/products/5-cb3ba0feb62a4642945448f2d4fbfd7d-1024x1024-jpeg.jpg?v=1779010454677|https://bizweb.dktcdn.net/100/660/831/products/5-1cf78fd12660454d9de191aa8a2ccbc8.png?v=1779010454677,storage/images/chuot-mi-chong-nuoc-catrice-glam-doll-false-lashes-mascara-waterproof-010-black-waterproof/01.png|storage/images/chuot-mi-chong-nuoc-catrice-glam-doll-false-lashes-mascara-waterproof-010-black-waterproof/02.jpg|storage/images/chuot-mi-chong-nuoc-catrice-glam-doll-false-lashes-mascara-waterproof-010-black-waterproof/03.jpg|storage/images/chuot-mi-chong-nuoc-catrice-glam-doll-false-lashes-mascara-waterproof-010-black-waterproof/04.jpg|storage/images/chuot-mi-chong-nuoc-catrice-glam-doll-false-lashes-mascara-waterproof-010-black-waterproof/05.png,2026-07-12T16:52:41+00:00
https://mtd-global.com/mascara-chuot-long-mi-chong-troi-clio-kill-lash-superproof-mascara-01-long-curling,mascara-chuot-long-mi-chong-troi-clio-kill-lash-superproof-mascara-01-long-curling,"MASCARA CHUỐT LÔNG MI CHỐNG TRÔI CLIO KILL LASH SUPERPROOF MASCARA 01 LONG CURLING",CLIO,8809598299719,Makeup,out_of_stock,350000,450000,VND,"Clio Kill Lash Superproof #01 Long Curling là dòng mascara đình đám của CLIO, nổi bật với khả năng làm dài – giữ cong – chống trôi vượt trội , giúp đôi mi sắc nét, cong vút và bền đẹp suốt ngày dài. Mô tả sản phẩm Sản phẩm sở hữu công thức long curling chuyên sâu , giúp kéo dài sợi mi và giữ độ cong ổn định trong nhiều",https://bizweb.dktcdn.net/100/660/831/products/198.png?v=1777977258233|https://bizweb.dktcdn.net/100/660/831/products/xxv2rryx1wqi7mld4shbrvrkolomte-metauvvftiaomzyplnbuzw.png?v=1777977260657|https://bizweb.dktcdn.net/100/660/831/products/302336eb-3e2a-4d93-bbb9-fd892564520c-jpeg-1769941992933.jpg?v=1777977260657|https://bizweb.dktcdn.net/100/660/831/products/5-8fa3c5a71ade4becad6d30f35f806325.png?v=1777977260657,storage/images/mascara-chuot-long-mi-chong-troi-clio-kill-lash-superproof-mascara-01-long-curling/01.png|storage/images/mascara-chuot-long-mi-chong-troi-clio-kill-lash-superproof-mascara-01-long-curling/02.png|storage/images/mascara-chuot-long-mi-chong-troi-clio-kill-lash-superproof-mascara-01-long-curling/03.jpg|storage/images/mascara-chuot-long-mi-chong-troi-clio-kill-lash-superproof-mascara-01-long-curling/04.png,2026-07-12T16:52:51+00:00
https://mtd-global.com/phan-bat-sang-judydoll-highlighting-powder,phan-bat-sang-judydoll-highlighting-powder,"PHẤN BẮT SÁNG JUDYDOLL HIGHLIGHTING POWDER",BBIA,6976436685675,Makeup,in_stock,170000,,VND,"Thương hiệu: Judydoll Xuất xứ: Trung Quốc Dòng sản phẩm: Highlighting Powder Phấn bắt sáng Judydoll Highlighting Powder #02 Phấn bắt sáng Judydoll Highlighting Powder là sản phẩm makeup giúp tạo hiệu ứng ánh sáng tự nhiên , mang lại làn da rạng rỡ, tươi tắn và có chiều sâu hơn. Thiết kế nhỏ gọn, dễ sử dụng, phù hợp cho",https://bizweb.dktcdn.net/100/660/831/products/296.png?v=1777977428160|https://bizweb.dktcdn.net/100/660/831/products/2c9a5ce6-347a-475a-a3a9-8a71585c6a5b.jpg?v=1777977428160|https://bizweb.dktcdn.net/100/660/831/products/vn-11134207-7ras8-mbg64g1a765w5d-jpg-v-1760101346800.jpg?v=1777977433803,storage/images/phan-bat-sang-judydoll-highlighting-powder/01.png|storage/images/phan-bat-sang-judydoll-highlighting-powder/02.jpg|storage/images/phan-bat-sang-judydoll-highlighting-powder/03.jpg,2026-07-12T16:53:01+00:00
https://mtd-global.com/kem-tao-khoi-va-bat-sang-2-dau-judydoll-liquid-highlighter-contour-duo,kem-tao-khoi-va-bat-sang-2-dau-judydoll-liquid-highlighter-contour-duo,"KEM TẠO KHỐI VÀ BẮT SÁNG 2 ĐẦU JUDYDOLL LIQUID HIGHLIGHTER & CONTOUR DUO",JUDYDOLL,6975242805185,Makeup,in_stock,220000,,VND,"KEM TẠO KHỐI VÀ BẮT SÁNG 2 ĐẦU JUDYDOLL LIQUID HIGHLIGHTER & CONTOUR DUO Thương hiệu Judydoll là thương hiệu mỹ phẩm nội địa Trung (C-beauty), nổi bật với các sản phẩm trang điểm dễ dùng, giá hợp lý và thiết kế trẻ trung. Xuất xứ : Nội Địa Trung Sản phẩm được sản xuất theo tiêu chuẩn mỹ phẩm nội địa Tên sản phẩm Judydo",https://bizweb.dktcdn.net/100/660/831/products/298.png?v=1777976657807|https://bizweb.dktcdn.net/100/660/831/products/94cb5d91-500f-4639-b5ed-19da41d4d4bb.jpg?v=1777976657807|https://bizweb.dktcdn.net/100/660/831/products/z6568980034684-d22ef7116a1570e2739294a24d5c6900-13794b0ab0b54750a35e137f2ce29ee0-master-1769942315437.jpg?v=1777976657807,storage/images/kem-tao-khoi-va-bat-sang-2-dau-judydoll-liquid-highlighter-contour-duo/01.png|storage/images/kem-tao-khoi-va-bat-sang-2-dau-judydoll-liquid-highlighter-contour-duo/02.jpg|storage/images/kem-tao-khoi-va-bat-sang-2-dau-judydoll-liquid-highlighter-contour-duo/03.jpg,2026-07-12T16:53:05+00:00
https://mtd-global.com/son-bong-judydoll-watery-lip-gloss,son-bong-judydoll-watery-lip-gloss,"SON BÓNG JUDYDOLL WATERY LIP GLOSS",JUDYDOLL,6976436771637,son,in_stock,200000,,VND,"Thương hiệu JUDYDOLL là thương hiệu mỹ phẩm nội địa Trung (C-beauty), nổi bật với các sản phẩm trang điểm trẻ trung, hợp xu hướng và giá thành dễ tiếp cận. Xuất xứ : Nội Địa Trung Sản phẩm được sản xuất và phân phối rộng rãi tại nhiều quốc gia châu Á. Tên sản phẩm JUDYDOLL Watery Lip Gloss Dạng sản phẩm Son bóng có màu",https://bizweb.dktcdn.net/100/660/831/products/295.png?v=1777977340337|https://bizweb.dktcdn.net/100/660/831/products/e44f924c-6027-4e58-87b5-59605202bd42.jpg?v=1777977340337|https://bizweb.dktcdn.net/100/660/831/products/f62c9ab9-9796-469c-9da8-cb75a58cd55f.jpg?v=1777977340337|https://bizweb.dktcdn.net/100/660/831/products/44c42d04-fca9-4b7c-902c-e539c102a314.jpg?v=1777977340337|https://bizweb.dktcdn.net/100/660/831/products/2e836c6a-a0fe-49b8-9355-8c7cd3ebcdcc.jpg?v=1777977334863,storage/images/son-bong-judydoll-watery-lip-gloss/01.png|storage/images/son-bong-judydoll-watery-lip-gloss/02.jpg|storage/images/son-bong-judydoll-watery-lip-gloss/03.jpg|storage/images/son-bong-judydoll-watery-lip-gloss/04.jpg|storage/images/son-bong-judydoll-watery-lip-gloss/05.jpg,2026-07-12T16:53:09+00:00
https://mtd-global.com/kem-lot-judydoll-mattifying-makeup-base,kem-lot-judydoll-mattifying-makeup-base,"KEM LÓT JUDYDOLL MATTIFYING MAKEUP BASE",JUDYDOLL,6976436770364,Makeup,out_of_stock,220000,330000,VND,"Thương hiệu & Xuất xứ Thương hiệu: Judydoll Xuất xứ: NỘI ĐỊA TRUNG Kem lót Judydoll Mattifying Makeup Base 30g Kem lót Judydoll Mattifying Makeup Base là sản phẩm nền tảng trong quy trình trang điểm, giúp tạo bề mặt da mịn lì, kiểm soát dầu thừa và hỗ trợ lớp nền bền đẹp suốt nhiều giờ liền. Mô tả sản phẩm Sản phẩm sở",https://bizweb.dktcdn.net/100/660/831/products/237.png?v=1777559497430|https://bizweb.dktcdn.net/100/660/831/products/kem-lot-judydoll-mattifying-makeup-base-4-fcf7f40b05af43cb8acdee905022f98a.png?v=1777559541583|https://bizweb.dktcdn.net/100/660/831/products/4-b37bb2680b1345c78f60328b47c0636a-1024x1024-jpg-v-1746585814833.jpg?v=1777559703830|https://bizweb.dktcdn.net/100/660/831/products/600364215-4171162019697303-584545283037021137-n-3b144f0863a04bdbad9dc6557c684018-master.jpg?v=1777559790297,storage/images/kem-lot-judydoll-mattifying-makeup-base/01.png|storage/images/kem-lot-judydoll-mattifying-makeup-base/02.png|storage/images/kem-lot-judydoll-mattifying-makeup-base/03.jpg|storage/images/kem-lot-judydoll-mattifying-makeup-base/04.jpg,2026-07-12T16:53:14+00:00
https://mtd-global.com/kem-lot-judydoll-nourishing-makeup-base,kem-lot-judydoll-nourishing-makeup-base,"KEM LÓT JUDYDOLL NOURISHING MAKEUP BASE",JUDYDOLL,6975242802429,Makeup,in_stock,220000,330000,VND,"Thương hiệu Judydoll là thương hiệu mỹ phẩm nội địa Trung Quốc (C-beauty), nổi tiếng với các sản phẩm trang điểm giá hợp lý, dễ dùng và phù hợp nhiều kiểu makeup hằng ngày. Xuất xứ: NỘI ĐỊA TRUNG Sản phẩm được sản xuất theo tiêu chuẩn mỹ phẩm nội địa và phân phối rộng rãi tại nhiều thị trường châu Á. Tên sản phẩm Judyd",https://bizweb.dktcdn.net/100/660/831/products/238.png?v=1777559838197|https://bizweb.dktcdn.net/100/660/831/products/kem-lot-2ff5cb5e0bfc463ebcfb8132b56126ec-master.jpg?v=1777559855443|https://bizweb.dktcdn.net/100/660/831/products/vn-11134201-7ras8-marxq92c07h3b0-1760180385927-jpg-v-1760180387650.jpg?v=1777559894967|https://bizweb.dktcdn.net/100/660/831/products/2269f03c-f73c-4fd9-843a-90b91c7e60b0.webp?v=1777559916083|https://bizweb.dktcdn.net/100/660/831/products/size-anh-noi-dung-web-38-5b0ca4a2-9861-40b0-aedd-05f42f5e13db-jpg-v-1776061894898.jpg?v=1777559987700,storage/images/kem-lot-judydoll-nourishing-makeup-base/01.png|storage/images/kem-lot-judydoll-nourishing-makeup-base/02.jpg|storage/images/kem-lot-judydoll-nourishing-makeup-base/03.jpg|storage/images/kem-lot-judydoll-nourishing-makeup-base/04.webp|storage/images/kem-lot-judydoll-nourishing-makeup-base/05.jpg,2026-07-12T16:53:19+00:00
https://mtd-global.com/phan-ma-hong-bat-sang-judydoll-blush-highlight-palette,phan-ma-hong-bat-sang-judydoll-blush-highlight-palette,"PHẤN MÁ HỒNG & BẮT SÁNG JUDYDOLL BLUSH & HIGHLIGHT PALETTE",JUDYDOLL,6976436772535,Makeup,in_stock,299000,,VND,"Thương hiệu Thương hiệu: Judydoll Xuất xứ: Nội Địa Trung Dòng sản phẩm: Blush & Highlight Palette Phấn má hồng & bắt sáng Judydoll Blush & Highlight Palette 9g Judydoll Blush & Highlight Palette là bảng phấn đa năng 2 trong 1, kết hợp giữa má hồng và bắt sáng , giúp tạo hiệu ứng gương mặt rạng rỡ, căng bóng và có chiều",https://bizweb.dktcdn.net/100/660/831/products/301.png?v=1778051729463|https://bizweb.dktcdn.net/100/660/831/products/ac1eb7d3-8c99-4358-a348-ed77c4c37037.jpg?v=1778051729463|https://bizweb.dktcdn.net/100/660/831/products/05845c97-ac5b-42e6-99c8-777812fd7b62.jpg?v=1778051729463|https://bizweb.dktcdn.net/100/660/831/products/2f71a241-775f-4d43-b194-c2667e8a8b02.jpg?v=1778051729463|https://bizweb.dktcdn.net/100/660/831/products/download-603f26138e6d4688b2f35f1068ca2b52-1024x1024-jpeg.jpg?v=1778051729463,storage/images/phan-ma-hong-bat-sang-judydoll-blush-highlight-palette/01.png|storage/images/phan-ma-hong-bat-sang-judydoll-blush-highlight-palette/02.jpg|storage/images/phan-ma-hong-bat-sang-judydoll-blush-highlight-palette/03.jpg|storage/images/phan-ma-hong-bat-sang-judydoll-blush-highlight-palette/04.jpg|storage/images/phan-ma-hong-bat-sang-judydoll-blush-highlight-palette/05.jpg,2026-07-12T16:53:24+00:00
https://mtd-global.com/thuc-pham-bao-ve-suc-khoe-very-good-turmeric-365-premium-3g-tep-4-tep-vi-8-vi-hop-40-hop-thung,thuc-pham-bao-ve-suc-khoe-very-good-turmeric-365-premium-3g-tep-4-tep-vi-8-vi-hop-40-hop-thung,"Thực phẩm bảo vệ sức khỏe VERY GOOD TURMERIC 365 PREMIUM,3g/tép, 4 tép/vỉ,8 vỉ/hộp,40 hộp/thùng","HAMIN BIO",880970884197,"THỰC PHẨM CHỨC NĂNG",out_of_stock,1250000,2000000,VND,"Very Good Turmeric 365 Premium là thực phẩm bảo vệ sức khỏe ứng dụng công nghệ nano curcumin , giúp tăng khả năng hấp thu và phát huy tối đa công dụng của nghệ đối với cơ thể. Thành phần chính Chiết xuất nghệ (Curcuma longa) : cung cấp Curcumin ~70mg/tép Kẽm Gluconate : hỗ trợ tăng cường miễn dịch và bảo vệ niêm mạc De",https://bizweb.dktcdn.net/100/660/831/products/03819e6e-2a7f-43fa-bec6-970d9dbc95c8.jpg?v=1774338305000,storage/images/thuc-pham-bao-ve-suc-khoe-very-good-turmeric-365-premium-3g-tep-4-tep-vi-8-vi-hop-40-hop-thung/01.jpg,2026-07-12T16:53:28+00:00
https://mtd-global.com/son-kem-nhung-min-li-3ce-velvet-liptint-plush,son-kem-nhung-min-li-3ce-velvet-liptint-plush,"SON KEM NHUNG MỊN LÌ 3CE VELVET LIPTINT PLUSH",3CE,6902395979012,son,in_stock,390000,,VND,"Thương hiệu 3CE (3 Concept Eyes) là thương hiệu mỹ phẩm nổi tiếng đến từ Hàn Quốc, trực thuộc Stylenanda. Thương hiệu được biết đến với các dòng son trendy, chất lượng cao và dẫn đầu xu hướng makeup châu Á. Xuất xứ Hàn Quốc Sản phẩm được sản xuất theo tiêu chuẩn mỹ phẩm Hàn Quốc và phân phối rộng rãi tại nhiều quốc gia",https://bizweb.dktcdn.net/100/660/831/products/221.png?v=1777560572997|https://bizweb.dktcdn.net/100/660/831/products/0c2ec0ee-0dd1-4bd0-aca9-1f60c3ec3658.jpg?v=1777560572997|https://bizweb.dktcdn.net/100/660/831/products/747c66ef-fa2d-45d9-8422-b39863227fe9.jpg?v=1777560572997|https://bizweb.dktcdn.net/100/660/831/products/d0aa077c-cfed-4f72-8a7d-e5a669d0077b.jpg?v=1777560572997|https://bizweb.dktcdn.net/100/660/831/products/67488a70-e489-4ee1-959e-493b2dbb2305.jpg?v=1777560572997|https://bizweb.dktcdn.net/100/660/831/products/7e94522d-a4ab-466d-ba66-cf420b49b796.jpg?v=1777560572997|https://bizweb.dktcdn.net/100/660/831/products/aa385920-84bd-43a8-8a24-6e2f8be5da6a.jpg?v=1777560572997|https://bizweb.dktcdn.net/100/660/831/products/832389cc-31ba-4c0e-8efa-2b0e677c1a79.jpg?v=1777560572997|https://bizweb.dktcdn.net/100/660/831/products/cd287d19-8545-4c68-ba57-ba2cb3572114.jpg?v=1777560572997|https://bizweb.dktcdn.net/100/660/831/products/a66b54e7-d6c7-4b68-80ff-faf5bf04f22d.jpg?v=1777560572997,storage/images/son-kem-nhung-min-li-3ce-velvet-liptint-plush/01.png|storage/images/son-kem-nhung-min-li-3ce-velvet-liptint-plush/02.jpg|storage/images/son-kem-nhung-min-li-3ce-velvet-liptint-plush/03.jpg|storage/images/son-kem-nhung-min-li-3ce-velvet-liptint-plush/04.jpg|storage/images/son-kem-nhung-min-li-3ce-velvet-liptint-plush/05.jpg|storage/images/son-kem-nhung-min-li-3ce-velvet-liptint-plush/06.jpg|storage/images/son-kem-nhung-min-li-3ce-velvet-liptint-plush/07.jpg|storage/images/son-kem-nhung-min-li-3ce-velvet-liptint-plush/08.jpg|storage/images/son-kem-nhung-min-li-3ce-velvet-liptint-plush/09.jpg|storage/images/son-kem-nhung-min-li-3ce-velvet-liptint-plush/10.jpg,2026-07-12T16:53:31+00:00
https://mtd-global.com/son-kem-li-3ce-blur-water-tint,son-kem-li-3ce-blur-water-tint,"SON KEM LÌ 3CE BLUR WATER TINT",3CE,8809664983467,son,in_stock,320000,,VND,"Thương hiệu 3CE (3 Concept Eyes) là thương hiệu mỹ phẩm nổi tiếng đến từ Hàn Quốc, trực thuộc Stylenanda. Thương hiệu được yêu thích nhờ các dòng son thời thượng, chất lượng cao và luôn bắt kịp xu hướng makeup châu Á. Xuất xứ Hàn Quốc Sản phẩm được sản xuất theo tiêu chuẩn mỹ phẩm Hàn Quốc và phân phối rộng rãi tại nhi",https://bizweb.dktcdn.net/100/660/831/products/219.png?v=1777560618657|https://bizweb.dktcdn.net/100/660/831/products/son-kem-3ce-blur-water-tint-coral-moon-leaf-cosmetic-13-1766742340183.jpg?v=1777560618657|https://bizweb.dktcdn.net/100/660/831/products/casual-affair-074e7b068cec48318a242100fbb79eb4-1024x1024-1766742111874.jpg?v=1777560618657|https://bizweb.dktcdn.net/100/660/831/products/laydown-1766742125073.jpg?v=1777560618657|https://bizweb.dktcdn.net/100/660/831/products/vn-11134207-7ra0g-m6gavkz3ja079b-jpeg-1766742191554.jpg?v=1777560618657|https://bizweb.dktcdn.net/100/660/831/products/264811405-4723328204419568-8849032599601334204-n-7a574ba1c1bc4b4a95b24e1819b0a1f3-1024x1024-1766742763210.jpg?v=1777560618657|https://bizweb.dktcdn.net/100/660/831/products/vn-11134207-7r98o-lzk6tcka42tp6b-jpeg-1766742785120.jpg?v=1777560618657|https://bizweb.dktcdn.net/100/660/831/products/44c0e53adfe82200125fa1dbe94fb725-jpeg-1766742845692.jpg?v=1777560618657,|storage/images/son-kem-li-3ce-blur-water-tint/02.jpg|storage/images/son-kem-li-3ce-blur-water-tint/03.jpg|storage/images/son-kem-li-3ce-blur-water-tint/04.jpg|storage/images/son-kem-li-3ce-blur-water-tint/05.jpg|storage/images/son-kem-li-3ce-blur-water-tint/06.jpg|storage/images/son-kem-li-3ce-blur-water-tint/07.jpg|storage/images/son-kem-li-3ce-blur-water-tint/08.jpg,2026-07-12T16:53:38+00:00
https://mtd-global.com/son-kem-nhung-min-3ce-velvet-lip-tint,son-kem-nhung-min-3ce-velvet-lip-tint,"SON KEM NHUNG MỊN 3CE VELVET LIP TINT",3CE,8809437396609,son,in_stock,320000,,VND,"Thương hiệu 3CE (3 Concept Eyes) là thương hiệu mỹ phẩm nổi tiếng đến từ Hàn Quốc, trực thuộc Stylenanda. Thương hiệu nổi bật với các dòng son thời thượng, chất lượng cao và luôn dẫn đầu xu hướng makeup châu Á. Xuất xứ Hàn Quốc Sản phẩm được sản xuất theo tiêu chuẩn mỹ phẩm Hàn Quốc và phân phối rộng rãi trên nhiều thị",https://bizweb.dktcdn.net/100/660/831/products/220.png?v=1777560647653|https://bizweb.dktcdn.net/100/660/831/products/pink-break-jpeg-1766741575200.jpg?v=1777560647653|https://bizweb.dktcdn.net/100/660/831/products/son-3ce-velvet-lip-tint-walk-n-talk-mau-nau-dat3-1766741683639.jpg?v=1777560647653|https://bizweb.dktcdn.net/100/660/831/products/bitter-hour-1-1766741759517.jpg?v=1777560647653|https://bizweb.dktcdn.net/100/660/831/products/taupe-1766741799265.jpg?v=1777560647653|https://bizweb.dktcdn.net/100/660/831/products/cashmere-nude-1766741825608.jpg?v=1777560647653|https://bizweb.dktcdn.net/100/660/831/products/son-3ce-velvet-lip-tint-definition-mau-do-dat4-1766741843780.jpg?v=1777560647653|https://bizweb.dktcdn.net/100/660/831/products/barashop809-1766741860909.jpg?v=1777560647653|https://bizweb.dktcdn.net/100/660/831/products/171c88603fe01749dc09bbc5f489f5e1-jfif-1768982803775.jpg?v=1777560647653|https://bizweb.dktcdn.net/100/660/831/products/cdbc22330ab54fa1b8de62a294073a43-cd0f540d2282412b97f29d30c673d1b6-master-1768983151681.jpg?v=1777560647653|https://bizweb.dktcdn.net/100/660/831/products/images-jpeg-1770445010486.jpg?v=1777560647653,storage/images/son-kem-nhung-min-3ce-velvet-lip-tint/01.png|storage/images/son-kem-nhung-min-3ce-velvet-lip-tint/02.jpg|storage/images/son-kem-nhung-min-3ce-velvet-lip-tint/03.jpg|storage/images/son-kem-nhung-min-3ce-velvet-lip-tint/04.jpg|storage/images/son-kem-nhung-min-3ce-velvet-lip-tint/05.jpg|storage/images/son-kem-nhung-min-3ce-velvet-lip-tint/06.jpg|storage/images/son-kem-nhung-min-3ce-velvet-lip-tint/07.jpg|storage/images/son-kem-nhung-min-3ce-velvet-lip-tint/08.jpg|storage/images/son-kem-nhung-min-3ce-velvet-lip-tint/09.jpg|storage/images/son-kem-nhung-min-3ce-velvet-lip-tint/10.jpg|storage/images/son-kem-nhung-min-3ce-velvet-lip-tint/11.jpg,2026-07-12T16:53:44+00:00
https://mtd-global.com/phan-ma-hong-bat-sang-3ce-blushlighter,phan-ma-hong-bat-sang-3ce-blushlighter,"PHẤN MÁ HỒNG BẮT SÁNG 3CE BLUSHLIGHTER",3CE,6902395974857,Makeup,in_stock,350000,,VND,"Mô tả sản phẩm chuẩn brand mỹ phẩm Tên sản phẩm: Phấn má hồng bắt sáng 3CE Blushlighter Thương hiệu: 3CE (3 Concept Eyes) Xuất xứ: Hàn Quốc Mô tả sản phẩm Phấn má hồng bắt sáng 3CE Blushlighter là sản phẩm trang điểm 2 trong 1 kết hợp giữa má hồng và highlight, giúp tạo hiệu ứng gò má ửng hồng tự nhiên đồng thời tăng đ",https://bizweb.dktcdn.net/100/660/831/products/24.png?v=1777122794370|https://bizweb.dktcdn.net/100/660/831/products/nh-sp-4ed7ccba29d84fc2ab416c3ae10b34ce-master-medium-jpeg-1766739106502.jpg?v=1777122797297|https://bizweb.dktcdn.net/100/660/831/products/3ce-blushlighter-10-01-2025-4-jpeg-1766738988670.jpg?v=1777122797297|https://bizweb.dktcdn.net/100/660/831/products/phan-ma-hong-bat-sang-3ce-blush-lighter-coral-flush-1-1766738839520.jpg?v=1777122797297|https://bizweb.dktcdn.net/100/660/831/products/20250712-uks2aq1yj5-jpeg-1766738809473.jpg?v=1777122797297|https://bizweb.dktcdn.net/100/660/831/products/lazy-grande-1766738825391.png?v=1777122797297|https://bizweb.dktcdn.net/100/660/831/products/d0e7a095-5dc0-4f9d-94c4-f0000b42a4b4.jpg?v=1777122797297,storage/images/phan-ma-hong-bat-sang-3ce-blushlighter/01.png|storage/images/phan-ma-hong-bat-sang-3ce-blushlighter/02.jpg|storage/images/phan-ma-hong-bat-sang-3ce-blushlighter/03.jpg|storage/images/phan-ma-hong-bat-sang-3ce-blushlighter/04.jpg|storage/images/phan-ma-hong-bat-sang-3ce-blushlighter/05.jpg|storage/images/phan-ma-hong-bat-sang-3ce-blushlighter/06.png|storage/images/phan-ma-hong-bat-sang-3ce-blushlighter/07.jpg,2026-07-12T16:53:52+00:00
https://mtd-global.com/kyunglab-uv-purple-tone-up-sun-essence-50ml,kyunglab-uv-purple-tone-up-sun-essence-50ml,"Kyunglab UV Purple Tone-Up Sun Essence 50ml",KYUNGLAB,8809954947797,"Chống nắng",out_of_stock,350000,459000,VND,"KYUNGLAB UV Purple Tone-Up Sun Essence 50ml Thương hiệu: KYUNGLAB KYUNGLAB là thương hiệu mỹ phẩm chăm sóc da đến từ Hàn Quốc, định hướng phát triển các sản phẩm chống nắng kết hợp dưỡng da và công nghệ hiệu chỉnh sắc da (tone-up). Xuất xứ: Hàn Quốc Sản phẩm được sản xuất tại Hàn Quốc theo tiêu chuẩn mỹ phẩm nội địa và",https://bizweb.dktcdn.net/100/660/831/products/9.png?v=1777114183607|https://bizweb.dktcdn.net/100/660/831/products/1c0daf1c-0e7b-4aca-b8a2-c309dfd8e81c.jpg?v=1777114186357,storage/images/kyunglab-uv-purple-tone-up-sun-essence-50ml/01.png|storage/images/kyunglab-uv-purple-tone-up-sun-essence-50ml/02.jpg,2026-07-12T16:53:57+00:00
https://mtd-global.com/son-merzy-the-first-velvet-tint-v6-firenze-negroni,son-merzy-the-first-velvet-tint-v6-firenze-negroni,"SON MERZY THE FIRST VELVET TINT V6. FIRENZE NEGRONI",MERZY,8809510689468,son,in_stock,190000,290000,VND,"Thương hiệu Merzy là thương hiệu mỹ phẩm đến từ Hàn Quốc, nổi tiếng với các dòng son kem lì chất lượng tốt, giá thành hợp lý và bảng màu thời thượng, phù hợp nhiều phong cách makeup. Xuất xứ Hàn Quốc Sản phẩm được sản xuất theo tiêu chuẩn mỹ phẩm Hàn Quốc và phân phối rộng rãi tại nhiều quốc gia. Tên sản phẩm Merzy The",https://bizweb.dktcdn.net/100/660/831/products/224.png?v=1777977537930|https://bizweb.dktcdn.net/100/660/831/products/deade5bc-5e15-4d68-9b72-27295c06ac0d.jpg?v=1777977537930,storage/images/son-merzy-the-first-velvet-tint-v6-firenze-negroni/01.png|storage/images/son-merzy-the-first-velvet-tint-v6-firenze-negroni/02.jpg,2026-07-12T16:54:00+00:00
https://mtd-global.com/son-merzy-mellow-tint-glam-edition-m13-vapor-red,son-merzy-mellow-tint-glam-edition-m13-vapor-red,"SON MERZY MELLOW TINT GLAM EDITION M13. VAPOR RED",MERZY,8809510688805,son,in_stock,190000,300000,VND,"Thương hiệu Merzy là thương hiệu mỹ phẩm đến từ Hàn Quốc, nổi tiếng với các dòng son kem lì chất lượng tốt, bảng màu thời thượng và giá thành hợp lý. Xuất xứ Hàn Quốc Sản phẩm được sản xuất theo tiêu chuẩn mỹ phẩm Hàn Quốc và phân phối rộng rãi tại nhiều thị trường. Tên sản phẩm Merzy Mellow Tint Glam Edition Màu M13 –",https://bizweb.dktcdn.net/100/660/831/products/225.png?v=1778050613440|https://bizweb.dktcdn.net/100/660/831/products/f8e6e67e-6cf7-45bf-a56d-603eb3be40ba.jpg?v=1778050613440|https://bizweb.dktcdn.net/100/660/831/products/110986a4-bb8f-4f42-b1ca-a99ca1684997.jpg?v=1778050099853,storage/images/son-merzy-mellow-tint-glam-edition-m13-vapor-red/01.png|storage/images/son-merzy-mellow-tint-glam-edition-m13-vapor-red/02.jpg|storage/images/son-merzy-mellow-tint-glam-edition-m13-vapor-red/03.jpg,2026-07-12T16:54:03+00:00
https://mtd-global.com/nuoc-hoa-armaf-odyssey-mandarin-sky-for-men-limited-edition-eau-de-parfum,nuoc-hoa-armaf-odyssey-mandarin-sky-for-men-limited-edition-eau-de-parfum,"NƯỚC HOA ARMAF ODYSSEY MANDARIN SKY FOR MEN LIMITED EDITION EAU DE PARFUM",ARMAF,6294015149371,"Nước Hoa",in_stock,1100000,1500000,VND,"ARMAF ODYSSEY MANDARIN SKY LIMITED EDITION EAU DE PARFUM FOR MEN Thương hiệu: Armaf Xuất xứ: UAE (Dubai) Nồng độ: Eau de Parfum (EDP) Phiên bản: Limited Edition Phong cách: Nam tính – tươi sáng – ngọt ấm hiện đại – cuốn hút GIỚI THIỆU SẢN PHẨM Armaf Odyssey Mandarin Sky Limited Edition là phiên bản nước hoa nam mang ti",https://bizweb.dktcdn.net/100/660/831/products/ban-sao-cua-frame-sp-214.png?v=1778063835890|https://bizweb.dktcdn.net/100/660/831/products/12eae143-c7cd-40bc-8ebc-82f644286fef.jpg?v=1778063835890|https://bizweb.dktcdn.net/100/660/831/products/eab9f048-ee4e-4c4e-8b29-b0dbee1c252b.jpg?v=1778063833550|https://bizweb.dktcdn.net/100/660/831/products/eb21b001-4fc1-4866-94f0-4feeff5e9266.jpg?v=1778063833550,storage/images/nuoc-hoa-armaf-odyssey-mandarin-sky-for-men-limited-edition-eau-de-parfum/01.png|storage/images/nuoc-hoa-armaf-odyssey-mandarin-sky-for-men-limited-edition-eau-de-parfum/02.jpg|storage/images/nuoc-hoa-armaf-odyssey-mandarin-sky-for-men-limited-edition-eau-de-parfum/03.jpg|storage/images/nuoc-hoa-armaf-odyssey-mandarin-sky-for-men-limited-edition-eau-de-parfum/04.jpg,2026-07-12T16:54:07+00:00
https://mtd-global.com/nuoc-hoa-armaf-odyssey-homme-white-edition-eau-de-parfum,nuoc-hoa-armaf-odyssey-homme-white-edition-eau-de-parfum,"NƯỚC HOA ARMAF ODYSSEY HOMME WHITE EDITION EAU DE PARFUM",ARMAF,6294015109320,"Nước Hoa",in_stock,1000000,1900000,VND,"ARMAF ODYSSEY HOMME WHITE EDITION EAU DE PARFUM Thương hiệu: Armaf Xuất xứ: UAE (Dubai) Nồng độ: Eau de Parfum (EDP) Dòng: Odyssey Collection Phong cách: Nam tính – tươi mát – hiện đại – thanh lịch – dễ dùng GIỚI THIỆU SẢN PHẨM Armaf Odyssey Homme White Edition là mùi hương nam mang tinh thần fresh–woody–amber hiện đại",https://bizweb.dktcdn.net/100/660/831/products/a3ef9aaf-11d4-43b4-a4f2-e014d4e8730e.jpg?v=1776155340400|https://bizweb.dktcdn.net/100/660/831/products/84e0e098-f1dc-45d6-a86b-14d57a508b0b.jpg?v=1776155340400,storage/images/nuoc-hoa-armaf-odyssey-homme-white-edition-eau-de-parfum/01.jpg|storage/images/nuoc-hoa-armaf-odyssey-homme-white-edition-eau-de-parfum/02.jpg,2026-07-12T16:54:13+00:00
https://mtd-global.com/dau-xa-med-all-rcp-10-anti-hair-loss-theatment-herbal-woody,dau-xa-med-all-rcp-10-anti-hair-loss-theatment-herbal-woody,"DẦU XẢ MED:ALL RCP-10 ANTI HAIR LOSS THEATMENT HERBAL WOODY",MED:ALL,8809891260256,"Dầu gội - Sữa tắm",in_stock,330000,400000,VND,"MED:ALL RCP-10 ANTI HAIR LOSS TREATMENT HERBAL WOODY Thương hiệu: MED:ALL Dòng sản phẩm: RCP-10 Anti Hair Loss Loại sản phẩm: Dầu xả / Hair Treatment Dung tích: 200ml Phong cách: Thảo dược – gỗ ấm – phục hồi chuyên sâu – chăm sóc da đầu GIỚI THIỆU SẢN PHẨM MED:ALL RCP-10 Anti Hair Loss Treatment Herbal Woody là dòng dầ",https://bizweb.dktcdn.net/100/660/831/products/ban-sao-cua-frame-sp-196.png?v=1778052121637|https://bizweb.dktcdn.net/100/660/831/products/vn-11134207-820l4-mekztpdqu7lvbb.webp?v=1778052123827|https://bizweb.dktcdn.net/100/660/831/products/vn-11134207-820l4-mekzu6c3q22rdd.webp?v=1778052125707|https://bizweb.dktcdn.net/100/660/831/products/0fb2d8ad-2274-4d87-ac82-fc0bea0c236a.jpg?v=1778052125707,storage/images/dau-xa-med-all-rcp-10-anti-hair-loss-theatment-herbal-woody/01.png|storage/images/dau-xa-med-all-rcp-10-anti-hair-loss-theatment-herbal-woody/02.webp|storage/images/dau-xa-med-all-rcp-10-anti-hair-loss-theatment-herbal-woody/03.webp|storage/images/dau-xa-med-all-rcp-10-anti-hair-loss-theatment-herbal-woody/04.jpg,2026-07-12T16:54:17+00:00
https://mtd-global.com/dau-goi-med-all-rcp-10-anti-hair-loss-shampoo-herbal-woody,dau-goi-med-all-rcp-10-anti-hair-loss-shampoo-herbal-woody,"DẦU GỘI MED:ALL RCP-10 ANTI HAIR LOSS SHAMPOO HERBAL WOODY",MED:ALL,8809935051178,"Dầu gội - Sữa tắm",in_stock,650000,750000,VND,"MED:ALL RCP-10 ANTI HAIR LOSS SHAMPOO HERBAL WOODY Thương hiệu: MED:ALL Dòng sản phẩm: RCP-10 Anti Hair Loss Loại sản phẩm: Dầu gội / Shampoo Dung tích: 300ml Phong cách: Thảo dược – gỗ ấm – làm sạch chuyên sâu – phục hồi da đầu GIỚI THIỆU SẢN PHẨM MED:ALL RCP-10 Anti Hair Loss Shampoo Herbal Woody là dòng dầu gội chăm",https://bizweb.dktcdn.net/100/660/831/products/ban-sao-cua-frame-sp-197.png?v=1778052597280|https://bizweb.dktcdn.net/100/660/831/products/z6997285726385-3019ee38674b5393ddbde77b7b4539f7.jpg?v=1778052597280|https://bizweb.dktcdn.net/100/660/831/products/a184d38e-901d-4608-8d42-4c67c2221323.jpg?v=1778052597280,storage/images/dau-goi-med-all-rcp-10-anti-hair-loss-shampoo-herbal-woody/01.png|storage/images/dau-goi-med-all-rcp-10-anti-hair-loss-shampoo-herbal-woody/02.jpg|storage/images/dau-goi-med-all-rcp-10-anti-hair-loss-shampoo-herbal-woody/03.jpg,2026-07-12T16:54:22+00:00
https://mtd-global.com/thuc-pham-bao-ve-suc-khoe-blackmores-evening-primrose-oil-190-vien-1-hop,thuc-pham-bao-ve-suc-khoe-blackmores-evening-primrose-oil-190-vien-1-hop,"THỰC PHẨM BẢO VỆ SỨC KHOẺ BLACKMORES EVENING PRIMROSE OIL 190 VIÊN/ 1 HỘP",BLACKMORES,9300807310298,"THỰC PHẨM CHỨC NĂNG",in_stock,780000,880000,VND,"THỰC PHẨM BẢO VỆ SỨC KHỎE BLACKMORES EVENING PRIMROSE OIL 190 VIÊN Blackmores Evening Primrose Oil là thực phẩm bảo vệ sức khỏe nổi tiếng đến từ Úc, chiết xuất từ dầu hoa anh thảo tự nhiên, giúp cân bằng nội tiết tố, hỗ trợ làm đẹp da và cải thiện sức khỏe tổng thể , đặc biệt dành cho phụ nữ. Thương hiệu Thương hiệu: B",https://bizweb.dktcdn.net/100/660/831/products/279.png?v=1778050241573|https://bizweb.dktcdn.net/100/660/831/products/1725644587277.jpg?v=1778050540023|https://bizweb.dktcdn.net/100/660/831/products/blackmores-evening-primrose-oil-huong-dan-su-dung-jpg-v-1758082909840.jpg?v=1779010903273|https://bizweb.dktcdn.net/100/660/831/products/6e5e1b989e760573fd0f4b16dce21581-9c6b783c5ee74ed1b7b7bf8159fbdfe9.jpg?v=1779010954770,storage/images/thuc-pham-bao-ve-suc-khoe-blackmores-evening-primrose-oil-190-vien-1-hop/01.png|storage/images/thuc-pham-bao-ve-suc-khoe-blackmores-evening-primrose-oil-190-vien-1-hop/02.jpg|storage/images/thuc-pham-bao-ve-suc-khoe-blackmores-evening-primrose-oil-190-vien-1-hop/03.jpg|storage/images/thuc-pham-bao-ve-suc-khoe-blackmores-evening-primrose-oil-190-vien-1-hop/04.jpg,2026-07-12T16:54:25+00:00
https://mtd-global.com/thuc-pham-bao-ve-suc-khoe-blackmores-omega-double-high-strength-fish-oil,thuc-pham-bao-ve-suc-khoe-blackmores-omega-double-high-strength-fish-oil,"THỰC PHẨM BẢO VỆ SỨC KHOẺ BLACKMORES OMEGA DOUBLE HIGH STRENGTH FISH OIL",BLACKMORES,9300807351154,"THỰC PHẨM CHỨC NĂNG",in_stock,570000,670000,VND,"Blackmores Omega Double High Strength Fish Oil là thực phẩm bảo vệ sức khỏe cao cấp đến từ Úc, cung cấp hàm lượng Omega-3 gấp đôi so với dầu cá thông thường , giúp hỗ trợ tim mạch, não bộ, mắt và làn da. Thương hiệu: Blackmores – thương hiệu chăm sóc sức khỏe hàng đầu tại Úc Xuất xứ: Úc Sản phẩm được kiểm nghiệm nghiêm",https://bizweb.dktcdn.net/100/660/831/products/280.png?v=1778050870940|https://bizweb.dktcdn.net/100/660/831/products/428f851d-588c-4442-be36-4fc90c4c1d40.jpg?v=1778050870940|https://bizweb.dktcdn.net/100/660/831/products/8d139d08-945f-4bde-b9c5-1bdc9dc8e74e.jpg?v=1778050870940|https://bizweb.dktcdn.net/100/660/831/products/1e33d833-a3c7-4c18-86d3-db557e5b22fa.jpg?v=1778050870940|https://bizweb.dktcdn.net/100/660/831/products/5138beeb-0622-49f0-a899-a657227adb5f.jpg?v=1778050870940|https://bizweb.dktcdn.net/100/660/831/products/cloud-image-1769980735907-02022026041855-dau-ca-blackmores-omega-double-high-strength-fish-oil-co-dac-ho-tro-tim-nao-mat-da.jpg?v=1778050870940,storage/images/thuc-pham-bao-ve-suc-khoe-blackmores-omega-double-high-strength-fish-oil/01.png|storage/images/thuc-pham-bao-ve-suc-khoe-blackmores-omega-double-high-strength-fish-oil/02.jpg|storage/images/thuc-pham-bao-ve-suc-khoe-blackmores-omega-double-high-strength-fish-oil/03.jpg|storage/images/thuc-pham-bao-ve-suc-khoe-blackmores-omega-double-high-strength-fish-oil/04.jpg|storage/images/thuc-pham-bao-ve-suc-khoe-blackmores-omega-double-high-strength-fish-oil/05.jpg|storage/images/thuc-pham-bao-ve-suc-khoe-blackmores-omega-double-high-strength-fish-oil/06.jpg,2026-07-12T16:54:29+00:00
https://mtd-global.com/thuc-pham-bao-ve-suc-khoe-blackmores-bio-c-1000mg,thuc-pham-bao-ve-suc-khoe-blackmores-bio-c-1000mg,"THỰC PHẨM BẢO VỆ SỨC KHOẺ BLACKMORES BIO C 1000MG",BLACKMORES,93552363,"THỰC PHẨM CHỨC NĂNG",in_stock,300000,430000,VND,"Viên uống Blackmores Bio C 1000mg là sản phẩm bổ sung vitamin C cao cấp từ thương hiệu Blackmores, nổi bật với công thức kết hợp vitamin C 1000mg + bioflavonoids tự nhiên , giúp tăng cường sức khỏe tổng thể, hỗ trợ miễn dịch và nuôi dưỡng làn da từ bên trong. Không chỉ đơn thuần là vitamin C, sản phẩm được thiết kế the",https://bizweb.dktcdn.net/100/660/831/products/ban-sao-cua-frame-sp-195.png?v=1778051071433|https://bizweb.dktcdn.net/100/660/831/products/vien-uong-bo-sung-vitamin-c-blackmores-bio-c-1000mg-4-jpg.webp?v=1778051197477|https://bizweb.dktcdn.net/100/660/831/products/vien-uong-blackmores-bio-c-1000mg-bo-sung-vitamin-c-3-510x510.jpg?v=1778051372963,storage/images/thuc-pham-bao-ve-suc-khoe-blackmores-bio-c-1000mg/01.png|storage/images/thuc-pham-bao-ve-suc-khoe-blackmores-bio-c-1000mg/02.webp|storage/images/thuc-pham-bao-ve-suc-khoe-blackmores-bio-c-1000mg/03.jpg,2026-07-12T16:54:37+00:00
https://mtd-global.com/sua-rua-mat-lumaree-cicapepti-plus-purifying-cleansing-gel-50ml,sua-rua-mat-lumaree-cicapepti-plus-purifying-cleansing-gel-50ml,"SỮA RỬA MẶT LUMAREE CICAPEPTI PLUS PURIFYING CLEANSING GEL 50ML",LUMAREE,8809789638440,"sữa rửa mặt",in_stock,150000,200000,VND,"Giới thiệu sản phẩm Sữa rửa mặt Lumaree là dòng gel rửa mặt sinh học thế hệ mới đến từ Hàn Quốc, nổi bật với khả năng làm sạch – bảo vệ – phục hồi da trong cùng một bước. Công thức được thiết kế để làm sạch hiệu quả nhưng vẫn tôn trọng hàng rào bảo vệ tự nhiên của da . Thương hiệu: Lumaree Xuất xứ: Hàn Quốc Dung tích :",https://bizweb.dktcdn.net/100/660/831/products/83.png?v=1777123879470|https://bizweb.dktcdn.net/100/660/831/products/4d57d075-6f2e-4488-becf-8d6e9791b567.jpg?v=1777123882140|https://bizweb.dktcdn.net/100/660/831/products/c80227a4-6e9c-4a1d-842b-e6f12ec569b6.jpg?v=1777123882140|https://bizweb.dktcdn.net/100/660/831/products/27599bba-dcc3-4bda-937d-056c8323b0a0.jpg?v=1777123882140,storage/images/sua-rua-mat-lumaree-cicapepti-plus-purifying-cleansing-gel-50ml/01.png|storage/images/sua-rua-mat-lumaree-cicapepti-plus-purifying-cleansing-gel-50ml/02.jpg|storage/images/sua-rua-mat-lumaree-cicapepti-plus-purifying-cleansing-gel-50ml/03.jpg|storage/images/sua-rua-mat-lumaree-cicapepti-plus-purifying-cleansing-gel-50ml/04.jpg,2026-07-12T16:54:41+00:00
https://mtd-global.com/kem-chong-nang-lumaree-super-b-protection-sun-cream-50ml,kem-chong-nang-lumaree-super-b-protection-sun-cream-50ml,"[HÀNG ĐẶT TRƯỚC] Kem chống nắng LUMAREE SUPER B PROTECTION SUN CREAM 50ml",LUMAREE,8809789638457,"chống nắng",out_of_stock,350000,390000,VND,"Kem chống nắng LUMAREE SUPER B PROTECTION SUN CREAM SPF50+ PA++++ Kem chống nắng lai (Hybrid Sunscreen) – Bảo vệ da đa tầng, dưỡng da toàn diện mỗi ngày LUMAREE SUPER B PROTECTION SUN CREAM là dòng kem chống nắng thế hệ mới, kết hợp hoàn hảo giữa chống nắng vật lý và hóa học, giúp bảo vệ làn da tối ưu trước tác hại của",https://bizweb.dktcdn.net/100/660/831/products/86.png?v=1777123976170|https://bizweb.dktcdn.net/100/660/831/products/z7643347391085-c2defc851ca6ceae3e39952dcfc88dff.jpg?v=1777123979540|https://bizweb.dktcdn.net/100/660/831/products/z7643347407106-c5772d0f837c4f1602c19e0dd236ad92.jpg?v=1777123979540|https://bizweb.dktcdn.net/100/660/831/products/z7347298715909-922e3d35ae1bd0923a5a750a0eb4ebe2-1766233028853.jpg?v=1777123979540|https://bizweb.dktcdn.net/100/660/831/products/e9d07dfc-b47f-4697-8783-681f70dfa77c.jpg?v=1777123979540,storage/images/kem-chong-nang-lumaree-super-b-protection-sun-cream-50ml/01.png|storage/images/kem-chong-nang-lumaree-super-b-protection-sun-cream-50ml/02.jpg|storage/images/kem-chong-nang-lumaree-super-b-protection-sun-cream-50ml/03.jpg|storage/images/kem-chong-nang-lumaree-super-b-protection-sun-cream-50ml/04.jpg|storage/images/kem-chong-nang-lumaree-super-b-protection-sun-cream-50ml/05.jpg,2026-07-12T16:54:45+00:00
https://mtd-global.com/son-bun-dang-hu-colorkey,son-bun-dang-hu-colorkey,"SON BÙN DẠNG HŨ COLORKEY",COLORKEY,6938582356380,son,in_stock,169000,,VND,"Thương hiệu Colorkey là thương hiệu mỹ phẩm nội địa Trung (C-beauty), nổi tiếng với các dòng son kem và son bùn giá tốt, chất lượng ổn định và bảng màu thời thượng. Xuất xứ: NỘI ĐỊA TRUNG Sản phẩm được sản xuất và phân phối rộng rãi tại nhiều thị trường châu Á. Tên sản phẩm Colorkey Lip Mud / Colorkey Lip Mud Pot / Bou",https://bizweb.dktcdn.net/100/660/831/products/223.png?v=1777373108563|https://bizweb.dktcdn.net/100/660/831/products/q02-mocha-a8f1f069f56d473db236b83139c4b5ee-master-1765891657145.jpg?v=1777373108563|https://bizweb.dktcdn.net/100/660/831/products/q03-peachy-snow-8337ef1abc1d4747a617c161dea66e50-master-1765891657904.jpg?v=1777373108563|https://bizweb.dktcdn.net/100/660/831/products/q06-lychee-red-f6917070a87f41a8aa08a922920afcc2-master-1765891658508.jpg?v=1777373108563,storage/images/son-bun-dang-hu-colorkey/01.png|storage/images/son-bun-dang-hu-colorkey/02.jpg|storage/images/son-bun-dang-hu-colorkey/03.jpg|storage/images/son-bun-dang-hu-colorkey/04.jpg,2026-07-12T16:54:49+00:00
https://mtd-global.com/son-bun-colorkey-mousse-matte-lip-mud,son-bun-colorkey-mousse-matte-lip-mud,"SON BÙN COLORKEY MOUSSE MATTE LIP MUD",COLORKEY,6977304933706,son,in_stock,169000,,VND,"Thương hiệu Colorkey là thương hiệu mỹ phẩm nội địa Trung (C-beauty), nổi tiếng với các dòng son có chất lượng ổn định, bảng màu trendy và giá thành dễ tiếp cận. Xuất xứ: NỘI ĐỊA TRUNG Sản phẩm được sản xuất và phân phối rộng rãi tại thị trường châu Á. Tên sản phẩm Colorkey Mousse Matte Lip Mud (son bùn Colorkey dạng m",https://bizweb.dktcdn.net/100/660/831/products/ban-sao-cua-frame-sp-175.png?v=1777375731183|https://bizweb.dktcdn.net/100/660/831/products/screenshot-2025-12-14-at-21-38-41-1765787212206.png?v=1777375731183|https://bizweb.dktcdn.net/100/660/831/products/r109-1765787212188.jpg?v=1777375731183|https://bizweb.dktcdn.net/100/660/831/products/p131-1765787212188.jpg?v=1777375725447|https://bizweb.dktcdn.net/100/660/831/products/p103-jpeg-1765787212190.jpg?v=1777375725447|https://bizweb.dktcdn.net/100/660/831/products/r108-1765787212195.png?v=1777375725447|https://bizweb.dktcdn.net/100/660/831/products/o106-1765787212196.jpg?v=1777375725447,storage/images/son-bun-colorkey-mousse-matte-lip-mud/01.png|storage/images/son-bun-colorkey-mousse-matte-lip-mud/02.png|storage/images/son-bun-colorkey-mousse-matte-lip-mud/03.jpg|storage/images/son-bun-colorkey-mousse-matte-lip-mud/04.jpg|storage/images/son-bun-colorkey-mousse-matte-lip-mud/05.jpg|storage/images/son-bun-colorkey-mousse-matte-lip-mud/06.png|storage/images/son-bun-colorkey-mousse-matte-lip-mud/07.jpg,2026-07-12T16:54:53+00:00
https://mtd-global.com/kem-cham-mun-regeness-hautgen-shot,kem-cham-mun-regeness-hautgen-shot,"KEM CHẤM MỤN REGENESS HAUTGEN SHOT",REGENESS,8809222849624,"kem dưỡng",out_of_stock,200000,300000,VND,"Kem chấm mụn Regeness Hautgen Spot là sản phẩm điều trị mụn chuyên sâu thuộc dòng dược mỹ phẩm Hàn Quốc, ứng dụng công nghệ peptide kháng khuẩn độc quyền AC-Control giúp xử lý nhanh các nốt mụn viêm, mụn sưng và hỗ trợ phục hồi da sau mụn. Thiết kế dạng gel chấm trực tiếp lên nốt mụn, sản phẩm tập trung giảm viêm – gom",https://bizweb.dktcdn.net/100/660/831/products/ban-sao-cua-frame-sp-198.png?v=1778053260387|https://bizweb.dktcdn.net/100/660/831/products/z7222532646336-3bd761d8dd8b3120d359a0716781ecc1-c0bc5e6ec50e48b68fa59c100d1e3bc6.jpg?v=1778053753907|https://bizweb.dktcdn.net/100/660/831/products/4da3d663-f7a3-42ff-9250-abc00083f125.jpg?v=1778053753907|https://bizweb.dktcdn.net/100/660/831/products/2f3a1053-6c6a-4210-a77d-c4c4d5b4202c.jpg?v=1778053753907|https://bizweb.dktcdn.net/100/660/831/products/b85bc825-675c-4f84-bffb-516b2f1c4261.jpg?v=1778053753907|https://bizweb.dktcdn.net/100/660/831/products/c30f2e46-12aa-43a5-b6cf-f42c3fe41522.jpg?v=1778053752327,storage/images/kem-cham-mun-regeness-hautgen-shot/01.png|storage/images/kem-cham-mun-regeness-hautgen-shot/02.jpg|storage/images/kem-cham-mun-regeness-hautgen-shot/03.jpg|storage/images/kem-cham-mun-regeness-hautgen-shot/04.jpg|storage/images/kem-cham-mun-regeness-hautgen-shot/05.jpg|storage/images/kem-cham-mun-regeness-hautgen-shot/06.jpg,2026-07-12T16:54:59+00:00
https://mtd-global.com/sua-duong-the-huong-nuoc-hoa-no-1-jmella,sua-duong-the-huong-nuoc-hoa-no-1-jmella,"SỮA DƯỠNG THỂ HƯƠNG NƯỚC HOA NO.1 JMELLA",JMELLA,8809711716840,BODY,in_stock,149000,250000,VND,"Sữa Dưỡng Thể JMELLA No.1 Mô tả sản phẩm: Sữa dưỡng thể JMELLA No.1 là giải pháp chăm sóc da toàn diện, giúp da mềm mại, mịn màng và tươi sáng tự nhiên. Công thức đặc biệt giàu dưỡng chất thẩm thấu nhanh, cung cấp độ ẩm sâu và nuôi dưỡng làn da từ bên trong mà không gây nhờn rít. Thành phần nổi bật: Chiết xuất tự nhiên",https://bizweb.dktcdn.net/100/660/831/products/30.png?v=1777124039427|https://bizweb.dktcdn.net/100/660/831/products/bef476d5-7c0a-4825-b28f-13c3771e3629.jpg?v=1777124041510,storage/images/sua-duong-the-huong-nuoc-hoa-no-1-jmella/01.png|storage/images/sua-duong-the-huong-nuoc-hoa-no-1-jmella/02.jpg,2026-07-12T16:55:04+00:00
https://mtd-global.com/kem-duong-derma-factory-edlp-houttuynia-cordata-71,kem-duong-derma-factory-edlp-houttuynia-cordata-71,"KEM DƯỠNG DERMA FACTORY EDLP HOUTTUYNIA CORDATA 71%","DERMA FACTORY",8809563066841,"kem dưỡng",in_stock,190000,270000,VND,"🌿 Giới thiệu sản phẩm Kem dưỡng Derma Factory Houttuynia Cordata 71% Cream là kem dưỡng da dạng gel‑cream với chiết xuất rau diếp cá (Houttuynia Cordata) chiếm đến 71% trong công thức – giúp cung cấp độ ẩm, làm dịu và phục hồi làn da mệt mỏi, nhạy cảm hay bị kích ứng. Sản phẩm có kết cấu gel cream trong suốt, nhẹ tênh",https://bizweb.dktcdn.net/100/660/831/products/309.png?v=1777451842520|https://bizweb.dktcdn.net/100/660/831/products/0e6b14b8-50ac-40bf-8c7e-2392b4f94857.jpg?v=1777451842520|https://bizweb.dktcdn.net/100/660/831/products/77-5727a7a65c87410d8187613afc1bd768.png?v=1777451842520|https://bizweb.dktcdn.net/100/660/831/products/01-intro-1-6486a98b48fd4ed0bd521c12211a91e3.jpg?v=1777451864250,storage/images/kem-duong-derma-factory-edlp-houttuynia-cordata-71/01.png|storage/images/kem-duong-derma-factory-edlp-houttuynia-cordata-71/02.jpg|storage/images/kem-duong-derma-factory-edlp-houttuynia-cordata-71/03.png|storage/images/kem-duong-derma-factory-edlp-houttuynia-cordata-71/04.jpg,2026-07-12T16:55:07+00:00
https://mtd-global.com/sua-rua-mat-lam-sach-la-roche-posay-mini,sua-rua-mat-lam-sach-la-roche-posay-mini,"SỮA RỬA MẶT LÀM SẠCH LA ROCHE-POSAY MINI","LA ROCHE-POSAY",3337872414961,"sữa rửa mặt",in_stock,150000,200000,VND,"Sữa Rửa Mặt La Roche‑Posay Mini Effaclar Purifying Foaming Gel 15ml (Mini Size) Sữa rửa mặt La Roche‑Posay mini là phiên bản nhỏ gọn của dòng rửa mặt Effaclar Purifying Foaming Gel – sản phẩm cleanser nổi tiếng đến từ thương hiệu dược mỹ phẩm La Roche‑Posay (Pháp) , được thiết kế để làm sạch sâu nhưng vẫn dịu nhẹ cho d",https://bizweb.dktcdn.net/100/660/831/products/56.png?v=1777124256163|https://bizweb.dktcdn.net/100/660/831/products/4f5f046f-1ff5-41d3-89c4-f67903351bb2.jpg?v=1777124258577|https://bizweb.dktcdn.net/100/660/831/products/4ede4e41-9238-4f55-ad22-46bc8fdfe242.jpg?v=1777124258577|https://bizweb.dktcdn.net/100/660/831/products/754b5174-7fb0-40c8-b754-89335c8aeecb.jpg?v=1777124258577,storage/images/sua-rua-mat-lam-sach-la-roche-posay-mini/01.png|storage/images/sua-rua-mat-lam-sach-la-roche-posay-mini/02.jpg|storage/images/sua-rua-mat-lam-sach-la-roche-posay-mini/03.jpg|storage/images/sua-rua-mat-lam-sach-la-roche-posay-mini/04.jpg,2026-07-12T16:55:12+00:00
https://mtd-global.com/tinh-chat-niacinamide-20-cok-lear,tinh-chat-niacinamide-20-cok-lear,"TINH CHẤT NIACINAMIDE 20% COK’LEAR",CO'KLEAR,8800287490578,"tinh chất",out_of_stock,290000,390000,VND,"Tinh chất Niacinamide 20% COK’LEAR Thông tin sản phẩm Thương hiệu: COK’LEAR Nguồn gốc xuất xứ: Hàn Quốc Loại sản phẩm: Serum / tinh chất dưỡng da Nồng độ: Niacinamide 20% Loại da phù hợp: Da dầu, da hỗn hợp, da mụn, da thâm sạm, lỗ chân lông to Mô tả sản phẩm Tinh chất Niacinamide 20% COK’LEAR là serum dưỡng da chuyên",https://bizweb.dktcdn.net/100/660/831/products/156.png?v=1777124323350|https://bizweb.dktcdn.net/100/660/831/products/serum-niacinamide-2-1765443188124.jpg?v=1777124325357,storage/images/tinh-chat-niacinamide-20-cok-lear/01.png|storage/images/tinh-chat-niacinamide-20-cok-lear/02.jpg,2026-07-12T16:55:16+00:00
https://mtd-global.com/mat-na-ngu-belif-super-knights-multi-vitamin-mask-25ml,mat-na-ngu-belif-super-knights-multi-vitamin-mask-25ml,"MẶT NẠ NGỦ BELIF SUPER KNIGHTS MULTI VITAMIN MASK 25ML",BELIF,SP3108,"mặt nạ",in_stock,160000,200000,VND,"belif Super Knights Multi‑Vitamin Sleeping Mask 25ml – Mặt Nạ Ngủ Dưỡng Da Giới thiệu sản phẩm Mặt nạ ngủ belif Super Knights Multi‑Vitamin Mask là sản phẩm chăm sóc da ban đêm với công thức giàu đa vitamin và dưỡng chất thiết yếu giúp nuôi dưỡng, phục hồi và tăng độ khỏe mạnh cho da trong khi bạn ngủ . Sản phẩm dạng g",https://bizweb.dktcdn.net/100/660/831/products/ban-sao-cua-frame-sp-176.png?v=1777376690967|https://bizweb.dktcdn.net/100/660/831/products/6-ef9c826d-4282-40be-84e8-130ab84d1f61-jpg-v-1748343000100.jpg?v=1777376707563,storage/images/mat-na-ngu-belif-super-knights-multi-vitamin-mask-25ml/01.png|storage/images/mat-na-ngu-belif-super-knights-multi-vitamin-mask-25ml/02.jpg,2026-07-12T16:55:21+00:00
https://mtd-global.com/kem-duong-nang-tone-lam-sang-da-whisis-tone-up-chong-nang-moi,kem-duong-nang-tone-lam-sang-da-whisis-tone-up-chong-nang-moi,"KEM DƯỠNG NÂNG TONE LÀM SÁNG DA WHISIS TONE UP CHỐNG NẮNG ( MỚI )",WHISIS,8809803051750,"kem dưỡng",out_of_stock,295000,395000,VND,"Giới thiệu sản phẩm Kem dưỡng WHISIS Tone Up Chống Nắng là sản phẩm 2‑trong‑1 vừa giúp chống nắng bảo vệ da , vừa nâng tone & làm sáng da tự nhiên , đồng thời dưỡng ẩm căng mịn cả ngày chỉ trong một bước. Sản phẩm phù hợp dùng hằng ngày – trước khi makeup hoặc đi ra ngoài nắng. Công dụng chính ✔ Chống nắng phổ rộng: SP",https://bizweb.dktcdn.net/100/660/831/products/307.png?v=1777454028673|https://bizweb.dktcdn.net/100/660/831/products/ff558a95-aeaf-4b87-a061-1b709a5efcb3.jpg?v=1777454028673|https://bizweb.dktcdn.net/100/660/831/products/d77f51e3-fb03-4257-880e-54d6ad1122d6.jpg?v=1777454028673|https://bizweb.dktcdn.net/100/660/831/products/z7283588872664-cea3758d18cb752ee45cc1e26cf58b51.jpg?v=1777454341933|https://bizweb.dktcdn.net/100/660/831/products/z7283588872668-b05711e8114ce68fc40e82bf45cc20e8.jpg?v=1777454341933,storage/images/kem-duong-nang-tone-lam-sang-da-whisis-tone-up-chong-nang-moi/01.png|storage/images/kem-duong-nang-tone-lam-sang-da-whisis-tone-up-chong-nang-moi/02.jpg|storage/images/kem-duong-nang-tone-lam-sang-da-whisis-tone-up-chong-nang-moi/03.jpg|storage/images/kem-duong-nang-tone-lam-sang-da-whisis-tone-up-chong-nang-moi/04.jpg|storage/images/kem-duong-nang-tone-lam-sang-da-whisis-tone-up-chong-nang-moi/05.jpg,2026-07-12T16:55:24+00:00
https://mtd-global.com/kem-duong-da-tay-lamelin-pure-hand-cream-peach,kem-duong-da-tay-lamelin-pure-hand-cream-peach,"KEM DƯỠNG DA TAY LAMELIN PURE HAND CREAM PEACH",LAMELIN,8809733217479,"kem dưỡng",in_stock,100000,150000,VND,"Giới thiệu sản phẩm Kem dưỡng tay Lamelin hương Đào là một trong những phiên bản thuộc dòng Lamelin Pure Hand Cream đến từ Hàn Quốc , nổi bật với mùi hương đào tươi mát cùng công thức dưỡng ẩm sâu giúp đôi tay mềm mại, mịn màng suốt cả ngày. Sản phẩm chăm sóc đôi tay bạn ngay cả khi bị khô, thô ráp do rửa tay thường xu",https://bizweb.dktcdn.net/100/660/831/products/ban-sao-cua-frame-sp-248.png?v=1778149173413|https://bizweb.dktcdn.net/100/660/831/products/cf0332ea-4a07-47aa-8522-1b33a608a18b.jpg?v=1778149173413,storage/images/kem-duong-da-tay-lamelin-pure-hand-cream-peach/01.png|storage/images/kem-duong-da-tay-lamelin-pure-hand-cream-peach/02.jpg,2026-07-12T16:55:29+00:00
https://mtd-global.com/sua-rua-mat-diu-lanh-cetaphil-gentle-skin-cleanser-cho-moi-loai-da-nhay-cam-473ml,sua-rua-mat-diu-lanh-cetaphil-gentle-skin-cleanser-cho-moi-loai-da-nhay-cam-473ml,"CETAPHIL GENTLE SKIN CLEANSER 473ML",CETAPHIL,9318637044535,"sữa rửa mặt",in_stock,420000,590000,VND,"Sữa Rửa Mặt Cetaphil Gentle Skin Cleanser 473ml Sữa rửa mặt Cetaphil Gentle Skin Cleanser 473ml là dòng cleanser dịu nhẹ – lành tính dành cho mọi loại da, đặc biệt là da nhạy cảm . Đây là sản phẩm được bác sĩ da liễu khuyên dùng vì khả năng làm sạch hiệu quả nhưng không gây khô căng hay kích ứng cho da. Giới thiệu chun",https://bizweb.dktcdn.net/100/660/831/products/52.png?v=1777128107773|https://bizweb.dktcdn.net/100/660/831/products/da7b5af3-d6fe-4779-b2a0-9629ffcab96f.jpg?v=1777128107773|https://bizweb.dktcdn.net/100/660/831/products/f36f8c4e-738d-497e-bf2f-b56579f79a40.jpg?v=1777128107773,storage/images/sua-rua-mat-diu-lanh-cetaphil-gentle-skin-cleanser-cho-moi-loai-da-nhay-cam-473ml/01.png|storage/images/sua-rua-mat-diu-lanh-cetaphil-gentle-skin-cleanser-cho-moi-loai-da-nhay-cam-473ml/02.jpg|storage/images/sua-rua-mat-diu-lanh-cetaphil-gentle-skin-cleanser-cho-moi-loai-da-nhay-cam-473ml/03.jpg,2026-07-12T16:55:32+00:00
https://mtd-global.com/kem-duong-am-va-lam-diu-da-be-cetaphil-baby-soothing-moisturising-cream,kem-duong-am-va-lam-diu-da-be-cetaphil-baby-soothing-moisturising-cream,"KEM DƯỠNG ẨM VÀ LÀM DỊU DA BÉ CETAPHIL BABY SOOTHING MOISTURISING CREAM",CETAPHIL,3499320017169,"kem dưỡng",in_stock,490000,550000,VND,"Kem Dưỡng Ẩm & Làm Dịu Da Bé Cetaphil Dành cho làn da nhạy cảm của bé – Dưỡng ẩm sâu, làm dịu tức thì Mô tả sản phẩm Kem dưỡng ẩm Cetaphil dành cho bé được nghiên cứu đặc biệt để chăm sóc làn da mỏng manh, nhạy cảm. Với công thức dịu nhẹ, không gây nhờn rít, sản phẩm giúp dưỡng ẩm, làm mềm da và củng cố hàng rào bảo vệ",https://bizweb.dktcdn.net/100/660/831/products/203.png?v=1778054861350|https://bizweb.dktcdn.net/100/660/831/products/vn-11134207-7ras8-mbm7qyoyx8bk3c.jpg?v=1778054862513|https://bizweb.dktcdn.net/100/660/831/products/c7ed5db9-5e04-453b-9e4f-fa820ccd5fbc.jpg?v=1778054862513|https://bizweb.dktcdn.net/100/660/831/products/f8e8b46b-c21a-44ac-b973-b6b5d81b7bf2.jpg?v=1778054862513,storage/images/kem-duong-am-va-lam-diu-da-be-cetaphil-baby-soothing-moisturising-cream/01.png|storage/images/kem-duong-am-va-lam-diu-da-be-cetaphil-baby-soothing-moisturising-cream/02.jpg|storage/images/kem-duong-am-va-lam-diu-da-be-cetaphil-baby-soothing-moisturising-cream/03.jpg|storage/images/kem-duong-am-va-lam-diu-da-be-cetaphil-baby-soothing-moisturising-cream/04.jpg,2026-07-12T16:55:36+00:00
https://mtd-global.com/vi-kim-vt-reedle-shot-100,vi-kim-vt-reedle-shot-100,"VI KIM VT REEDLE SHOT 100","VT COSMETICS",8809695678363,"kem dưỡng",in_stock,450000,550000,VND,"🌟 Serum Vi Kim Tái Tạo & Căng Bóng — Reedle Shot 100 Mô tả sản phẩm Serum Reedle Shot 100 là bước “booster”/pre‑serum đột phá từ VT Cosmetics – ứng dụng công nghệ vi kim tan tự nhiên (spicule microneedles) để tăng tối đa hiệu quả hấp thụ các hoạt chất vào da mà không cần điều trị xâm lấn. Đây là bước đầu tiên trong qu",https://bizweb.dktcdn.net/100/660/831/products/157.png?v=1777125105360|https://bizweb.dktcdn.net/100/660/831/products/708ce43f-1b27-47c5-a487-dd69cafd5895.jpg?v=1777125105360|https://bizweb.dktcdn.net/100/660/831/products/ba2bd6e4-f022-4dd3-8da9-6a9bb1910d82.jpg?v=1777125105360|https://bizweb.dktcdn.net/100/660/831/products/0511ee62-07fd-4e4e-b995-c3401ebd6ec9.jpg?v=1777125105360,storage/images/vi-kim-vt-reedle-shot-100/01.png|storage/images/vi-kim-vt-reedle-shot-100/02.jpg|storage/images/vi-kim-vt-reedle-shot-100/03.jpg|storage/images/vi-kim-vt-reedle-shot-100/04.jpg,2026-07-12T16:55:42+00:00
https://mtd-global.com/kem-duong-da-giup-giam-mun-va-thong-thoang-lo-chan-long-svr-sebiaclear-mat-poes,kem-duong-da-giup-giam-mun-va-thong-thoang-lo-chan-long-svr-sebiaclear-mat-poes,"1004317 - 3662361002726-SVR Sebiaclear Mat+Pores 40ml-Kem dưỡng giúp giảm mụn và thông thoáng lỗ chân lông dành cho da dầu mụn",SVR,3662361002726,"kem dưỡng",out_of_stock,380000,,VND,"SVR Sebiaclear Mat+Pores – Kem Dưỡng Giảm Mụn & Thông Thoáng Lỗ Chân Lông Kem dưỡng SVR Sebiaclear Mat+Pores là giải pháp chuyên sâu dành cho da dầu, da hỗn hợp thiên dầu và da đang gặp vấn đề mụn – được phát triển bởi thương hiệu dược mỹ phẩm Pháp nổi tiếng SVR. Với công thức khoa học đặc trị, sản phẩm điều tiết bã nh",https://bizweb.dktcdn.net/100/660/831/products/118.png?v=1777125611680|https://bizweb.dktcdn.net/100/660/831/products/kem-duong-am-svr-danh-cho-da-dau-mun-40ml-2.jpg?v=1777125611680|https://bizweb.dktcdn.net/100/660/831/products/a6dcddcc-ecc9-4928-a711-5d2a0490f9f4.jpg?v=1777125611680,storage/images/kem-duong-da-giup-giam-mun-va-thong-thoang-lo-chan-long-svr-sebiaclear-mat-poes/01.png||storage/images/kem-duong-da-giup-giam-mun-va-thong-thoang-lo-chan-long-svr-sebiaclear-mat-poes/03.jpg,2026-07-12T16:55:47+00:00
https://mtd-global.com/tinh-chat-duong-da-ho-tro-lam-mo-tham-mun-va-cai-thien-nep-nhan-svr-sebiaclear,tinh-chat-duong-da-ho-tro-lam-mo-tham-mun-va-cai-thien-nep-nhan-svr-sebiaclear,"TINH CHẤT DƯỠNG DA HỖ TRỢ LÀM MỜ THÂM MỤN VÀ CẢI THIỆN NẾP NHĂN SVR SEBIACLEAR",SVR,3662361000364,"tinh chất",out_of_stock,550000,660000,VND,"Tinh Chất SVR Sebiaclear Serum – Tinh chất dưỡng da hỗ trợ làm mờ thâm mụn & cải thiện nếp nhăn Mô tả sản phẩm: Tinh chất dưỡng da SVR Sebiaclear Serum là serum dược mỹ phẩm đến từ SVR , được thiết kế chuyên biệt cho da dầu – da mụn – da dễ kích ứng giúp hỗ trợ giảm mụn, làm mờ thâm sau mụn, làm mịn da và cải thiện dấu",https://bizweb.dktcdn.net/100/660/831/products/199.png?v=1777454867590|https://bizweb.dktcdn.net/100/660/831/products/d1caae64-92d3-438b-985a-c7197e48a8ef.jpg?v=1777454880967|https://bizweb.dktcdn.net/100/660/831/products/sebiaclear-serum-30ml-2.jpg?v=1777454927247|https://bizweb.dktcdn.net/100/660/831/products/download-8-072495e491d6492c9bca645f972cdf7b-jpeg.jpg?v=1777454927247,storage/images/tinh-chat-duong-da-ho-tro-lam-mo-tham-mun-va-cai-thien-nep-nhan-svr-sebiaclear/01.png|storage/images/tinh-chat-duong-da-ho-tro-lam-mo-tham-mun-va-cai-thien-nep-nhan-svr-sebiaclear/02.jpg|storage/images/tinh-chat-duong-da-ho-tro-lam-mo-tham-mun-va-cai-thien-nep-nhan-svr-sebiaclear/03.jpg|storage/images/tinh-chat-duong-da-ho-tro-lam-mo-tham-mun-va-cai-thien-nep-nhan-svr-sebiaclear/04.jpg,2026-07-12T16:55:50+00:00
https://mtd-global.com/nuoc-tay-trang-giup-lam-sach-bui-ban-dau-nhon-khong-gay-kho-da-svr,nuoc-tay-trang-giup-lam-sach-bui-ban-dau-nhon-khong-gay-kho-da-svr,"SVR eau micellaire 400ml- Tẩy trang SVR da dầu 400ml",SVR,3401381332495,"Tẩy trang",in_stock,400000,500000,VND,"Nước Tẩy Trang SVR Sebiaclear Eau Micellaire (Pháp) Giới thiệu sản phẩm SVR Sebiaclear Eau Micellaire là nước tẩy trang ứng dụng công nghệ micellar giúp làm sạch sâu bụi bẩn, dầu thừa và lớp trang điểm chỉ trong một bước. Sản phẩm được thiết kế dành riêng cho làn da dầu, da mụn và da nhạy cảm, đảm bảo làm sạch hiệu quả",https://bizweb.dktcdn.net/100/660/831/products/91.png?v=1777126319827|https://bizweb.dktcdn.net/100/660/831/products/86763975-9513-4379-b70d-5a31e898bea4.jpg?v=1777126319827|https://bizweb.dktcdn.net/100/660/831/products/e4d91b0c-1e58-4eb9-be95-33cf4407ca7a.jpg?v=1777126319827,storage/images/nuoc-tay-trang-giup-lam-sach-bui-ban-dau-nhon-khong-gay-kho-da-svr/01.png|storage/images/nuoc-tay-trang-giup-lam-sach-bui-ban-dau-nhon-khong-gay-kho-da-svr/02.jpg|storage/images/nuoc-tay-trang-giup-lam-sach-bui-ban-dau-nhon-khong-gay-kho-da-svr/03.jpg,2026-07-12T16:55:54+00:00
https://mtd-global.com/duong-the-vaseline-gluta-hya-serum-burst-lotion-overnight-radiance-repair-xanh-duong,duong-the-vaseline-gluta-hya-serum-burst-lotion-overnight-radiance-repair-xanh-duong,"DƯỠNG THỂ VASELINE GLUTA-HYA SERUM BURST LOTION OVERNIGHT RADIANCE REPAIR ( XANH DƯƠNG )",VASELINE,8851932439756,Body,out_of_stock,180000,250000,VND,"Sữa Dưỡng Thể Vaseline Gluta-Hya Serum Burst Lotion Overnight Radiance Repair – Xanh Dương Mô tả sản phẩm: Sữa dưỡng thể Vaseline Gluta-Hya Serum Burst Lotion Overnight Radiance Repair (Xanh Dương) giúp nuôi dưỡng làn da tối ưu trong suốt giấc ngủ, phục hồi da khô, xỉn màu và thiếu sức sống. Công thức kết hợp công nghệ",https://bizweb.dktcdn.net/100/660/831/products/72.png?v=1777128015670|https://bizweb.dktcdn.net/100/660/831/products/10fbef02-60c1-4bdb-a7bd-acfd2e2c3a34.jpg?v=1777128015670,storage/images/duong-the-vaseline-gluta-hya-serum-burst-lotion-overnight-radiance-repair-xanh-duong/01.png|storage/images/duong-the-vaseline-gluta-hya-serum-burst-lotion-overnight-radiance-repair-xanh-duong/02.jpg,2026-07-12T16:55:58+00:00
https://mtd-global.com/duong-the-vaseline-gluta-hya-serum-burst-lotion-flawless-bright-vang-dong,duong-the-vaseline-gluta-hya-serum-burst-lotion-flawless-bright-vang-dong,"DƯỠNG THỂ VASELINE GLUTA-HYA SERUM BURST LOTION FLAWLESS BRIGHT ( VÀNG ĐỒNG )",VASELINE,9556126670654,Body,in_stock,180000,280000,VND,"Sữa Dưỡng Thể Vaseline Gluta-Hya Serum Burst Lotion Flawless Bright – Vàng Đồng Mô tả sản phẩm: Sữa dưỡng thể Vaseline Gluta-Hya Serum Burst Lotion Flawless Bright (Vàng Đồng) là giải pháp hoàn hảo để dưỡng sáng da, phục hồi và nuôi dưỡng làn da đều màu, mịn màng ngay cả khi bận rộn. Công thức Serum Burst độc quyền kết",https://bizweb.dktcdn.net/100/660/831/products/14.png?v=1777128817467|https://bizweb.dktcdn.net/100/660/831/products/3681a708-935d-4415-8474-3ede376bd5e1.jpg?v=1777128817467,storage/images/duong-the-vaseline-gluta-hya-serum-burst-lotion-flawless-bright-vang-dong/01.png|storage/images/duong-the-vaseline-gluta-hya-serum-burst-lotion-flawless-bright-vang-dong/02.jpg,2026-07-12T16:56:01+00:00
https://mtd-global.com/duong-the-vaseline-gluta-hya-serum-burst-lotion-dewy-radiance-hong,duong-the-vaseline-gluta-hya-serum-burst-lotion-dewy-radiance-hong,"DƯỠNG THỂ VASELINE GLUTA-HYA SERUM BURST LOTION DEWY RADIANCE ( HỒNG )",VASELINE,8851932427722,Body,out_of_stock,180000,280000,VND,"Sữa Dưỡng Thể Vaseline Gluta-Hya Serum Burst Lotion Dewy Radiance – Hồng Mô tả sản phẩm: Sữa dưỡng thể Vaseline Gluta-Hya Serum Burst Lotion Dewy Radiance (Hồng) mang đến làn da căng mịn, ẩm mượt và rạng rỡ tự nhiên như hiệu ứng “dewy glow”. Ứng dụng công nghệ Serum Burst giúp dưỡng chất thẩm thấu nhanh, nuôi dưỡng sâu",https://bizweb.dktcdn.net/100/660/831/products/af702e72-49a9-4e46-81fc-c15643bef56f.jpg?v=1775462220160|https://bizweb.dktcdn.net/100/660/831/products/47fd4c2e-3671-4da5-bce2-c98f2e9a8d3f.jpg?v=1775462220160|https://bizweb.dktcdn.net/100/660/831/products/03eac8ab-ec03-458b-acfb-d35724b32f7e.jpg?v=1775462220160,storage/images/duong-the-vaseline-gluta-hya-serum-burst-lotion-dewy-radiance-hong/01.jpg|storage/images/duong-the-vaseline-gluta-hya-serum-burst-lotion-dewy-radiance-hong/02.jpg|storage/images/duong-the-vaseline-gluta-hya-serum-burst-lotion-dewy-radiance-hong/03.jpg,2026-07-12T16:56:04+00:00
https://mtd-global.com/sua-rua-mat-cok-lear-kombucha,sua-rua-mat-cok-lear-kombucha,"SỮA RỬA MẶT COK’LEAR KOMBUCHA",CO'KLEAR,8800287490219,"sữa rửa mặt",out_of_stock,220000,350000,VND,"Sữa rửa mặt COKLEAR B5HA Kombucha Cleansing Gel 150ml CoK’lear — một thương hiệu mỹ phẩm chăm sóc da phát triển bởi BNB Korea, tập trung vào các sản phẩm chứa Kombucha và các hoạt chất khoa học để làm sạch, cân bằng và phục hồi da hiệu quả . CoK’lear xây dựng công thức tối giản nhưng hiệu quả, phù hợp với da nhạy cảm v",https://bizweb.dktcdn.net/100/660/831/products/50.png?v=1777129052700|https://bizweb.dktcdn.net/100/660/831/products/9e1edc80-c9e6-4e4b-a873-2dc25db88857.jpg?v=1777129052700|https://bizweb.dktcdn.net/100/660/831/products/9b44da31-b836-47ab-b0dd-61f6be66e3a0.jpg?v=1777129052700|https://bizweb.dktcdn.net/100/660/831/products/21f08535-73f1-4c69-bac6-91bd69e2d5c6.jpg?v=1777129052700|https://bizweb.dktcdn.net/100/660/831/products/7bf452d8-5441-4b3e-bbb4-1a72133d851a.jpg?v=1777129052700,storage/images/sua-rua-mat-cok-lear-kombucha/01.png|storage/images/sua-rua-mat-cok-lear-kombucha/02.jpg|storage/images/sua-rua-mat-cok-lear-kombucha/03.jpg|storage/images/sua-rua-mat-cok-lear-kombucha/04.jpg|storage/images/sua-rua-mat-cok-lear-kombucha/05.jpg,2026-07-12T16:56:08+00:00
https://mtd-global.com/kem-ne-urea-cream-ne-chan-tay,kem-ne-urea-cream-ne-chan-tay,"KEM NẺ UREA CREAM ( NẺ CHÂN TAY )",UREA,4550516493668,Body,in_stock,220000,350000,VND,"Kem Nẻ Urea Cream – Phục Hồi Da Khô Nứt NẺ Mô tả sản phẩm: Urea Cream là sản phẩm dưỡng da chuyên sâu dành cho tình trạng da khô, nứt nẻ, bong tróc, đặc biệt ở các vùng như gót chân, khuỷu tay, đầu gối và bàn tay. Với thành phần chính là Urea , sản phẩm giúp làm mềm lớp sừng, cấp ẩm và phục hồi làn da nhanh chóng. Thàn",https://bizweb.dktcdn.net/100/660/831/products/ban-sao-cua-frame-sp-200.png?v=1778157718217|https://bizweb.dktcdn.net/100/660/831/products/56eb4e56-748a-4816-8c41-437a3080273d.jpg?v=1778157718217|https://bizweb.dktcdn.net/100/660/831/products/z6541694550208-02ed46b458ff2651818776bfa88a60a8-jpg-v-1745585949810.jpg?v=1778157718217|https://bizweb.dktcdn.net/100/660/831/products/b041a82c-2673-4730-b2ec-8a7fdead76a0.jpg?v=1778157718217|https://bizweb.dktcdn.net/100/660/831/products/c4865c5d-e5ea-499c-a7d3-2f8e4d9a8352.jpg?v=1778157718217|https://bizweb.dktcdn.net/100/660/831/products/7ffc7eb5-5717-4e11-9e6a-ac87d7763150.jpg?v=1778157718217|https://bizweb.dktcdn.net/100/660/831/products/7b662964-98a1-414b-9bfb-dfd9c98dff7a.jpg?v=1778157718217,storage/images/kem-ne-urea-cream-ne-chan-tay/01.png|storage/images/kem-ne-urea-cream-ne-chan-tay/02.jpg|storage/images/kem-ne-urea-cream-ne-chan-tay/03.jpg|storage/images/kem-ne-urea-cream-ne-chan-tay/04.jpg|storage/images/kem-ne-urea-cream-ne-chan-tay/05.jpg|storage/images/kem-ne-urea-cream-ne-chan-tay/06.jpg|storage/images/kem-ne-urea-cream-ne-chan-tay/07.jpg,2026-07-12T16:56:13+00:00
https://mtd-global.com/sua-duong-the-huong-nuoc-hoa-ngay-va-dem-jmella,sua-duong-the-huong-nuoc-hoa-ngay-va-dem-jmella,"SỮA DƯỠNG THỂ HƯƠNG NƯỚC HOA NGÀY VÀ ĐÊM JMELLA",JMELLA,8809711716796,Body,in_stock,149000,300000,VND,"Sữa Dưỡng Thể JMELLA No.4 – Dưỡng Ẩm Mềm Mịn, Hương Thơm Quyến Rũ Mô tả sản phẩm: Sữa dưỡng thể JMELLA No.4 mang đến trải nghiệm chăm sóc da cao cấp với khả năng dưỡng ẩm sâu và hương thơm tinh tế, quyến rũ. Kết cấu lotion mỏng nhẹ, thẩm thấu nhanh giúp nuôi dưỡng làn da mềm mại, mịn màng mà không gây bết dính. Thành p",https://bizweb.dktcdn.net/100/660/831/products/ban-sao-cua-frame-sp-199.png?v=1778055037470|https://bizweb.dktcdn.net/100/660/831/products/1974855a-2737-4463-ad90-8f83354d2917.jpg?v=1778055037470,storage/images/sua-duong-the-huong-nuoc-hoa-ngay-va-dem-jmella/01.png|storage/images/sua-duong-the-huong-nuoc-hoa-ngay-va-dem-jmella/02.jpg,2026-07-12T16:56:18+00:00
https://mtd-global.com/vaseline-sap-duong-moi-lo-hoi-4-8g,vaseline-sap-duong-moi-lo-hoi-4-8g,"VASELINE SÁP DƯỠNG MÔI LÔ HỘI 4,8G",VASELINE,8801619047576,son,in_stock,120000,200000,VND,"Vaseline là thương hiệu chăm sóc da toàn cầu thuộc tập đoàn Unilever , nổi tiếng với các sản phẩm dưỡng ẩm dựa trên petroleum jelly tinh khiết . Thương hiệu được tin dùng hơn 150 năm nhờ khả năng khóa ẩm, phục hồi và bảo vệ làn da khô, nhạy cảm. Thương hiệu: Vaseline Xuất xứ thương hiệu: Mỹ Sản xuất: Hàn Quốc THÔNG TIN",https://bizweb.dktcdn.net/100/660/831/products/246.png?v=1778055206830|https://bizweb.dktcdn.net/100/660/831/products/4bf3013b-eabe-4abd-a754-ec3e16b531ce.jpg?v=1778055206830,storage/images/vaseline-sap-duong-moi-lo-hoi-4-8g/01.png|storage/images/vaseline-sap-duong-moi-lo-hoi-4-8g/02.jpg,2026-07-12T16:56:22+00:00
https://mtd-global.com/vaseline-sap-duong-moi-bo-cacao-4-8g,vaseline-sap-duong-moi-bo-cacao-4-8g,"VASELINE SÁP DƯỠNG MÔI BƠ CACAO 4,8G",VASELINE,8801619047569,son,in_stock,120000,190000,VND,"Vaseline là thương hiệu chăm sóc da thuộc tập đoàn Unilever (Anh – Hà Lan) , có lịch sử phát triển lâu đời và nổi tiếng toàn cầu với các sản phẩm dưỡng ẩm từ petroleum jelly tinh khiết . Thương hiệu được tin dùng nhờ khả năng khóa ẩm, phục hồi và bảo vệ da khô, môi nứt nẻ hiệu quả. XUẤT XỨ Thương hiệu: Vaseline Xuất xứ",https://bizweb.dktcdn.net/100/660/831/products/211.png?v=1778055361123|https://bizweb.dktcdn.net/100/660/831/products/6899dd13-ea6c-4338-9441-196bcc37e68c.jpg?v=1778055361123,storage/images/vaseline-sap-duong-moi-bo-cacao-4-8g/01.png|storage/images/vaseline-sap-duong-moi-bo-cacao-4-8g/02.jpg,2026-07-12T16:56:26+00:00
https://mtd-global.com/son-duong-am-nivea-4-8g-khong-mau,son-duong-am-nivea-4-8g-khong-mau,"SON DƯỠNG ẨM NIVEA 4.8G KHÔNG MÀU",NIVEA,8850029850009,son,in_stock,120000,190000,VND,"Thương hiệu NIVEA là thương hiệu chăm sóc da nổi tiếng toàn cầu đến từ Đức, thuộc tập đoàn Beiersdorf. Thương hiệu có hơn 100 năm kinh nghiệm trong lĩnh vực dưỡng ẩm và chăm sóc da, đặc biệt nổi bật với các sản phẩm dưỡng môi, dưỡng thể và chăm sóc da cơ bản. Xuất xứ Thương hiệu Đức Sản phẩm thường được sản xuất tại nh",https://bizweb.dktcdn.net/100/660/831/products/212.png?v=1778055663447|https://bizweb.dktcdn.net/100/660/831/products/245c7c16-1c5f-4b62-b2b0-1c2b96100c6d.jpg?v=1778055663447,storage/images/son-duong-am-nivea-4-8g-khong-mau/01.png|storage/images/son-duong-am-nivea-4-8g-khong-mau/02.jpg,2026-07-12T16:56:31+00:00
https://mtd-global.com/son-duong-am-nivea-peach-shine-4-8g-vi-dao,son-duong-am-nivea-peach-shine-4-8g-vi-dao,"SON DƯỠNG ẨM NIVEA PEACH SHINE 4.8G ( VỊ ĐÀO )",NIVEA,4005808519699,son,in_stock,120000,200000,VND,"Thương hiệu NIVEA là thương hiệu chăm sóc da nổi tiếng toàn cầu đến từ Đức, thuộc tập đoàn Beiersdorf, với hơn 100 năm kinh nghiệm trong lĩnh vực dưỡng ẩm và chăm sóc môi. Xuất xứ Thương hiệu Đức Sản phẩm thường được sản xuất tại Thái Lan theo tiêu chuẩn quốc tế Tên sản phẩm NIVEA Peach Shine Lip Balm Dạng sản phẩm Son",https://bizweb.dktcdn.net/100/660/831/products/6ec2b19b-322f-41d3-8386-37a0b196b88f.jpg?v=1775813161497,storage/images/son-duong-am-nivea-peach-shine-4-8g-vi-dao/01.jpg,2026-07-12T16:56:35+00:00
https://mtd-global.com/son-duong-am-nivea-strawberry-4-8g-vi-dau,son-duong-am-nivea-strawberry-4-8g-vi-dau,"SON DƯỠNG ẨM NIVEA STRAWBERRY 4.8G ( VỊ DÂU )",NIVEA,8850029850726,son,out_of_stock,120000,190000,VND,"Thương hiệu NIVEA là thương hiệu chăm sóc da nổi tiếng toàn cầu đến từ Đức, thuộc tập đoàn Beiersdorf, với hơn 100 năm kinh nghiệm trong lĩnh vực dưỡng ẩm và chăm sóc môi. Xuất xứ Thương hiệu Đức Tên sản phẩm NIVEA Strawberry Shine Lip Balm Dạng sản phẩm Son dưỡng môi có màu (tinted lip balm), dạng thỏi, kết hợp dưỡng",https://bizweb.dktcdn.net/100/660/831/products/f5115df0-05cb-4782-bb95-9c03dd82d0fe.jpg?v=1775879844370,storage/images/son-duong-am-nivea-strawberry-4-8g-vi-dau/01.jpg,2026-07-12T16:56:38+00:00
https://mtd-global.com/vaseline-sap-duong-moi-mem-min-khong-mau-thoi-4-8g,vaseline-sap-duong-moi-mem-min-khong-mau-thoi-4-8g,"VASELINE SÁP DƯỠNG MÔI MỀM MỊN KHÔNG MÀU THỎI 4,8G",VASELINE,8801619047552,son,in_stock,120000,190000,VND,"Thương hiệu Vaseline là thương hiệu chăm sóc da nổi tiếng toàn cầu thuộc tập đoàn Unilever, chuyên về các sản phẩm dưỡng ẩm và phục hồi da với thành phần đặc trưng Petroleum Jelly. Xuất xứ Thương hiệu Mỹ (USA) Tên sản phẩm Vaseline Lip Therapy Original Stick Dạng sản phẩm Son dưỡng môi dạng thỏi (lip balm stick), không",https://bizweb.dktcdn.net/100/660/831/products/209.png?v=1778056007883|https://bizweb.dktcdn.net/100/660/831/products/3319d3e9-298d-4786-b16f-293476d756a9.jpg?v=1778056007883,storage/images/vaseline-sap-duong-moi-mem-min-khong-mau-thoi-4-8g/01.png|storage/images/vaseline-sap-duong-moi-mem-min-khong-mau-thoi-4-8g/02.jpg,2026-07-12T16:56:42+00:00
https://mtd-global.com/vaseline-sap-duong-moi-hong-xinh-thoi-4-8g,vaseline-sap-duong-moi-hong-xinh-thoi-4-8g,"VASELINE SÁP DƯỠNG MÔI HỒNG XINH THỎI 4,8G",VASELINE,8801619047545,son,in_stock,120000,200000,VND,"SON DƯỠNG ẨM VASELINE LIP THERAPY ROSY LIPS STICK 4.8G (HỒNG XINH) Thương hiệu Vaseline là thương hiệu chăm sóc da nổi tiếng toàn cầu thuộc tập đoàn Unilever, chuyên về các sản phẩm dưỡng ẩm và phục hồi da với thành phần đặc trưng Petroleum Jelly. Xuất xứ Thương hiệu Mỹ (USA) Tên sản phẩm Vaseline Lip Therapy Rosy Lips",https://bizweb.dktcdn.net/100/660/831/products/210.png?v=1778056349540|https://bizweb.dktcdn.net/100/660/831/products/251a679b-13fd-40bd-937f-44eef1829b15.jpg?v=1778056349540,storage/images/vaseline-sap-duong-moi-hong-xinh-thoi-4-8g/01.png|storage/images/vaseline-sap-duong-moi-hong-xinh-thoi-4-8g/02.jpg,2026-07-12T16:56:49+00:00
https://mtd-global.com/sap-duong-am-vaseline-50ml-lon,sap-duong-am-vaseline-50ml-lon,"SÁP DƯỠNG ẨM VASELINE 50ML LỚN",VASELINE,42182627,son,out_of_stock,80000,150000,VND,"Vaseline là thương hiệu chăm sóc da thuộc tập đoàn Unilever , nổi tiếng toàn cầu với các sản phẩm dưỡng ẩm từ petroleum jelly tinh khiết . Với hơn 150 năm phát triển, Vaseline được tin dùng nhờ khả năng dưỡng ẩm mạnh mẽ, lành tính và đa công dụng cho mọi loại da. THÔNG TIN SẢN PHẨM Tên sản phẩm: Sáp dưỡng ẩm Vaseline D",https://bizweb.dktcdn.net/100/660/831/products/02d65211-2f26-4f32-8c63-4c68774bd56c.jpg?v=1775812919313|https://bizweb.dktcdn.net/100/660/831/products/e6edc559-3094-4b0f-8d69-4c6e4963eaf2.jpg?v=1775812919313,storage/images/sap-duong-am-vaseline-50ml-lon/01.jpg|storage/images/sap-duong-am-vaseline-50ml-lon/02.jpg,2026-07-12T16:56:54+00:00
https://mtd-global.com/mat-na-duong-trang-phuc-hoi-da-lomere-chiet-xuat-tu-nam-cuc,mat-na-duong-trang-phuc-hoi-da-lomere-chiet-xuat-tu-nam-cuc,"MẶT NẠ DƯỠNG TRẮNG - PHỤC HỒI DA LOMERE CHIẾT XUẤT TỪ NẤM CỤC",LOMERE,8809579275473,"Mặt nạ",in_stock,42000,53000,VND,"Mặt Nạ Lomere Chiết Xuất Nấm Cục – Dưỡng Trắng & Phục Hồi Da Giới thiệu sản phẩm Mặt nạ Lomere chiết xuất nấm cục (Truffle) là dòng mặt nạ dưỡng da cao cấp giúp dưỡng trắng, phục hồi và nuôi dưỡng làn da từ sâu bên trong . Với thành phần giàu dưỡng chất từ nấm cục quý, sản phẩm hỗ trợ cải thiện làn da xỉn màu, thiếu sứ",https://bizweb.dktcdn.net/100/660/831/products/271.png?v=1777372717803|https://bizweb.dktcdn.net/100/660/831/products/weadsfsfsr5gzqt44fjf0kup2pi9db0qz-uglfjasagqsrmiv9xytpchjyipvxje3ava4dzltbh4skru3gaibhx6xnk-bw1dqg.jpg?v=1777372766160|https://bizweb.dktcdn.net/100/660/831/products/0zlptqo3q5t2no6iwxj2czadpsrsprnbacp8-1ketmmi0wn0njaudea6xbokwkquevvvev-dqyfevgbtmzqppllszz7ljhsesl2oxnnsecrd6ev85mq7dh9q6a.jpg?v=1777372871733,storage/images/mat-na-duong-trang-phuc-hoi-da-lomere-chiet-xuat-tu-nam-cuc/01.png|storage/images/mat-na-duong-trang-phuc-hoi-da-lomere-chiet-xuat-tu-nam-cuc/02.jpg|storage/images/mat-na-duong-trang-phuc-hoi-da-lomere-chiet-xuat-tu-nam-cuc/03.jpg,2026-07-12T16:56:59+00:00
https://mtd-global.com/kem-chong-nang-vat-ly-nang-tone-trang-hong-nghe-diu-make-p-rem-hong,kem-chong-nang-vat-ly-nang-tone-trang-hong-nghe-diu-make-p-rem-hong,"KEM CHỐNG NẮNG VẬT LÝ NÂNG TONE TRẮNG HỒNG NGHẸ DỊU MAKE P:REM ( HỒNG )","MAKE P:REM",8809495684045,"chống nắng",in_stock,380000,480000,VND,"✨ KEM CHỐNG NẮNG VẬT LÝ NÂNG TONE TRẮNG HỒNG NGHẸ DỊU MAKE P:REM ( HỒNG ) Kem chống nắng nâng tông màu hồng signature từ Make P:rem – thương hiệu skincare Hàn Quốc theo triết lý “Just the right amount” . Sản phẩm kết hợp hoàn hảo giữa chống nắng vật lý an toàn và hiệu ứng tone-up tinh tế , mang lại làn da rạng rỡ, tươi",https://bizweb.dktcdn.net/100/660/831/products/kcn-prem-h.png?v=1777112348517|https://bizweb.dktcdn.net/100/660/831/products/aa187de8-07ef-4f48-bb5a-2265e5e32f1a.jpg?v=1777112352900|https://bizweb.dktcdn.net/100/660/831/products/a754fc5e-2b7e-4941-807c-2728247bdebb.jpg?v=1777112352900,storage/images/kem-chong-nang-vat-ly-nang-tone-trang-hong-nghe-diu-make-p-rem-hong/01.png|storage/images/kem-chong-nang-vat-ly-nang-tone-trang-hong-nghe-diu-make-p-rem-hong/02.jpg|storage/images/kem-chong-nang-vat-ly-nang-tone-trang-hong-nghe-diu-make-p-rem-hong/03.jpg,2026-07-12T16:57:03+00:00
https://mtd-global.com/kem-nen-tiep-da-khong-bon-nhon-maybelline-118-nap-den,kem-nen-tiep-da-khong-bon-nhon-maybelline-118-nap-den,"KEM NỀN TIỆP DA KHÔNG BÒN NHỜN MAYBELLINE 118 ( NẮP ĐEN )",MAYBELLINE,6902395774242,Makeup,in_stock,220000,333000,VND,"KEM NỀN MAYBELLINE FIT ME MATTE + PORELESS FOUNDATION #118 (NẮP ĐEN) Thương hiệu Maybelline New York là thương hiệu mỹ phẩm nổi tiếng đến từ Mỹ, trực thuộc tập đoàn L’Oréal, được yêu thích với các sản phẩm trang điểm chất lượng, dễ sử dụng và phù hợp nhiều loại da. Xuất xứ Mỹ (USA) Sản phẩm được sản xuất tại các nhà má",https://bizweb.dktcdn.net/100/660/831/products/235.png?v=1778056172213|https://bizweb.dktcdn.net/100/660/831/products/8ca5f9c6-15d2-4841-85e3-ce53884dd0eb.jpg?v=1778056172213,storage/images/kem-nen-tiep-da-khong-bon-nhon-maybelline-118-nap-den/01.png|storage/images/kem-nen-tiep-da-khong-bon-nhon-maybelline-118-nap-den/02.jpg,2026-07-12T16:57:08+00:00
https://mtd-global.com/kem-nen-lau-troi-den-30h-maybelline-120-nap-tim,kem-nen-lau-troi-den-30h-maybelline-120-nap-tim,"KEM NỀN LÂU TRÔI 30H SUPER STAY UP FOUNDATION (NẮP TÍM)",MAYBELLINE,6902395970071,makeup,in_stock,280000,380000,VND,"Maybelline Super Stay Lumi-Matte Foundation là dòng kem nền thế hệ mới của Maybelline, nổi bật với công nghệ Light-As-Air cho lớp nền mỏng nhẹ nhưng vẫn che phủ tốt, bền màu và lâu trôi. Công thức chứa hạt Lumi-Pearl giúp tạo hiệu ứng da sáng khỏe, căng bóng vừa phải nhưng vẫn ráo mịn, không bóng dầu. Sản phẩm có độ ch",https://bizweb.dktcdn.net/100/660/831/products/248.png?v=1778067281837|https://bizweb.dktcdn.net/100/660/831/products/vn-11134201-7r98o-lwizzjjcve648f-06efde6de70840489b9e140467432288-1024x1024-1769947852933.jpg?v=1778067281837|https://bizweb.dktcdn.net/100/660/831/products/vn-11134201-7r98o-lw61c30jxj8gee-09e7884e6ed44f6a872f6d23d9121ac3-1024x1024.jpg?v=1780129528617|https://bizweb.dktcdn.net/100/660/831/products/img-9109-jpeg.jpg?v=1780130491967,storage/images/kem-nen-lau-troi-den-30h-maybelline-120-nap-tim/01.png|storage/images/kem-nen-lau-troi-den-30h-maybelline-120-nap-tim/02.jpg|storage/images/kem-nen-lau-troi-den-30h-maybelline-120-nap-tim/03.jpg|storage/images/kem-nen-lau-troi-den-30h-maybelline-120-nap-tim/04.jpg,2026-07-12T16:57:12+00:00
https://mtd-global.com/mascara-sieu-mong-khong-lem-troi-3ce-super-slim-waterproof-mascara-black,mascara-sieu-mong-khong-lem-troi-3ce-super-slim-waterproof-mascara-black,"MASCARA SIÊU MỎNG KHÔNG LEM TRÔI 3CE SUPER SLIM WATERPROOF MASCARA_#BLACK",3CE,8809664983955,Makeup,out_of_stock,300000,400000,VND,"Mô tả sản phẩm chuẩn brand mỹ phẩm Tên sản phẩm: Mascara siêu mỏng không lem trôi 3CE Super Slim Waterproof Mascara #Black Thương hiệu: 3CE (3 Concept Eyes) Xuất xứ: Hàn Quốc Mô tả sản phẩm Mascara 3CE Super Slim Waterproof Mascara #Black là dòng mascara chống nước với thiết kế đầu cọ siêu mảnh giúp dễ dàng chuốt từng",https://bizweb.dktcdn.net/100/660/831/products/ban-sao-cua-frame-sp-215.png?v=1778067652400|https://bizweb.dktcdn.net/100/660/831/products/f54e3370-4665-40fc-8977-36d7ec4053b0.jpg?v=1778067652400|https://bizweb.dktcdn.net/100/660/831/products/170b81e3-f02f-4234-afa2-1545c32267d1.jpg?v=1778067650440,storage/images/mascara-sieu-mong-khong-lem-troi-3ce-super-slim-waterproof-mascara-black/01.png|storage/images/mascara-sieu-mong-khong-lem-troi-3ce-super-slim-waterproof-mascara-black/02.jpg|storage/images/mascara-sieu-mong-khong-lem-troi-3ce-super-slim-waterproof-mascara-black/03.jpg,2026-07-12T16:57:16+00:00
https://mtd-global.com/kem-duong-giup-lam-giam-mun-va-can-bang-luong-dau-tren-da-laboratorios-babe-stop-akn-mattifying-fluid-moi,kem-duong-giup-lam-giam-mun-va-can-bang-luong-dau-tren-da-laboratorios-babe-stop-akn-mattifying-fluid-moi,"Kem Dưỡng Da ( Laboratorios Babé - Stop Akn Mattifying Fluid )","BABE LABORATORIOS",8436571632289,"kem dưỡng",in_stock,390000,490000,VND,"Kem Dưỡng Da BABE Mô tả sản phẩm Kem dưỡng ẩm trị mụn Babe Stop AKN Mattifying Moisturiser là sản phẩm kem dưỡng da từ Laboratorios BABÉ – thương hiệu dược mỹ phẩm danh tiếng đến từ Tây Ban Nha, được phát triển với định hướng chăm sóc da an toàn, hiệu quả và phù hợp với da nhạy cảm . Sản phẩm không chỉ cung cấp độ ẩm c",https://bizweb.dktcdn.net/100/660/831/products/123.png?v=1777455120130|https://bizweb.dktcdn.net/100/660/831/products/b6162fb9-ddeb-4a78-bb6f-e30dc52ad257.jpg?v=1777455120130|https://bizweb.dktcdn.net/100/660/831/products/c6561af8-0f4e-47b1-ade2-bb5484f1d77d.jpg?v=1777455120130|https://bizweb.dktcdn.net/100/660/831/products/22cc6b9a-1a4e-46d1-a005-2dbba10f8e13.jpg?v=1777455120130,|storage/images/kem-duong-giup-lam-giam-mun-va-can-bang-luong-dau-tren-da-laboratorios-babe-stop-akn-mattifying-fluid-moi/02.jpg|storage/images/kem-duong-giup-lam-giam-mun-va-can-bang-luong-dau-tren-da-laboratorios-babe-stop-akn-mattifying-fluid-moi/03.jpg|storage/images/kem-duong-giup-lam-giam-mun-va-can-bang-luong-dau-tren-da-laboratorios-babe-stop-akn-mattifying-fluid-moi/04.jpg,2026-07-12T16:57:20+00:00
https://mtd-global.com/kem-lot-colorkey-light-weight-polish-primer-02-xanh,kem-lot-colorkey-light-weight-polish-primer-02-xanh,"KEM LÓT COLORKEY LIGHT WEIGHT POLISH PRIMER 02 ( XANH )",COLORKEY,6975326789943,Makeup,in_stock,169000,250000,VND,"Thương hiệu: Colorkey Xuất xứ thương hiệu: Trung Quốc Nơi sản xuất: Trung Quốc Colorkey là thương hiệu mỹ phẩm nội địa Trung nổi bật với các sản phẩm makeup giá tốt, dễ dùng, phù hợp phong cách trẻ trung. THÔNG TIN SẢN PHẨM Tên đầy đủ: Colorkey Light Weight Polish Primer Dòng sản phẩm: Kem lót trang điểm (makeup primer",https://bizweb.dktcdn.net/100/660/831/products/241.png?v=1777373334000|https://bizweb.dktcdn.net/100/660/831/products/d031cf53-8038-4f33-b2ae-5e6a7a1ed3f2.jpg?v=1777373334000|https://bizweb.dktcdn.net/100/660/831/products/7c5fc8ee-17e9-4ce1-bbc3-4733eb10a1f1.jpg?v=1777373334000,storage/images/kem-lot-colorkey-light-weight-polish-primer-02-xanh/01.png|storage/images/kem-lot-colorkey-light-weight-polish-primer-02-xanh/02.jpg|storage/images/kem-lot-colorkey-light-weight-polish-primer-02-xanh/03.jpg,2026-07-12T16:57:24+00:00
https://mtd-global.com/phan-phu-dang-bot-colorkey-lasting-naturally-occurring-loose-powder-c01,phan-phu-dang-bot-colorkey-lasting-naturally-occurring-loose-powder-c01,"PHẤN PHỦ DẠNG BỘT COLORKEY LASTING NATURALLY - OCCURRING",COLORKEY,6975326789912,makeup,in_stock,250000,350000,VND,"Phấn Phủ Colorkey Lasting Naturally Occurring Loose Powder C01 Thương hiệu: Colorkey Xuất xứ thương hiệu: Nội địa Trung Colorkey là thương hiệu mỹ phẩm nội địa Trung nổi bật với các sản phẩm trang điểm dễ dùng, giá hợp lý, phù hợp phong cách trang điểm tự nhiên hàng ngày. THÔNG TIN SẢN PHẨM Tên đầy đủ: Colorkey Lasting",https://bizweb.dktcdn.net/100/660/831/products/231.png?v=1777373410677|https://bizweb.dktcdn.net/100/660/831/products/180ed173-6d54-43ed-9e7c-36fa608050b6.jpg?v=1777373410677|https://bizweb.dktcdn.net/100/660/831/products/d2627c29-4fbc-4e3d-9fd5-7d0956d54828.jpg?v=1777373410677,storage/images/phan-phu-dang-bot-colorkey-lasting-naturally-occurring-loose-powder-c01/01.png|storage/images/phan-phu-dang-bot-colorkey-lasting-naturally-occurring-loose-powder-c01/02.jpg|storage/images/phan-phu-dang-bot-colorkey-lasting-naturally-occurring-loose-powder-c01/03.jpg,2026-07-12T16:57:28+00:00
https://mtd-global.com/phan-phu-dang-bot-colorkey-lasting-naturally-occurring-loose-powder-c02,phan-phu-dang-bot-colorkey-lasting-naturally-occurring-loose-powder-c02,"PHẤN PHỦ DẠNG BỘT COLORKEY Lasting Naturally C02",COLORKEY,69753267899299,makeup,out_of_stock,250000,350000,VND,"PHẤN PHỦ DẠNG BỘT COLORKEY LASTING NATURALLY – OCCURRING LOOSE POWDER Màu C02 Phấn Phủ Colorkey Lasting Naturally Occurring Loose Powder C02 8g Thương hiệu: Colorkey Xuất xứ thương hiệu: nội địa Trung Colorkey là thương hiệu nội địa Trung nổi bật với các sản phẩm makeup dễ dùng, thiết kế trẻ trung và mức giá hợp lý. TH",https://bizweb.dktcdn.net/100/660/831/products/230.png?v=1777375334167|https://bizweb.dktcdn.net/100/660/831/products/6c00b45e-b766-46b1-8ffc-cbb3f744e0bd.jpg?v=1777375334167,storage/images/phan-phu-dang-bot-colorkey-lasting-naturally-occurring-loose-powder-c02/01.png|storage/images/phan-phu-dang-bot-colorkey-lasting-naturally-occurring-loose-powder-c02/02.jpg,2026-07-12T16:57:32+00:00
https://mtd-global.com/tinh-chat-duong-da-mo-nep-nhan-duong-am-min-mang-da-klalab,tinh-chat-duong-da-mo-nep-nhan-duong-am-min-mang-da-klalab,"TINH CHẤT DƯỠNG DA MỜ NẾP NHĂN, DƯỠNG ẨM, MỊN MÀNG DA KLALAB",KLALAB,8809626520723,"tinh chất",out_of_stock,550000,670000,VND,"Serum KLALAB Hyaluron Peptide Ampoule – Tinh chất dưỡng da mờ nếp nhăn, dưỡng ẩm & làm mịn da Mô tả sản phẩm: Serum này là tinh chất chuyên sâu của thương hiệu dược mỹ phẩm KLALAB — nổi tiếng với các sản phẩm phục hồi da dựa trên công nghệ BITT độc quyền giúp dưỡng ẩm sâu, chống lão hóa và cải thiện tình trạng da sờn n",https://bizweb.dktcdn.net/100/660/831/products/159.png?v=1777124999470|https://bizweb.dktcdn.net/100/660/831/products/f3b4a2fb-166f-43ff-93a1-99e08581d342.jpg?v=1777124999470|https://bizweb.dktcdn.net/100/660/831/products/753173d2-47b7-4d9c-a84b-5a7cb3682360.jpg?v=1777124999470|https://bizweb.dktcdn.net/100/660/831/products/85b1df7e-686c-4b2e-8db8-a569eaa9f1a8.jpg?v=1777124999470,storage/images/tinh-chat-duong-da-mo-nep-nhan-duong-am-min-mang-da-klalab/01.png|storage/images/tinh-chat-duong-da-mo-nep-nhan-duong-am-min-mang-da-klalab/02.jpg|storage/images/tinh-chat-duong-da-mo-nep-nhan-duong-am-min-mang-da-klalab/03.jpg|storage/images/tinh-chat-duong-da-mo-nep-nhan-duong-am-min-mang-da-klalab/04.jpg,2026-07-12T16:57:37+00:00
https://mtd-global.com/ecoskin-bong-tay-trang-da-nang-cao-cap-2-trong-1,ecoskin-bong-tay-trang-da-nang-cao-cap-2-trong-1,"ECOSKIN - BÔNG TẨY TRANG ĐA NĂNG CAO CẤP 2 TRONG 1",ECOSKIN,8938564755017,bông,in_stock,50000,,VND,"ECOSKIN – Bông Tẩy Trang Đa Năng Cao Cấp 2 trong 1 Giới thiệu sản phẩm ECOSKIN Bông Tẩy Trang Đa Năng Cao Cấp 2 trong 1 là bông tẩy trang chất lượng cao , thiết kế hai mặt với cấu trúc đặc biệt phù hợp cho việc tẩy trang, lau toner và các bước skincare khác. Sản phẩm mang đến trải nghiệm sử dụng mềm mại, không xơ rối v",https://bizweb.dktcdn.net/100/660/831/products/3cd02396-f84e-4cc8-aa9e-6bfa89d0ce1d.jpg?v=1774338175970,storage/images/ecoskin-bong-tay-trang-da-nang-cao-cap-2-trong-1/01.jpg,2026-07-12T16:57:41+00:00
https://mtd-global.com/nuoc-hoa-armaf-shk-ii-eau-de-parfum,nuoc-hoa-armaf-shk-ii-eau-de-parfum,"Nước hoa Armaf SHK II EDP 100ml",ARMAF,6295199800270,"Nước Hoa",in_stock,1200000,2000000,VND,"ARMAF SHK II EAU DE PARFUM Thương hiệu: Armaf Xuất xứ: UAE (Dubai) Nồng độ: Eau de Parfum (EDP) Dung tích: 100ml Phong cách: Sang trọng – quyến rũ – hiện đại – unisex thiên nữ GIỚI THIỆU SẢN PHẨM Armaf SHK II Eau de Parfum là một tuyệt tác hương thơm mang tinh thần “Dark Gourmand Opulence” – sự giao thoa giữa nét ngọt",https://bizweb.dktcdn.net/100/660/831/products/5009ba39-8b5a-4f92-a743-0c0a55956332.jpg?v=1776154920470|https://bizweb.dktcdn.net/100/660/831/products/3f35d933-1036-4af9-9e6a-8575965f1752.jpg?v=1776154920470,|storage/images/nuoc-hoa-armaf-shk-ii-eau-de-parfum/02.jpg,2026-07-12T16:57:44+00:00
https://mtd-global.com/kem-chong-nang-pho-rong-trang-da-lomere-chiet-xuat-tu-nam-cuc,kem-chong-nang-pho-rong-trang-da-lomere-chiet-xuat-tu-nam-cuc,"Kem chống nắng cho da LOMERE PRIME TRUFFLE BRIGHTENING SUN CREAM 50ml",LOMERE,8800296555060,"chống nắng",in_stock,390000,470000,VND,"Kem chống nắng Lomere là dòng chống nắng phổ rộng nổi bật với công thức kết hợp giữa khả năng bảo vệ da trước tia UV và dưỡng sáng da nhờ chiết xuất từ nấm cục (Truffle Mushroom) giàu chất chống oxy hóa. Sản phẩm giúp tạo lớp màng bảo vệ da trước tác hại từ ánh nắng, đồng thời hỗ trợ dưỡng ẩm và mang lại hiệu ứng da sá",https://bizweb.dktcdn.net/100/660/831/products/ban-sao-cua-frame-sp-311.png?v=1779014585917|https://bizweb.dktcdn.net/100/660/831/products/vn-11134207-7r98o-lnpjdhivc6ey44-9fda118f619d425586ca89e89444de32.jpg?v=1779014589723|https://bizweb.dktcdn.net/100/660/831/products/vn-11134207-7r98o-lnpjdhivufsq19.jpg?v=1779014625343|https://bizweb.dktcdn.net/100/660/831/products/oa-xu-n-trang-banner-con-b-i-d-ng-m-t-1024x1024.png?v=1779014670490|https://bizweb.dktcdn.net/100/660/831/products/vn-11134207-7r98o-lnpjdhivc6ey44.jpg?v=1779015132390,storage/images/kem-chong-nang-pho-rong-trang-da-lomere-chiet-xuat-tu-nam-cuc/01.png|storage/images/kem-chong-nang-pho-rong-trang-da-lomere-chiet-xuat-tu-nam-cuc/02.jpg|storage/images/kem-chong-nang-pho-rong-trang-da-lomere-chiet-xuat-tu-nam-cuc/03.jpg|storage/images/kem-chong-nang-pho-rong-trang-da-lomere-chiet-xuat-tu-nam-cuc/04.png|storage/images/kem-chong-nang-pho-rong-trang-da-lomere-chiet-xuat-tu-nam-cuc/05.jpg,2026-07-12T16:57:47+00:00
https://mtd-global.com/mat-na-bnbg-vita-genic-relaxing-jelly-mask-30ml-mau-xanh-la-cay,mat-na-bnbg-vita-genic-relaxing-jelly-mask-30ml-mau-xanh-la-cay,"Mặt nạ BNBG Relaxing Jelly",BNBG,89385537650589,"Mặt nạ",out_of_stock,30000,40000,VND,"BNBG Vita Genic Relaxing Jelly Mask 30ml (Xanh Lá) – Mặt Nạ Làm Dịu & Cấp Ẩm Da Mặt nạ BNBG Vita Genic Relaxing Jelly Mask (xanh lá) là dòng mặt nạ giấy chứa tinh chất dạng jelly (thạch) giúp làm dịu da, cấp ẩm nhanh và phục hồi . Sản phẩm phù hợp cho da nhạy cảm, da dễ kích ứng hoặc da cần thư giãn sau một ngày dài ti",https://bizweb.dktcdn.net/100/660/831/products/257.png?v=1777377264037|https://bizweb.dktcdn.net/100/660/831/products/270933905-3194432504175617-983890637858677902-n-41713a367a024053a09e7fe4e236e713.jpg?v=1777377264037|https://bizweb.dktcdn.net/100/660/831/products/134ead8681ad6896fbbaaf6a9e56ec58.jpg?v=1777377280753,storage/images/mat-na-bnbg-vita-genic-relaxing-jelly-mask-30ml-mau-xanh-la-cay/01.png|storage/images/mat-na-bnbg-vita-genic-relaxing-jelly-mask-30ml-mau-xanh-la-cay/02.jpg|storage/images/mat-na-bnbg-vita-genic-relaxing-jelly-mask-30ml-mau-xanh-la-cay/03.jpg,2026-07-12T16:57:51+00:00
https://mtd-global.com/mat-na-bnbg-vita-genic-lifting-jelly-mask-30ml-mau-do,mat-na-bnbg-vita-genic-lifting-jelly-mask-30ml-mau-do,"MẶT NẠ BNBG VITA GENIC LIFTING JELLY MASK 30ML (MÀU ĐỎ)",BNBG,8938553765034,"mặt nạ",out_of_stock,30000,40000,VND,"Mặt nạ BNBG Vita Genic Lifting Jelly Mask (đỏ) là dòng mặt nạ dưỡng da chuyên sâu với tinh chất dạng jelly (thạch) giàu vitamin, giúp nâng cơ, cải thiện độ đàn hồi và giảm dấu hiệu lão hóa . Sản phẩm phù hợp cho làn da chảy xệ, thiếu sức sống hoặc bắt đầu xuất hiện nếp nhăn. Thương hiệu: BNBG – thương hiệu mỹ phẩm nổi",https://bizweb.dktcdn.net/100/660/831/products/258.png?v=1777376956657|https://bizweb.dktcdn.net/100/660/831/products/0eb9a2b6c8a2d9fbda30977109691651.jpg?v=1777377007557|https://bizweb.dktcdn.net/100/660/831/products/bnbg-mask-vita-genic-lifting-jelly-1.jpg?v=1777377054590,storage/images/mat-na-bnbg-vita-genic-lifting-jelly-mask-30ml-mau-do/01.png|storage/images/mat-na-bnbg-vita-genic-lifting-jelly-mask-30ml-mau-do/02.jpg|storage/images/mat-na-bnbg-vita-genic-lifting-jelly-mask-30ml-mau-do/03.jpg,2026-07-12T16:57:55+00:00
https://mtd-global.com/mat-na-bnbg-vita-genic-hydrating-jelly-mash-30ml-mau-xanh,mat-na-bnbg-vita-genic-hydrating-jelly-mash-30ml-mau-xanh,"Mặt nạ BNBG",BNBG,8938553765027,"Mặt nạ",in_stock,30000,40000,VND,"Mặt Nạ BNBG Vita Genic Hydrating Jelly Mask 30ml (Màu Xanh Dương) Thương hiệu: BNBG (Banobagi) | Xuất xứ: Hàn Quốc Mô tả sản phẩm Mặt nạ BNBG Vita Genic Hydrating Jelly Mask (màu xanh dương) là dòng mặt nạ thạch nổi bật giúp cấp ẩm chuyên sâu, làm dịu và phục hồi làn da thiếu nước . Sản phẩm chứa tinh chất dạng jelly g",https://bizweb.dktcdn.net/100/660/831/products/bnbg-mask.png?v=1779974486807|https://bizweb.dktcdn.net/100/660/831/products/7f1edf53-e00f-41a0-8fea-5eeca8da6ec7.jpg?v=1779974488867|https://bizweb.dktcdn.net/100/660/831/products/270320404-3194432514175616-2462781386356739882-n-39b999bdce1144d8b06cdf14af6ecc1c-grande.jpg?v=1779974488867|https://bizweb.dktcdn.net/100/660/831/products/mat-na-duong-am-bnbg-vita-genic-jelly-30ml-relaxing-1.jpg?v=1779974636797|https://bizweb.dktcdn.net/100/660/831/products/336252753-197684779656643-3699273114528574427-n-f1dbd7d1852542ec9f851128b34a65ad-master.png?v=1779974738547|https://bizweb.dktcdn.net/100/660/831/products/mat-na-duong-am-bnbg-vita-genic-jelly-30ml-whitening.jpg?v=1779974764387|https://bizweb.dktcdn.net/100/660/831/products/feac67ab-1242-4df9-8cbb-012516b74950.webp?v=1779974809137|https://bizweb.dktcdn.net/100/660/831/products/mat-na-duong-am-bnbg-vita-genic-jelly-30ml-lifting.jpg?v=1779974888770|https://bizweb.dktcdn.net/100/660/831/products/mat-na-duong-san-chac-da-bnbg-30ml-vitamin-a-2.jpg?v=1779974937837,storage/images/mat-na-bnbg-vita-genic-hydrating-jelly-mash-30ml-mau-xanh/01.png|storage/images/mat-na-bnbg-vita-genic-hydrating-jelly-mash-30ml-mau-xanh/02.jpg|storage/images/mat-na-bnbg-vita-genic-hydrating-jelly-mash-30ml-mau-xanh/03.jpg|storage/images/mat-na-bnbg-vita-genic-hydrating-jelly-mash-30ml-mau-xanh/04.jpg|storage/images/mat-na-bnbg-vita-genic-hydrating-jelly-mash-30ml-mau-xanh/05.png|storage/images/mat-na-bnbg-vita-genic-hydrating-jelly-mash-30ml-mau-xanh/06.jpg|storage/images/mat-na-bnbg-vita-genic-hydrating-jelly-mash-30ml-mau-xanh/07.webp|storage/images/mat-na-bnbg-vita-genic-hydrating-jelly-mash-30ml-mau-xanh/08.jpg|storage/images/mat-na-bnbg-vita-genic-hydrating-jelly-mash-30ml-mau-xanh/09.jpg,2026-07-12T16:58:00+00:00
https://mtd-global.com/dau-xa-phuc-hoi-weilaiya,dau-xa-phuc-hoi-weilaiya,"Dầu xả tinh chất nấm Truffle Weilaiya 450ml/ Chai (WEILAIYA WHITE TRUFFLE HAIR NOURISHING CONDITIONER).",WEILAIYA,6971025880608,"Dầu gội - Sữa tắm",in_stock,445000,550000,VND,"Thương hiệu: Weilaiya Xuất xứ: Hong Kong Dung tích: 450ml Dòng sản phẩm: White Truffle Hair Nourishing Conditioner Dầu xả phục hồi Weilaiya White Truffle Conditioner 450ml Dầu xả phục hồi Weilaiya là sản phẩm chăm sóc tóc cao cấp thuộc dòng White Truffle, giúp phục hồi tóc hư tổn, nuôi dưỡng sợi tóc từ sâu bên trong và",https://bizweb.dktcdn.net/100/660/831/products/8aaaa7e8-4649-44d3-b395-758d3415f0d9.jpg?v=1776062807460|https://bizweb.dktcdn.net/100/660/831/products/ad07cdd5-e953-4234-88dd-d1ab6c2e753b.jpg?v=1776062807460,storage/images/dau-xa-phuc-hoi-weilaiya/01.jpg|storage/images/dau-xa-phuc-hoi-weilaiya/02.jpg,2026-07-12T16:58:16+00:00
https://mtd-global.com/kem-duong-cap-am-neutrogena-hydro-boost-hyaluronic-acid-water-gel-cty-vat,kem-duong-cap-am-neutrogena-hydro-boost-hyaluronic-acid-water-gel-cty-vat,"Neutrogena® Hydro Boost Hyaluronic Acid Water Gel 50G",NEUTROGENA,4891080614470,"kem dưỡng",in_stock,300000,400000,VND,"Kem Dưỡng Ẩm Neutrogena – Dưỡng Ẩm Sâu & Khóa Ẩm Tự Nhiên 🌟 Mô tả sản phẩm Neutrogena Hydro Boost Gel Cream là kem dưỡng ẩm chứa công nghệ Hydro Boost độc quyền giúp cấp nước và khóa ẩm tối ưu cho làn da thiếu nước và khô mất nước. Công thức giàu Hyaluronic Acid và các yếu tố giữ ẩm tự nhiên giúp da căng mọng, mềm mịn",https://bizweb.dktcdn.net/100/660/831/products/116.png?v=1777455189907|https://bizweb.dktcdn.net/100/660/831/products/b15de472-a131-47a9-b790-179555e688f6.jpg?v=1777455189907|https://bizweb.dktcdn.net/100/660/831/products/5470acd2-8989-4ea6-b2ac-89098f602ab2.jpg?v=1777455189907|https://bizweb.dktcdn.net/100/660/831/products/7d077cd4-e582-485b-bacc-0d1367deab48.jpg?v=1777455189907|https://bizweb.dktcdn.net/100/660/831/products/da6e5b75-46a3-4148-90de-02116ae054a5.jpg?v=1777455189907,storage/images/kem-duong-cap-am-neutrogena-hydro-boost-hyaluronic-acid-water-gel-cty-vat/01.png|storage/images/kem-duong-cap-am-neutrogena-hydro-boost-hyaluronic-acid-water-gel-cty-vat/02.jpg|storage/images/kem-duong-cap-am-neutrogena-hydro-boost-hyaluronic-acid-water-gel-cty-vat/03.jpg|storage/images/kem-duong-cap-am-neutrogena-hydro-boost-hyaluronic-acid-water-gel-cty-vat/04.jpg|storage/images/kem-duong-cap-am-neutrogena-hydro-boost-hyaluronic-acid-water-gel-cty-vat/05.jpg,2026-07-12T16:58:19+00:00
https://mtd-global.com/sena-demar-sodium-dna-b5-mask-mat-na,sena-demar-sodium-dna-b5-mask-mat-na,"Mặt nạ dưỡng da SENA DEMAR SODIUM DNA B5 CICA MASK, 25ml/miếng","SENA DEMAR",8809874454931,"Mặt nạ",in_stock,20000,30000,VND,"💧 Mặt nạ B5 Sena Derma Sodium DNA Mask – phục hồi chuyên sâu & cấp ẩm đa tầng Mặt nạ B5 Sena Derma là dòng mask phục hồi cao cấp, ứng dụng công nghệ Sodium DNA (tế bào gốc) kết hợp Vitamin B5 và Niacinamide, giúp làm dịu – tái tạo – cấp ẩm sâu cho làn da đang tổn thương hoặc thiếu sức sống. 💎 Thành phần & cơ chế nổi",https://bizweb.dktcdn.net/100/660/831/products/267.png?v=1777379313083|https://bizweb.dktcdn.net/100/660/831/products/vn-11134207-7r98o-lssrovplkujdc7.jpg?v=1777379384380|https://bizweb.dktcdn.net/100/660/831/products/4404-p2-1735377159.jpg?v=1777379428203,storage/images/sena-demar-sodium-dna-b5-mask-mat-na/01.png|storage/images/sena-demar-sodium-dna-b5-mask-mat-na/02.jpg|storage/images/sena-demar-sodium-dna-b5-mask-mat-na/03.jpg,2026-07-12T16:58:25+00:00
https://mtd-global.com/nuoc-lam-sach-va-tay-trang-laroche-posay-trang,nuoc-lam-sach-va-tay-trang-laroche-posay-trang,"NƯỚC TẨY TRANG LA ROCHE TRẮNG 72411595 MICELLARWATERSENSITIVE400ML(FA)","LA ROCHE-POSAY",3337872411595,"Tẩy trang",out_of_stock,390000,490000,VND,"Giới thiệu sản phẩm La Roche-Posay Micellar Water Ultra Sensitive (chai trắng) là nước làm sạch và tẩy trang ứng dụng công nghệ micellar giúp loại bỏ bụi bẩn, dầu thừa và lớp trang điểm chỉ trong một bước. Sản phẩm nổi bật với độ dịu nhẹ cao, phù hợp cho da nhạy cảm, da thường đến da khô. Thương hiệu: La Roche-Posay Xu",https://bizweb.dktcdn.net/100/660/831/products/90.png?v=1777127380880|https://bizweb.dktcdn.net/100/660/831/products/81453125-5b64-4dad-a599-a729b2ce469a.jpg?v=1777127380880|https://bizweb.dktcdn.net/100/660/831/products/f1539282-614b-45d6-b148-b6f28d193df7.jpg?v=1777127380880|https://bizweb.dktcdn.net/100/660/831/products/93850d9b-89c9-41a0-8494-fdf32a93ba43.jpg?v=1777127380880|https://bizweb.dktcdn.net/100/660/831/products/55c24b24-ab36-4df5-8863-4098524b9a3d.jpg?v=1777127380880|https://bizweb.dktcdn.net/100/660/831/products/05583c0c-991e-4e46-93cf-87d24bca2c44.jpg?v=1777127380880,storage/images/nuoc-lam-sach-va-tay-trang-laroche-posay-trang/01.png|storage/images/nuoc-lam-sach-va-tay-trang-laroche-posay-trang/02.jpg|storage/images/nuoc-lam-sach-va-tay-trang-laroche-posay-trang/03.jpg|storage/images/nuoc-lam-sach-va-tay-trang-laroche-posay-trang/04.jpg|storage/images/nuoc-lam-sach-va-tay-trang-laroche-posay-trang/05.jpg|storage/images/nuoc-lam-sach-va-tay-trang-laroche-posay-trang/06.jpg,2026-07-12T16:58:28+00:00
https://mtd-global.com/sua-rua-mat-tao-bot-bun-bien-150ml-phermex-sea-silt-foam-cleanser,sua-rua-mat-tao-bot-bun-bien-150ml-phermex-sea-silt-foam-cleanser,"Sữa rửa mặt tạo bọt bùn biển 150ml (Phermex sea silt foam cleanser)",PHERMEX,8809936052648,"sữa rửa mặt",in_stock,250000,300000,VND,"Sữa rửa mặt Phermex Sea Silt Foam Cleanser – làm sạch sâu & thải độc da chuẩn clinic Phermex Sea Silt là dòng sữa rửa mặt ứng dụng khoáng bùn biển sâu , giúp làm sạch da đa tầng, đồng thời hỗ trợ thải độc và phục hồi làn da đang bí tắc, xỉn màu. Thành phần nổi bật: Sea Silt (bùn biển sâu 30.000ppm): giàu khoáng chất gi",https://bizweb.dktcdn.net/100/660/831/products/67.png?v=1777129179830|https://bizweb.dktcdn.net/100/660/831/products/64f60039-3402-46b8-b7fe-212c2ea01a1c.jpg?v=1777129179830|https://bizweb.dktcdn.net/100/660/831/products/ffdbe38f-e51b-45de-9a60-f9c39b9845c8.jpg?v=1777129179830|https://bizweb.dktcdn.net/100/660/831/products/8b1e576e-9df8-41df-a689-97f4a1db214a.jpg?v=1777129179830|https://bizweb.dktcdn.net/100/660/831/products/56005f6a-410c-4dc3-99f6-79f7060feea7.jpg?v=1777129179830,storage/images/sua-rua-mat-tao-bot-bun-bien-150ml-phermex-sea-silt-foam-cleanser/01.png|storage/images/sua-rua-mat-tao-bot-bun-bien-150ml-phermex-sea-silt-foam-cleanser/02.jpg|storage/images/sua-rua-mat-tao-bot-bun-bien-150ml-phermex-sea-silt-foam-cleanser/03.jpg|storage/images/sua-rua-mat-tao-bot-bun-bien-150ml-phermex-sea-silt-foam-cleanser/04.jpg|storage/images/sua-rua-mat-tao-bot-bun-bien-150ml-phermex-sea-silt-foam-cleanser/05.jpg,2026-07-12T16:58:35+00:00
https://mtd-global.com/shci-tay-te-bao-chet-toan-than-ca-phe,shci-tay-te-bao-chet-toan-than-ca-phe,"SHCI TẨY TẾ BÀO CHẾT TOÀN THÂN ( CÀ PHÊ )",SHCI,4964653201121,TDC,in_stock,99000,180000,VND,"Thông tin sản phẩm Thương hiệu: SHCI Xuất xứ: Nhật Bản Loại sản phẩm: Tẩy tế bào chết toàn thân (body scrub) Thành phần chính: Cà phê Loại da phù hợp: Mọi loại da, đặc biệt da khô, sần sùi, da xỉn màu Mô tả sản phẩm Tẩy tế bào chết toàn thân SHCI cà phê Nhật là sản phẩm chăm sóc body giúp loại bỏ lớp da chết, bụi bẩn v",https://bizweb.dktcdn.net/100/660/831/products/ban-sao-cua-frame-sp-216.png?v=1778068033453|https://bizweb.dktcdn.net/100/660/831/products/926731a6-1f12-43c5-8400-3fc7e26cc54b.jpg?v=1778068033453|https://bizweb.dktcdn.net/100/660/831/products/bcb3c3bd-ba45-4cb6-8169-f53af420ef3c.jpg?v=1778068033453|https://bizweb.dktcdn.net/100/660/831/products/1d3b03ea-8892-4ff0-a4be-9dceb9b735ec.jpg?v=1778068033453|https://bizweb.dktcdn.net/100/660/831/products/981b59a8-d8f1-4fde-9797-48c53e5b0ad5.jpg?v=1778068033453,storage/images/shci-tay-te-bao-chet-toan-than-ca-phe/01.png|storage/images/shci-tay-te-bao-chet-toan-than-ca-phe/02.jpg|storage/images/shci-tay-te-bao-chet-toan-than-ca-phe/03.jpg|storage/images/shci-tay-te-bao-chet-toan-than-ca-phe/04.jpg|storage/images/shci-tay-te-bao-chet-toan-than-ca-phe/05.jpg,2026-07-12T16:58:39+00:00
https://mtd-global.com/sua-tam-senanature-made-white-body-wash-500ml,sua-tam-senanature-made-white-body-wash-500ml,"Sữa tắm SENANATURE MADE WHITE BODY WASH 500ml",SENANATURE,8800290740172,"Dầu gội - Sữa tắm",in_stock,280000,350000,VND,"Mô tả sản phẩm: Sữa tắm SenaNature Made White Body Wash 500ml là dòng sữa tắm cao cấp kết hợp khả năng làm sạch – dưỡng ẩm – hỗ trợ làm sáng da cùng hương nước hoa quyến rũ. Sản phẩm giúp loại bỏ bụi bẩn, bã nhờn mà vẫn giữ được độ ẩm tự nhiên, mang lại làn da mềm mại, mịn màng và tươi sáng sau mỗi lần sử dụng. Xuất xứ",https://bizweb.dktcdn.net/100/660/831/products/36.png?v=1777128256940|https://bizweb.dktcdn.net/100/660/831/products/vn-11134207-81ztc-mlhtzeh1jgn99d.webp?v=1778680142237|https://bizweb.dktcdn.net/100/660/831/products/vn-11134207-81ztc-mlhtzvf69qf4d3.webp?v=1778680142237|https://bizweb.dktcdn.net/100/660/831/products/vn-11134207-820l4-mivw8z24mjghcf.jpg?v=1778680142237,storage/images/sua-tam-senanature-made-white-body-wash-500ml/01.png|storage/images/sua-tam-senanature-made-white-body-wash-500ml/02.webp|storage/images/sua-tam-senanature-made-white-body-wash-500ml/03.webp|storage/images/sua-tam-senanature-made-white-body-wash-500ml/04.jpg,2026-07-12T16:58:45+00:00
https://mtd-global.com/long-mi-jary-lp101-no-box,long-mi-jary-lp101-no-box,"LÔNG MI JARY LP101 NO BOX",JARY,8936228462479,"Phụ kiện",in_stock,90000,110000,VND,,https://bizweb.dktcdn.net/100/660/831/products/ban-sao-cua-frame-sp-263.png?v=1778158343420,storage/images/long-mi-jary-lp101-no-box/01.png,2026-07-12T16:58:49+00:00
https://mtd-global.com/mat-na-gao-baviphat,mat-na-gao-baviphat,"MẶT NẠ GẠO BAVIPHAT","Phương Trần Cosmetics",9806968203153,"mặt nạ",in_stock,,,VND,"Mặt nạ gạo Baviphat (thường được biết đến với tên đầy đủ là Baviphat Rice Makgeolli Wash Off Pack ) là một loại mặt nạ dạng rửa (wash-off) chiết xuất từ gạo lên men, nổi tiếng với khả năng làm sáng và làm sạch sâu . Đặc điểm nổi bật Chiết xuất men gạo Makgeolli : Giàu vitamin nhóm B và khoáng chất giúp nuôi dưỡng da tr",https://bizweb.dktcdn.net/100/660/831/products/270.png?v=1777379648090|https://bizweb.dktcdn.net/100/660/831/products/z6918202350104-3d40a393070f8c600527f4412da1c646-jpg-v-1757057649680.jpg?v=1777379648090,storage/images/mat-na-gao-baviphat/01.png|storage/images/mat-na-gao-baviphat/02.jpg,2026-07-12T16:58:52+00:00
https://mtd-global.com/son-espoir-wn605,son-espoir-wn605,"SON ESPOIR SON ESPOIR WN605",ESPOIR,8809563933556,son,out_of_stock,350000,450000,VND,"SON ESPOIR WN605 Thương hiệu Espoir là thương hiệu mỹ phẩm chuyên nghiệp đến từ Hàn Quốc, trực thuộc tập đoàn AmorePacific. Thương hiệu nổi tiếng với các sản phẩm trang điểm chất lượng cao, màu sắc thời thượng và được nhiều makeup artist tin dùng. Xuất xứ Hàn Quốc Sản phẩm được sản xuất theo tiêu chuẩn mỹ phẩm cao cấp",https://bizweb.dktcdn.net/100/660/831/products/917d0716-6c0f-4664-b78b-c0b284c7a397.jpg?v=1775877802340,storage/images/son-espoir-wn605/01.jpg,2026-07-12T16:58:56+00:00
https://mtd-global.com/son-espoir-cr509,son-espoir-cr509,"SON ESPOIR CR509",ESPOIR,8809563933518,son,in_stock,350000,450000,VND,"SON ESPOIR CR509 (LIP PRODUCT) Thương hiệu Espoir là thương hiệu mỹ phẩm chuyên nghiệp đến từ Hàn Quốc, trực thuộc tập đoàn AmorePacific. Thương hiệu nổi bật với các dòng son và sản phẩm trang điểm chất lượng cao, màu sắc thời thượng và dễ ứng dụng. Xuất xứ Hàn Quốc Sản phẩm được sản xuất theo tiêu chuẩn mỹ phẩm cao cấ",https://bizweb.dktcdn.net/100/660/831/products/454bb7d4-26c8-4567-82fb-6469020faecd.jpg?v=1775877837327,storage/images/son-espoir-cr509/01.jpg,2026-07-12T16:58:59+00:00
https://mtd-global.com/mat-na-duong-am-moi-bifulby-hydrating-glow-lip-mask-berry,mat-na-duong-am-moi-bifulby-hydrating-glow-lip-mask-berry,"MẶT NẠ DƯỠNG ẨM MÔI BIFULBY HYDRATING GLOW LIP MASK BERRY",BIFULBY,8809584963921,"Mặt nạ",in_stock,190000,290000,VND,"Thông tin sản phẩm Tên sản phẩm: Bifulby Hydrating Glow Lip Mask Berry Thương hiệu: Bifulby Nguồn gốc xuất xứ: Hàn Quốc Dung tích: 10g Mô tả sản phẩm Bifulby Hydrating Glow Lip Mask Berry là mặt nạ dưỡng môi chuyên sâu với kết cấu dẻo mịn, khi thoa lên môi sẽ tan nhẹ tạo lớp màng bóng giúp giữ ẩm và bảo vệ môi suốt nhi",https://bizweb.dktcdn.net/100/660/831/products/208.png?v=1777380163620|https://bizweb.dktcdn.net/100/660/831/products/cong-dung-54284ff0b7d340a7986c0a718678572c-grande.jpg?v=1777380213860|https://bizweb.dktcdn.net/100/660/831/products/vn-11134207-820l4-mf217b8u524q51.jpg?v=1777380293573,storage/images/mat-na-duong-am-moi-bifulby-hydrating-glow-lip-mask-berry/01.png|storage/images/mat-na-duong-am-moi-bifulby-hydrating-glow-lip-mask-berry/02.jpg|storage/images/mat-na-duong-am-moi-bifulby-hydrating-glow-lip-mask-berry/03.jpg,2026-07-12T16:59:02+00:00
https://mtd-global.com/nuoc-hoa-hong-centella-toner-ex-180ml-lo-1-lo-1pce-nhan-hang-dr-pepti-hsd-02-09-2028,nuoc-hoa-hong-centella-toner-ex-180ml-lo-1-lo-1pce-nhan-hang-dr-pepti-hsd-02-09-2028,"Nước hoa hồng CENTELLA TONER EX 180ml/lọ (1lọ = 1pce). Nhãn hàng: DR.PEPTI. HSD: 03/11/2028",DR.PEPTI,8809610272249,Toner,in_stock,320000,450000,VND,"Dr.Pepti Centella Toner EX – Nước hoa hồng cân bằng & dưỡng ẩm Thông tin sản phẩm Thương hiệu: DR.PEPTI Nguồn gốc xuất xứ: Hàn Quốc Mô tả sản phẩm Nước hoa hồng Dr.Pepti Centella Toner EX 180ml là toner dưỡng da đến từ Hàn Quốc với công thức dịu nhẹ nhưng hiệu quả sâu , giúp cân bằng độ pH sau bước rửa mặt, bổ sung độ",https://bizweb.dktcdn.net/100/660/831/products/166.png?v=1777124573647|https://bizweb.dktcdn.net/100/660/831/products/90a517f4-fca5-4026-86d8-fc4a01d5f636.jpg?v=1777124573647|https://bizweb.dktcdn.net/100/660/831/products/4be20431-3dc4-4a1f-901f-0a229e9345cf.jpg?v=1777124573647|https://bizweb.dktcdn.net/100/660/831/products/08a07a3d-5e61-4404-9783-f58158983f47.jpg?v=1777124573647|https://bizweb.dktcdn.net/100/660/831/products/ee1785d6-03da-43a8-86da-a776f5daf9b0.jpg?v=1777124573647,storage/images/nuoc-hoa-hong-centella-toner-ex-180ml-lo-1-lo-1pce-nhan-hang-dr-pepti-hsd-02-09-2028/01.png|storage/images/nuoc-hoa-hong-centella-toner-ex-180ml-lo-1-lo-1pce-nhan-hang-dr-pepti-hsd-02-09-2028/02.jpg|storage/images/nuoc-hoa-hong-centella-toner-ex-180ml-lo-1-lo-1pce-nhan-hang-dr-pepti-hsd-02-09-2028/03.jpg|storage/images/nuoc-hoa-hong-centella-toner-ex-180ml-lo-1-lo-1pce-nhan-hang-dr-pepti-hsd-02-09-2028/04.jpg|storage/images/nuoc-hoa-hong-centella-toner-ex-180ml-lo-1-lo-1pce-nhan-hang-dr-pepti-hsd-02-09-2028/05.jpg,2026-07-12T16:59:05+00:00
https://mtd-global.com/thuc-pham-bo-sung-today-curcumin-365-premium-nghe-den,thuc-pham-bo-sung-today-curcumin-365-premium-nghe-den,"Thực phẩm bảo vệ sức khỏe VERY GOOD TURMERIC 365 PREMIUM,3g/tép, 4 tép/vỉ,8 vỉ/hộp,40 hộp/thùng","HAMIN BIO",8809708841975,"THỰC PHẨM CHỨC NĂNG",out_of_stock,1250000,1500000,VND,"Tinh chất nghệ Nano Curcumin 365 Premium – hỗ trợ dạ dày & chống oxy hoá sinh học thế hệ mới Nano Curcumin 365 là sản phẩm ứng dụng công nghệ nano hoá Curcumin , giúp tăng sinh khả dụng của hoạt chất, từ đó cải thiện hiệu quả trong hỗ trợ tiêu hoá, chống viêm và chăm sóc da từ bên trong. Xuất xứ : Hàn Quốc Thành phần &",https://bizweb.dktcdn.net/100/660/831/products/276.png?v=1777366183210|https://bizweb.dktcdn.net/100/660/831/products/h-nghe-nano-365-curcumin-premium-ji-chang-wook-version-32-tep-26052023-grande-jpeg.jpg?v=1777366183210|https://bizweb.dktcdn.net/100/660/831/products/and9gcryxga4mwjt-f2vp6pzdywll5kx0-da5aoprw-s.jpg?v=1777366757137,storage/images/thuc-pham-bo-sung-today-curcumin-365-premium-nghe-den/01.png|storage/images/thuc-pham-bo-sung-today-curcumin-365-premium-nghe-den/02.jpg|storage/images/thuc-pham-bo-sung-today-curcumin-365-premium-nghe-den/03.jpg,2026-07-12T16:59:09+00:00
https://mtd-global.com/sua-tam-senanature-nourishing-therapy-from-botanical-extracts-perfumed-body-wash-500ml,sua-tam-senanature-nourishing-therapy-from-botanical-extracts-perfumed-body-wash-500ml,"Sữa tắm SENANATURE NOURISHING THERAPY FROM BOTANICAL EXTRACTS Perfumed Body Wash",SENANATURE,8800290740165,"Dầu gội - Sữa tắm",in_stock,250000,400000,VND,"Sữa tắm SENANATURE Nourishing Therapy From Botanical Extracts Perfumed Body Wash No.33 là dòng sữa tắm cao cấp kết hợp giữa chiết xuất thực vật thiên nhiên và hương nước hoa sang trọng . Sản phẩm không chỉ giúp làm sạch da mà còn nuôi dưỡng, mang lại làn da mềm mịn cùng hương thơm quyến rũ, tinh tế suốt cả ngày. Thương",https://bizweb.dktcdn.net/100/660/831/products/ban-sao-cua-frame-sp-218.png?v=1778070134307|https://bizweb.dktcdn.net/100/660/831/products/ban-sao-cua-frame-sp-299-4c6b8f9f-cd66-4a5d-abd8-ea76ac89d2ba.png?v=1778743388750|https://bizweb.dktcdn.net/100/660/831/products/and9gcsgndi-a8eprp7pqa4-lowbhsdkskiaxq2axg-s.jpg?v=1778743388750|https://bizweb.dktcdn.net/100/660/831/products/vn-11134207-820l4-mfhoobdzuwpa68-870f4f9c-7d8c-4684-ae6a-6384440294a8.jpg?v=1778743388750|https://bizweb.dktcdn.net/100/660/831/products/vn-11134207-820l4-miqrgtelqpdtd1.jpg?v=1778743388750|https://bizweb.dktcdn.net/100/660/831/products/vn-11134207-7ras8-mcxhqh19a1jw43.jpg?v=1778743273647,storage/images/sua-tam-senanature-nourishing-therapy-from-botanical-extracts-perfumed-body-wash-500ml/01.png|storage/images/sua-tam-senanature-nourishing-therapy-from-botanical-extracts-perfumed-body-wash-500ml/02.png|storage/images/sua-tam-senanature-nourishing-therapy-from-botanical-extracts-perfumed-body-wash-500ml/03.jpg|storage/images/sua-tam-senanature-nourishing-therapy-from-botanical-extracts-perfumed-body-wash-500ml/04.jpg|storage/images/sua-tam-senanature-nourishing-therapy-from-botanical-extracts-perfumed-body-wash-500ml/05.jpg|storage/images/sua-tam-senanature-nourishing-therapy-from-botanical-extracts-perfumed-body-wash-500ml/06.jpg,2026-07-12T16:59:12+00:00
https://mtd-global.com/sua-rua-mat-lomere-prime-truffle-cell-repair-brightening-150ml,sua-rua-mat-lomere-prime-truffle-cell-repair-brightening-150ml,"SỮA RỬA MẶT LOMERE PRIME TRUFFLE CELL REPAIR BRIGHTENING 150ML",LOMERE,8809954946356,"sữa rửa mặt",in_stock,300000,400000,VND,"Sữa rửa mặt Lomere Prime Truffle Cell Repair Brightening Foam Cleansing – làm sạch sâu loại bỏ bụi mịn. Lomere là dòng sữa rửa mặt cao cấp ứng dụng chiết xuất nấm cục (Truffle) kết hợp công thức làm sạch dịu nhẹ, giúp loại bỏ tạp chất sâu trong lỗ chân lông đồng thời duy trì độ ẩm tự nhiên cho da. Thành phần nổi bật &",https://bizweb.dktcdn.net/100/660/831/products/49.png?v=1777128966613|https://bizweb.dktcdn.net/100/660/831/products/d3d18b4d-18e9-4f4f-bf3f-67b20da27d0b.jpg?v=1777128966613|https://bizweb.dktcdn.net/100/660/831/products/e8d209ef-9a71-4d7a-89e4-32ac090c7363.jpg?v=1777128966613|https://bizweb.dktcdn.net/100/660/831/products/24dbbfda-7b9e-465b-be67-b389cb2f574b.jpg?v=1777128966613,storage/images/sua-rua-mat-lomere-prime-truffle-cell-repair-brightening-150ml/01.png|storage/images/sua-rua-mat-lomere-prime-truffle-cell-repair-brightening-150ml/02.jpg|storage/images/sua-rua-mat-lomere-prime-truffle-cell-repair-brightening-150ml/03.jpg|storage/images/sua-rua-mat-lomere-prime-truffle-cell-repair-brightening-150ml/04.jpg,2026-07-12T16:59:17+00:00
https://mtd-global.com/sua-tam-whisis-thien-nhien-huong-nuoc-hoa,sua-tam-whisis-thien-nhien-huong-nuoc-hoa,"SỮA TẮM WHISIS THIÊN NHIÊN & HƯƠNG NƯỚC HOA",WHISIS,8809803050739,"Dầu gội - Sữa tắm",in_stock,149000,280000,VND,"Sữa tắm WHISIS – Chiết Xuất Thiên Nhiên & Hương Nước Hoa – Dưỡng Da Toàn Thân Mô tả sản phẩm: Sữa tắm WHISIS chiết xuất thiên nhiên & hương nước hoa là sản phẩm chăm sóc da toàn thân cao cấp kết hợp giữa công thức làm sạch dịu nhẹ từ thiên nhiên và hương thơm nước hoa tinh tế . Sản phẩm không chỉ loại bỏ bụi bẩn và bã",https://bizweb.dktcdn.net/100/660/831/products/57.png?v=1777129152117|https://bizweb.dktcdn.net/100/660/831/products/10a65be4-c42d-4f71-b163-f5f215be555c.jpg?v=1777129152117|https://bizweb.dktcdn.net/100/660/831/products/a7b25fe6-a7b6-4b3f-ada6-df106e431454.jpg?v=1777129152117|https://bizweb.dktcdn.net/100/660/831/products/16a29777-724d-49f1-9e89-c3bc7f53dc5c.jpg?v=1777129152117,storage/images/sua-tam-whisis-thien-nhien-huong-nuoc-hoa/01.png|storage/images/sua-tam-whisis-thien-nhien-huong-nuoc-hoa/02.jpg|storage/images/sua-tam-whisis-thien-nhien-huong-nuoc-hoa/03.jpg|storage/images/sua-tam-whisis-thien-nhien-huong-nuoc-hoa/04.jpg,2026-07-12T16:59:20+00:00
https://mtd-global.com/ma-hong-vacosi-lolipop-p2-vp14-p2-cty-vat,ma-hong-vacosi-lolipop-p2-vp14-p2-cty-vat,"MÁ HỒNG VACOSI LOLIPOP #P2 VP14-P2 ( CTY - VAT )",VACOSI,4711378880915,Makeup,in_stock,140000,240000,VND,"Thương hiệu Vacosi là thương hiệu mỹ phẩm chuyên nghiệp tại Việt Nam, nổi tiếng với các sản phẩm trang điểm chất lượng tốt, giá hợp lý và dễ sử dụng hằng ngày. Xuất xứ Hàn Quốc Tên sản phẩm Vacosi Lolipop All Day Blush Mã VP14 – Màu P2 Berry Muffin Dạng sản phẩm Phấn má hồng dạng nén (powder blush), kết cấu mịn nhẹ. Đặ",https://bizweb.dktcdn.net/100/660/831/products/c1ba1464-e7c6-47ad-b625-82899246a256.jpg?v=1775190196173|https://bizweb.dktcdn.net/100/660/831/products/a5f762ae-6897-4697-b83a-9a83d7be100e.jpg?v=1776139475343,storage/images/ma-hong-vacosi-lolipop-p2-vp14-p2-cty-vat/01.jpg|storage/images/ma-hong-vacosi-lolipop-p2-vp14-p2-cty-vat/02.jpg,2026-07-12T16:59:24+00:00
https://mtd-global.com/ma-hong-vacosi-lolipop-03-vp14-03-cty-vat,ma-hong-vacosi-lolipop-03-vp14-03-cty-vat,"MÁ HỒNG VACOSI LOLIPOP #03 VP14-03 ( CTY - VAT )",VACOSI,4711378880892,Makeup,in_stock,140000,240000,VND,"Vacosi Lolipop All Day Blush VP14-03 Thương hiệu Vacosi là thương hiệu mỹ phẩm chuyên nghiệp phổ biến tại Việt Nam, nổi bật với các sản phẩm trang điểm chất lượng tốt, giá hợp lý và dễ sử dụng. Xuất xứ Hàn Quốc Tên sản phẩm Vacosi Lolipop All Day Blush Mã VP14 – Màu #03 Dạng sản phẩm Phấn má hồng dạng nén (powder blush",https://bizweb.dktcdn.net/100/660/831/products/300.png?v=1778070288027|https://bizweb.dktcdn.net/100/660/831/products/7664d7e2-bf97-425e-b631-0eb90de16d0a.jpg?v=1778070288027,storage/images/ma-hong-vacosi-lolipop-03-vp14-03-cty-vat/01.png|storage/images/ma-hong-vacosi-lolipop-03-vp14-03-cty-vat/02.jpg,2026-07-12T16:59:27+00:00
https://mtd-global.com/ma-hong-vacosi-lolipop-02-vp14-02-cty-vat,ma-hong-vacosi-lolipop-02-vp14-02-cty-vat,"MÁ HỒNG VACOSI LOLIPOP #02 VP14-02 ( CTY - VAT )",VACOSI,4711378880885,Makeup,in_stock,140000,240000,VND,"Thương hiệu Vacosi là thương hiệu mỹ phẩm phổ biến tại Việt Nam, nổi bật với các sản phẩm trang điểm chất lượng ổn định, giá hợp lý và dễ sử dụng hằng ngày. Xuất xứ Hàn Quốc Tên sản phẩm Vacosi Lolipop All Day Blush Mã VP14 – Màu #02 Sweet Orange Dạng sản phẩm Phấn má hồng dạng nén (powder blush), chất phấn mịn nhẹ, dễ",https://bizweb.dktcdn.net/100/660/831/products/c31ccc1e-3c0a-4b1f-9b68-ad8bbab8839d.jpg?v=1776139496323,storage/images/ma-hong-vacosi-lolipop-02-vp14-02-cty-vat/01.jpg,2026-07-12T16:59:30+00:00
https://mtd-global.com/ma-hong-vacosi-lolipop-01-vp14-01-cty-vat,ma-hong-vacosi-lolipop-01-vp14-01-cty-vat,"MÁ HỒNG VACOSI LOLIPOP #01 VP14-01 ( CTY - VAT )",VACOSI,4711378880878,Makeup,in_stock,140000,250000,VND,"Thương hiệu: Vacosi Xuất xứ thương hiệu: Hàn Quốc Nơi sản xuất: Thái Lan Phân khúc: Mỹ phẩm trang điểm (bình dân – tầm trung) Vacosi là thương hiệu mỹ phẩm quen thuộc với các sản phẩm trang điểm dễ dùng, giá hợp lý và thiết kế trẻ trung, phù hợp trang điểm hằng ngày. THÔNG TIN SẢN PHẨM Tên đầy đủ: Vacosi Lolipop All Da",https://bizweb.dktcdn.net/100/660/831/products/7d344943-deb3-46e4-a08d-e55540a66cbd.jpg?v=1775190026207|https://bizweb.dktcdn.net/100/660/831/products/e0c95140-8a4b-4642-b87a-774b71e056c3.jpg?v=1776139484457,storage/images/ma-hong-vacosi-lolipop-01-vp14-01-cty-vat/01.jpg|storage/images/ma-hong-vacosi-lolipop-01-vp14-01-cty-vat/02.jpg,2026-07-12T16:59:33+00:00
https://mtd-global.com/mut-rua-mat-bot-bien-amortal-cty-vat,mut-rua-mat-bot-bien-amortal-cty-vat,"MÚT RỬA MẶT BỌT BIỂN AMORTAL ( CTY - VAT )",AMORTALS,6976416412444,"Phụ kiện",in_stock,49000,60000,VND,"Thương hiệu & Xuất xứ Thương hiệu: Amortals Xuất xứ: Trung Quốc Quy cách: Set 3 miếng Giới thiệu sản phẩm Mút rửa mặt bọt biển Amortals Mút rửa mặt bọt biển Amortals là phụ kiện skincare hỗ trợ làm sạch da hiệu quả, giúp tối ưu khả năng tạo bọt của sữa rửa mặt và mang lại trải nghiệm rửa mặt nhẹ nhàng, êm ái hơn. Thành",https://bizweb.dktcdn.net/100/660/831/products/fda14c6e-c033-42f8-a967-bec3342bfe33.jpg?v=1774856058960|https://bizweb.dktcdn.net/100/660/831/products/fcb67681-3e73-4016-90da-8551a72094e8.jpg?v=1774856058960,storage/images/mut-rua-mat-bot-bien-amortal-cty-vat/01.jpg|storage/images/mut-rua-mat-bot-bien-amortal-cty-vat/02.jpg,2026-07-12T16:59:36+00:00
https://mtd-global.com/dung-dich-ve-sinh-vagisil-ultra-fresh-intimate-hong-cty-vat,dung-dich-ve-sinh-vagisil-ultra-fresh-intimate-hong-cty-vat,"DUNG DỊCH VỆ SINH VAGISIL ULTRA FRESH INTIMATE HỒNG ( CTY - VAT )",VAGISIL,011509003867,"Chăm sóc vùng kín",in_stock,220000,360000,VND,"Gel vệ sinh phụ nữ Vagisil Ultrafresh hồng 240ml Mô tả sản phẩm: Dung dịch vệ sinh Vagisil Ultra Fresh Daily Intimate Wash (màu hồng) là sản phẩm chăm sóc vùng kín nữ được phát triển bởi Vagisil , thương hiệu nổi tiếng từ Hoa Kỳ với các giải pháp vệ sinh phụ nữ an toàn và nhẹ dịu. Sản phẩm thiết kế dành riêng cho da vù",https://bizweb.dktcdn.net/100/660/831/products/ban-sao-cua-frame-sp-220.png?v=1778070899860|https://bizweb.dktcdn.net/100/660/831/products/4f1bc487-0dff-4b60-803d-a486a35c3f3f.jpg?v=1778070899860|https://bizweb.dktcdn.net/100/660/831/products/d18e029c-bfd3-40bf-8633-88a2a72ab2b1.jpg?v=1778070899860,storage/images/dung-dich-ve-sinh-vagisil-ultra-fresh-intimate-hong-cty-vat/01.png|storage/images/dung-dich-ve-sinh-vagisil-ultra-fresh-intimate-hong-cty-vat/02.jpg|storage/images/dung-dich-ve-sinh-vagisil-ultra-fresh-intimate-hong-cty-vat/03.jpg,2026-07-12T16:59:39+00:00
https://mtd-global.com/dung-dich-ve-sinh-vagisil-ph-balance-intimate-tim,dung-dich-ve-sinh-vagisil-ph-balance-intimate-tim,"DUNG DỊCH VỆ SINH VAGISIL PH BALANCE INTIMATE TÍM",VAGISIL,011509003782,"Chăm sóc vùng kín",out_of_stock,220000,390000,VND,"DDVS Vagisil pH Balance Daily Intimate Wash 240ml Mô tả sản phẩm: Dung dịch vệ sinh Vagisil pH Balance Daily Intimate Wash là sản phẩm chăm sóc vùng kín nữ giới dịu nhẹ, được thiết kế để làm sạch, cân bằng độ pH tự nhiên và giữ cho vùng da nhạy cảm luôn khô thoáng – dễ chịu – sạch sẽ mỗi ngày. Sản phẩm phù hợp dùng hàn",https://bizweb.dktcdn.net/100/660/831/products/ban-sao-cua-frame-sp-221.png?v=1778071032490|https://bizweb.dktcdn.net/100/660/831/products/916b31e4-2492-4e69-ad19-44c26dbac4cf.jpg?v=1778071032490|https://bizweb.dktcdn.net/100/660/831/products/31703f4b-e124-4757-a30b-0a58c1b5443e.jpg?v=1778071032490,storage/images/dung-dich-ve-sinh-vagisil-ph-balance-intimate-tim/01.png|storage/images/dung-dich-ve-sinh-vagisil-ph-balance-intimate-tim/02.jpg|storage/images/dung-dich-ve-sinh-vagisil-ph-balance-intimate-tim/03.jpg,2026-07-12T16:59:42+00:00
https://mtd-global.com/kem-chong-nang-cell-fusion-c-hong-ban-moi-cty-vat,kem-chong-nang-cell-fusion-c-hong-ban-moi-cty-vat,"Kem chống nắng nâng tone dành cho da hiệu CELL FUSION C/CELL FUSION C DARK SPOT TONING SUNSCREEN 50ML","CELL FUSHION C",8809694627249,"Chống nắng",in_stock,299000,399000,VND,"✨ KEM CHỐNG NẮNG CELL FUSION C HỒNG BẢN MỚI Kem chống nắng nâng tông signature màu hồng từ Cell Fusion C – thương hiệu dược mỹ phẩm Hàn Quốc được tin dùng tại nhiều phòng khám da liễu. Sản phẩm kết hợp giữa công nghệ chống nắng phổ rộng và hiệu ứng tone-up tinh tế , mang lại làn da trắng hồng rạng rỡ, đều màu ngay tức",https://bizweb.dktcdn.net/100/660/831/products/8.png?v=1777114156997|https://bizweb.dktcdn.net/100/660/831/products/e06823f6-baa6-414d-8114-ee31b95853cf.jpg?v=1777114156997|https://bizweb.dktcdn.net/100/660/831/products/f85cdb15-cfd2-469b-af78-c02d78dd1920.jpg?v=1777114156997|https://bizweb.dktcdn.net/100/660/831/products/1c779121-c204-4439-a167-eb0197992ce5.jpg?v=1777114156997,storage/images/kem-chong-nang-cell-fusion-c-hong-ban-moi-cty-vat/01.png|storage/images/kem-chong-nang-cell-fusion-c-hong-ban-moi-cty-vat/02.jpg|storage/images/kem-chong-nang-cell-fusion-c-hong-ban-moi-cty-vat/03.jpg|storage/images/kem-chong-nang-cell-fusion-c-hong-ban-moi-cty-vat/04.jpg,2026-07-12T16:59:46+00:00
https://mtd-global.com/tay-da-chet-moi-bubi-bubi-bubble-cty-vat,tay-da-chet-moi-bubi-bubi-bubble-cty-vat,"TẨY DA CHẾT MÔI BUBI BUBI BUBBLE ( CTY - VAT )",UNPA,8809539750651,TDC,in_stock,200000,250000,VND,"Tẩy da chết môi Bubi Bubi Bubble Lip Thông tin sản phẩm Thương hiệu: Unpa Nguồn gốc xuất xứ: Hàn Quốc Loại sản phẩm: Tẩy tế bào chết môi Mô tả sản phẩm Bubi Bubi Bubble Lip Scrub là sản phẩm tẩy tế bào chết môi nổi bật với công nghệ sủi bọt độc đáo , giúp làm sạch lớp da chết một cách nhẹ nhàng mà không gây tổn thương",https://bizweb.dktcdn.net/100/660/831/products/311.png?v=1777808680347|https://bizweb.dktcdn.net/100/660/831/products/tdc-moi-bubi-bubi-bubble-lip-6.png?v=1777808772723|https://bizweb.dktcdn.net/100/660/831/products/sg-11134207-824gf-mff7241t1yx6ed.webp?v=1777808772723|https://bizweb.dktcdn.net/100/660/831/products/tay-te-bao-chet-moi-bubi-bubi-lip-1.png?v=1777808772723|https://bizweb.dktcdn.net/100/660/831/products/bubi-bubi-lip-jpg-v-1565350648852.jpg?v=1777808772723,storage/images/tay-da-chet-moi-bubi-bubi-bubble-cty-vat/01.png|storage/images/tay-da-chet-moi-bubi-bubi-bubble-cty-vat/02.png|storage/images/tay-da-chet-moi-bubi-bubi-bubble-cty-vat/03.webp|storage/images/tay-da-chet-moi-bubi-bubi-bubble-cty-vat/04.png|storage/images/tay-da-chet-moi-bubi-bubi-bubble-cty-vat/05.jpg,2026-07-12T16:59:49+00:00
https://mtd-global.com/mat-na-duong-da-jmsolution-water-luminous-s-o-s-ampoule-collagen-mask-special,mat-na-duong-da-jmsolution-water-luminous-s-o-s-ampoule-collagen-mask-special,"Mặt nạ dưỡng da JMSOLUTION WATER LUMINOUS S.O.S AMPOULE COLLAGEN MASK SPECIAL",JMSOLUTION,8809696354938,"mặt nạ",out_of_stock,250000,350000,VND,"Thông tin sản phẩm Tên sản phẩm: JMSOLUTION Water Luminous S.O.S Ampoule Collagen Mask Special Thương hiệu: JMsolution Nguồn gốc xuất xứ: Hàn Quốc Dung tích: khoảng 25–30ml/miếng Mô tả sản phẩm Đây là dòng mặt nạ “S.O.S” chuyên cấp cứu nhanh cho làn da thiếu nước và kém sức sống. Sản phẩm chứa tinh chất ampoule đậm đặc",https://bizweb.dktcdn.net/100/660/831/products/266.png?v=1777381100480|https://bizweb.dktcdn.net/100/660/831/products/272fa11c-7dcd-4c38-aff1-a67f42ac1e62.jpg?v=1777381100480|https://bizweb.dktcdn.net/100/660/831/products/3-1f13df0f31b64a90befdfa302b856759.png?v=1777381100480,storage/images/mat-na-duong-da-jmsolution-water-luminous-s-o-s-ampoule-collagen-mask-special/01.png|storage/images/mat-na-duong-da-jmsolution-water-luminous-s-o-s-ampoule-collagen-mask-special/02.jpg|storage/images/mat-na-duong-da-jmsolution-water-luminous-s-o-s-ampoule-collagen-mask-special/03.png,2026-07-12T16:59:56+00:00
https://mtd-global.com/sua-rua-mat-relab,sua-rua-mat-relab,"SỮA RỬA MẶT RELAB",RELAB,8009136756616,"sữa rửa mặt",out_of_stock,170000,280000,VND,"Sữa rửa mặt Re:Lab CICA BUBBLE CLEANSING FOAM 120ml Thương hiệu: Relab – một thương hiệu mỹ phẩm chăm sóc da thuộc phân khúc dược mỹ phẩm, chú trọng vào các sản phẩm làm sạch và phục hồi da với chiết xuất dịu nhẹ. Xuất xứ: Hàn Quốc – sản phẩm được nghiên cứu và sản xuất theo tiêu chuẩn mỹ phẩm Hàn Quốc, phù hợp với nhi",https://bizweb.dktcdn.net/100/660/831/products/11-f1568b00-24b9-41a6-88e7-1d8665749a31.png?v=1777808909370|https://bizweb.dktcdn.net/100/660/831/products/vn-11134207-820l4-mhj8xsidbncz31.webp?v=1777808949520|https://bizweb.dktcdn.net/100/660/831/products/12-1.png?v=1777808973443|https://bizweb.dktcdn.net/100/660/831/products/4b32308b9cc104795d8f2ffcbed46d83.jpg?v=1777808996210,storage/images/sua-rua-mat-relab/01.png|storage/images/sua-rua-mat-relab/02.webp|storage/images/sua-rua-mat-relab/03.png|storage/images/sua-rua-mat-relab/04.jpg,2026-07-12T17:00:06+00:00
https://mtd-global.com/thuc-pham-bo-sung-nuoc-sakura-collagen,thuc-pham-bo-sung-nuoc-sakura-collagen,"THỰC PHẨM BỔ SUNG NƯỚC SAKURA COLLAGEN","SAKURA COLLAGEN",8994710890483,"THỰC PHẨM CHỨC NĂNG",in_stock,490000,500000,VND,"THỰC PHẨM BỔ SUNG NƯỚC SAKURA COLLAGEN THÔNG TIN SẢN PHẨM Tên sản phẩm: Nước uống Sakura Collagen (thực phẩm bổ sung collagen dạng nước) Dạng: Nước uống bổ sung collagen Xuất xứ: Nhật Bản Đối tượng sử dụng: Người trưởng thành có nhu cầu chăm sóc da, hỗ trợ chống lão hóa THÀNH PHẦN CHÍNH Sakura Collagen thường chứa các",https://bizweb.dktcdn.net/100/660/831/products/ban-sao-cua-frame-sp-264.png?v=1778159015717|https://bizweb.dktcdn.net/100/660/831/products/z7322243435276-671a92d00f3e0efeb3bb535255fca36c-1765611605519.jpg?v=1778159015717|https://bizweb.dktcdn.net/100/660/831/products/vn-11134207-7ras8-md31v5pmo1mn50-resize-w900-nl.webp?v=1778159014947,storage/images/thuc-pham-bo-sung-nuoc-sakura-collagen/01.png|storage/images/thuc-pham-bo-sung-nuoc-sakura-collagen/02.jpg|storage/images/thuc-pham-bo-sung-nuoc-sakura-collagen/03.webp,2026-07-12T17:00:09+00:00
https://mtd-global.com/kem-duong-trang-phuc-hoi-da-lomere-prime-truffle-cell-repair-brightening-50ml,kem-duong-trang-phuc-hoi-da-lomere-prime-truffle-cell-repair-brightening-50ml,"KEM DƯỠNG TRẮNG, PHỤC HỒI DA LOMERE PRIME TRUFFLE CELL REPAIR BRIGHTENING - 50ML",LOMERE,8800316291497,"kem dưỡng",in_stock,690000,790000,VND,"LOMERE Prime Truffle Cell Repair Brightening – 50ml 🌟 Mô tả sản phẩm Kem dưỡng LOMERE Prime Truffle Cell Repair Brightening là sản phẩm chăm sóc da đa tác động 3‑in‑1 , được phát triển để dưỡng trắng, phục hồi và cấp ẩm chuyên sâu . Với chiết xuất nấm Truffle đen quý hiếm , Vitamin B5 và Hyaluronic Acid, sản phẩm giúp",https://bizweb.dktcdn.net/100/660/831/products/108.png?v=1777125513427|https://bizweb.dktcdn.net/100/660/831/products/images-jpeg.jpg?v=1777125513427|https://bizweb.dktcdn.net/100/660/831/products/kem-dem-lomere1-1765447881217.jpg?v=1777125513427|https://bizweb.dktcdn.net/100/660/831/products/53770c1d-3c47-4e10-bbbb-18da83acb5ed.jpg?v=1777125513427|https://bizweb.dktcdn.net/100/660/831/products/fa07d603-335c-457f-965c-a3867894a200.jpg?v=1777125513427,storage/images/kem-duong-trang-phuc-hoi-da-lomere-prime-truffle-cell-repair-brightening-50ml/01.png|storage/images/kem-duong-trang-phuc-hoi-da-lomere-prime-truffle-cell-repair-brightening-50ml/02.jpg|storage/images/kem-duong-trang-phuc-hoi-da-lomere-prime-truffle-cell-repair-brightening-50ml/03.jpg|storage/images/kem-duong-trang-phuc-hoi-da-lomere-prime-truffle-cell-repair-brightening-50ml/04.jpg|storage/images/kem-duong-trang-phuc-hoi-da-lomere-prime-truffle-cell-repair-brightening-50ml/05.jpg,2026-07-12T17:00:14+00:00
https://mtd-global.com/serum-duong-trang-da-phuc-hoi-nam-cuc-lomere,serum-duong-trang-da-phuc-hoi-nam-cuc-lomere,"Serum dưỡng da LOMERE PRIME TRUFFLE BRIGHTENING SERUM 50ml",LOMERE,8809504743725,"tinh chất",in_stock,790000,900000,VND,"Mô tả Serum Dưỡng Trắng & Phục Hồi Da Chiết Xuất Nấm Cục – Tinh chất dưỡng trắng da LOMERE Prime Truffle Cell Repair Brightening Serum 50ml Thông tin sản phẩm Loại sản phẩm: Serum dưỡng da chuyên sâu Công dụng: Dưỡng trắng, làm mờ thâm nám, phục hồi da, cấp ẩm Dạng: Tinh chất lỏng nhẹ Thương hiệu: Lomere Nguồn gốc xuất",https://bizweb.dktcdn.net/100/660/831/products/135.png?v=1777125462777|https://bizweb.dktcdn.net/100/660/831/products/fdc9f69b-2bc1-4f13-8a81-e2951d901a5f.jpg?v=1777125462777|https://bizweb.dktcdn.net/100/660/831/products/e89ae011-dbde-4a8d-a6e6-a6416388e7c9.jpg?v=1777125462777|https://bizweb.dktcdn.net/100/660/831/products/71e18054-7c90-430f-81f3-360d1180581a.jpg?v=1777125462777|https://bizweb.dktcdn.net/100/660/831/products/8e484a94-8e78-4ed2-be9f-f9e87fccca80.jpg?v=1777125462777,storage/images/serum-duong-trang-da-phuc-hoi-nam-cuc-lomere/01.png|storage/images/serum-duong-trang-da-phuc-hoi-nam-cuc-lomere/02.jpg|storage/images/serum-duong-trang-da-phuc-hoi-nam-cuc-lomere/03.jpg|storage/images/serum-duong-trang-da-phuc-hoi-nam-cuc-lomere/04.jpg|storage/images/serum-duong-trang-da-phuc-hoi-nam-cuc-lomere/05.jpg,2026-07-12T17:00:18+00:00
https://mtd-global.com/kem-duong-nang-tong-lomere-dual-cover-brightening-tone-up-cream-50ml,kem-duong-nang-tong-lomere-dual-cover-brightening-tone-up-cream-50ml,"KEM DƯỠNG NÂNG TÔNG LOMERE DUAL COVER BRIGHTENING TONE UP CREAM - 50ML",LOMERE,8809971480949,"kem dưỡng",in_stock,480000,690000,VND,"☀️ Kem ngày Lomere nâng tone kết hợp chống nắng – dưỡng sáng & bảo vệ da toàn diện Đây là dòng kem ngày của Lomere tích hợp 3 trong 1: dưỡng – nâng tone – chống nắng , giúp da vừa được bảo vệ trước tia UV vừa có hiệu ứng sáng mịn . 💧 Công nghệ & thành phần nổi bật: Hệ chống nắng phổ rộng SPF50+ PA++++ → Bảo vệ da trướ",https://bizweb.dktcdn.net/100/660/831/products/109.png?v=1777125483523|https://bizweb.dktcdn.net/100/660/831/products/0fac5511-b836-40a1-a805-3d34d4906f41.jpg?v=1777125483523|https://bizweb.dktcdn.net/100/660/831/products/d9a17371-105f-4c25-986b-c58469b76ab0.jpg?v=1777125483523|https://bizweb.dktcdn.net/100/660/831/products/fd92b025-7e7d-454b-9c5b-a0c9a880cdff.jpg?v=1777125483523,storage/images/kem-duong-nang-tong-lomere-dual-cover-brightening-tone-up-cream-50ml/01.png|storage/images/kem-duong-nang-tong-lomere-dual-cover-brightening-tone-up-cream-50ml/02.jpg|storage/images/kem-duong-nang-tong-lomere-dual-cover-brightening-tone-up-cream-50ml/03.jpg|storage/images/kem-duong-nang-tong-lomere-dual-cover-brightening-tone-up-cream-50ml/04.jpg,2026-07-12T17:00:22+00:00
https://mtd-global.com/kem-vi-gai-retinol-rx-tre-hoa-cang-bong-da-cty-vat,kem-vi-gai-retinol-rx-tre-hoa-cang-bong-da-cty-vat,"KEM VI GAI RETINOL RX TRẺ HOÁ - CĂNG BÓNG DA (CTY - VAT )",ANODIN,8809496206444,"kem dưỡng",in_stock,399000,560000,VND,"Kem vi gai chăm sóc da chuyên sâu Kem vi gai Retinol RX Micro Spicule Anodin 15ml Mô tả sản phẩm – Chuyên nghiệp chuẩn thương hiệu Kem vi gai Retinol RX Micro Spicule Anodin là sản phẩm chăm sóc da thế hệ mới đến từ Anodin (Hàn Quốc), ứng dụng công nghệ vi gai siêu tinh khiết (micro spicule) kết hợp với các hoạt chất ư",https://bizweb.dktcdn.net/100/660/831/products/158.png?v=1777125124633|https://bizweb.dktcdn.net/100/660/831/products/6a9db89e-aa15-4d91-886c-18a343279002.jpg?v=1777125124633|https://bizweb.dktcdn.net/100/660/831/products/1287c1ad-bd41-49bc-908a-b83ecdc3ec8a.jpg?v=1777125124633|https://bizweb.dktcdn.net/100/660/831/products/2bfc0ec4-ade5-42e3-b302-c744de5fbd94.jpg?v=1777125124633|https://bizweb.dktcdn.net/100/660/831/products/23e9d087-e2fa-47a4-bd92-b01fb977024f.jpg?v=1777125124633,storage/images/kem-vi-gai-retinol-rx-tre-hoa-cang-bong-da-cty-vat/01.png|storage/images/kem-vi-gai-retinol-rx-tre-hoa-cang-bong-da-cty-vat/02.jpg|storage/images/kem-vi-gai-retinol-rx-tre-hoa-cang-bong-da-cty-vat/03.jpg|storage/images/kem-vi-gai-retinol-rx-tre-hoa-cang-bong-da-cty-vat/04.jpg|storage/images/kem-vi-gai-retinol-rx-tre-hoa-cang-bong-da-cty-vat/05.jpg,2026-07-12T17:00:25+00:00
https://mtd-global.com/serum-duong-trang-cai-thien-sac-to-da-tang-anodin-goldnexamictm-10x-cty-vat,serum-duong-trang-cai-thien-sac-to-da-tang-anodin-goldnexamictm-10x-cty-vat,"SERUM DƯỠNG TRẮNG CẢI THIỆN SẮC TỐ ĐA TẦNG ANODIN GOLDNEXAMICTM 10X ( CTY - VAT )",ANODIN,8809331318769,"tinh chất",out_of_stock,620000,720000,VND,"Serum dưỡng trắng, cải thiện sắc tố đa tầng Tinh Chất Serum Goldnexamic 10X Anodin 30ml Thông tin sản phẩm Loại sản phẩm: Serum dưỡng sáng & cải thiện sắc tố da Công dụng chính: dưỡng trắng, làm đều màu da, giảm thâm nám – tàn nhang Dung tích: 30 ml Nguồn gốc xuất xứ: Hàn Quốc Thương hiệu: Anodin Mô tả sản phẩm Serum G",https://bizweb.dktcdn.net/100/660/831/products/137.png?v=1777124773617|https://bizweb.dktcdn.net/100/660/831/products/b363a79e-0dd1-418c-98df-5ca585853e9f.jpg?v=1777124773617|https://bizweb.dktcdn.net/100/660/831/products/e1af4e9e-2c08-4352-a708-18047e351aa8.jpg?v=1777124773617,storage/images/serum-duong-trang-cai-thien-sac-to-da-tang-anodin-goldnexamictm-10x-cty-vat/01.png|storage/images/serum-duong-trang-cai-thien-sac-to-da-tang-anodin-goldnexamictm-10x-cty-vat/02.jpg|storage/images/serum-duong-trang-cai-thien-sac-to-da-tang-anodin-goldnexamictm-10x-cty-vat/03.jpg,2026-07-12T17:00:29+00:00
https://mtd-global.com/kem-duong-trang-cai-thien-sac-to-da-tang-anodin-goldnexamictm-10x-cty-vat,kem-duong-trang-cai-thien-sac-to-da-tang-anodin-goldnexamictm-10x-cty-vat,"KEM DƯỠNG TRẮNG CẢI THIỆN SẮC TỐ ĐA TẦNG ANODIN GOLDNEXAMICTM 10X ( CTY - VAT )",ANODIN,8809954942815,"kem dưỡng",in_stock,690000,800000,VND,"Kem dưỡng Anodin GOLDNEXAMIC™ 10X Cream Mô tả sản phẩm : Kem dưỡng sáng, cải thiện sắc tố da đa tầng GOLDNEXAMIC 10X là kem dưỡng da cao cấp từ thương hiệu ANODIN (Hàn Quốc) , được phát triển với công thức GOLDNEXAMIC™ 10X độc quyền nhằm dưỡng trắng, cải thiện sắc tố da đa tầng và tái tạo làn da toàn diện . Đây là lựa",https://bizweb.dktcdn.net/100/660/831/products/122.png?v=1777455272737|https://bizweb.dktcdn.net/100/660/831/products/d2dfaddf-b7cd-4343-8a64-fe26c941b60c.jpg?v=1777455272737|https://bizweb.dktcdn.net/100/660/831/products/1eb71a69-f27d-469d-b85e-4b5725d3530a.jpg?v=1777455272737|https://bizweb.dktcdn.net/100/660/831/products/9b2d2752-deb8-4211-a65f-496b5fbcec95.jpg?v=1777455272737|https://bizweb.dktcdn.net/100/660/831/products/4b994017-3b08-4d93-a427-cc3ccc8066b9.jpg?v=1777455272737,storage/images/kem-duong-trang-cai-thien-sac-to-da-tang-anodin-goldnexamictm-10x-cty-vat/01.png|storage/images/kem-duong-trang-cai-thien-sac-to-da-tang-anodin-goldnexamictm-10x-cty-vat/02.jpg|storage/images/kem-duong-trang-cai-thien-sac-to-da-tang-anodin-goldnexamictm-10x-cty-vat/03.jpg|storage/images/kem-duong-trang-cai-thien-sac-to-da-tang-anodin-goldnexamictm-10x-cty-vat/04.jpg|storage/images/kem-duong-trang-cai-thien-sac-to-da-tang-anodin-goldnexamictm-10x-cty-vat/05.jpg,2026-07-12T17:00:33+00:00
https://mtd-global.com/nuoc-suc-mieng-marvis-huong-bac-ha-va-hoa-nhai-cty-vat,nuoc-suc-mieng-marvis-huong-bac-ha-va-hoa-nhai-cty-vat,"NƯỚC SÚC MIỆNG MARVIS HƯƠNG BẠC HÀ VÀ HOA NHÀI ( CTY - VAT )",MARVIS,8004395113538,"Chăm sóc răng miệng",in_stock,280000,370000,VND,"NƯỚC SÚC MIỆNG MARVIS JASMIN MINT Hương Bạc Hà & Hoa Nhài Thương hiệu: Marvis Xuất xứ thương hiệu: Ý (Italy) Phân khúc: Chăm sóc răng miệng cao cấp Marvis là thương hiệu chăm sóc răng miệng nổi tiếng của Ý, được biết đến với thiết kế cổ điển sang trọng và các hương vị nước súc miệng độc đáo, mang lại trải nghiệm khác b",https://bizweb.dktcdn.net/100/660/831/products/713a370b-0485-4672-825b-4de85d26a6b3.jpg?v=1774338055727,storage/images/nuoc-suc-mieng-marvis-huong-bac-ha-va-hoa-nhai-cty-vat/01.jpg,2026-07-12T17:00:38+00:00
https://mtd-global.com/mat-na-phuc-hoi-da-ca-hoi-jm-solution-hop-5-mieng,mat-na-phuc-hoi-da-ca-hoi-jm-solution-hop-5-mieng,"MẶT NẠ PHỤC HỒI DA CÁ HỒI JM SOLUTION HỘP 5 MIẾNG",JMSOLUTION,8809852541134,"mặt nạ",in_stock,150000,300000,VND,"Thông tin sản phẩm Tên sản phẩm: JMsolution Water Luminous Salmon Repair Mask Thương hiệu: JMsolution Nguồn gốc xuất xứ: Hàn Quốc Quy cách: Hộp 5 miếng Mô tả sản phẩm Đây là dòng mặt nạ cá hồi nổi bật của JMsolution, chuyên phục hồi và tái tạo làn da nhờ công nghệ chiết xuất PDRN từ cá hồi – một thành phần đang được ưa",https://bizweb.dktcdn.net/100/660/831/products/268.png?v=1777381329053|https://bizweb.dktcdn.net/100/660/831/products/and9gcqqejrdcfm9jss3g6w-pxjvyhhwh-mn5yveha-s.jpg?v=1777381329053,storage/images/mat-na-phuc-hoi-da-ca-hoi-jm-solution-hop-5-mieng/01.png|storage/images/mat-na-phuc-hoi-da-ca-hoi-jm-solution-hop-5-mieng/02.jpg,2026-07-12T17:00:41+00:00
https://mtd-global.com/kem-danh-rang-marvis-dream-osmanthus-xanh-duong,kem-danh-rang-marvis-dream-osmanthus-xanh-duong,"KEM ĐÁNH RĂNG MARVIS DREAM OSMANTHUS ( XANH DƯƠNG )",MARVIS,8004395112821,"Chăm sóc răng miệng",out_of_stock,159000,300000,VND,"Mô tả sản phẩm Kem đánh răng Marvis Dreamy Osmanthus thuộc dòng cao cấp từ thương hiệu Marvis (Italy), nổi tiếng với các hương vị độc đáo và trải nghiệm đánh răng sang trọng. Sản phẩm 75ml mang hương hoa Mộc Tê (Osmanthus) thanh tao hòa quyện cùng bạc hà tươi mát , giúp bạn có cảm giác sạch sẽ và thơm mát lâu dài sau m",https://bizweb.dktcdn.net/100/660/831/products/034c21c6-0c74-4ff0-bda1-17af3cb52407.jpg?v=1775114920737,storage/images/kem-danh-rang-marvis-dream-osmanthus-xanh-duong/01.jpg,2026-07-12T17:00:44+00:00
https://mtd-global.com/kem-tay-long-whisis-huong-hoa-hong-cty-vat,kem-tay-long-whisis-huong-hoa-hong-cty-vat,"KEM TẨY LÔNG WHISIS HƯƠNG HOA HỒNG ( CTY - VAT )",WHISIS,8809803051606,body,out_of_stock,250000,350000,VND,"Mô tả sản phẩm: Kem tẩy lông WHISIS hương hoa hồng là giải pháp loại bỏ lông nhanh chóng, an toàn và không đau rát. Sản phẩm giúp làm mềm nang lông, hỗ trợ loại bỏ lông chỉ trong vài phút, đồng thời dưỡng ẩm giúp da mềm mịn và không bị khô sau khi sử dụng. Thành phần nổi bật: Chiết xuất hoa hồng : Làm dịu da, mang lại",https://bizweb.dktcdn.net/100/660/831/products/ban-sao-cua-frame-sp-224.png?v=1778072099483|https://bizweb.dktcdn.net/100/660/831/products/c7c81043-cbe9-4276-a5c7-ee08e7458597.jpg?v=1778072099483|https://bizweb.dktcdn.net/100/660/831/products/6a6edf9c-267a-4515-8d4b-f49aa9596859.jpg?v=1778072099483,storage/images/kem-tay-long-whisis-huong-hoa-hong-cty-vat/01.png|storage/images/kem-tay-long-whisis-huong-hoa-hong-cty-vat/02.jpg|storage/images/kem-tay-long-whisis-huong-hoa-hong-cty-vat/03.jpg,2026-07-12T17:00:46+00:00
https://mtd-global.com/xit-chong-nang-wellderma-cooling-sun-play,xit-chong-nang-wellderma-cooling-sun-play,"XỊT CHỐNG NẮNG WELLDERMA COOLING SUN PLAY",WELLDERMA,8809502181475,body,out_of_stock,150000,,VND,"Mô tả sản phẩm: Xịt chống nắng Wellderma Cooling Sun Spray là dòng chống nắng dạng xịt tiện lợi đến từ Hàn Quốc, giúp bảo vệ da khỏi tác hại của tia UV đồng thời mang lại cảm giác mát lạnh, sảng khoái ngay khi sử dụng . Thiết kế dạng phun sương siêu mịn giúp phủ đều trên da mà không cần chạm tay. Thành phần & công nghệ",https://bizweb.dktcdn.net/100/660/831/products/271-0a3fa41b-7744-42a0-a6ab-0ea5114025bc.png?v=1777809141067|https://bizweb.dktcdn.net/100/660/831/products/lcqtqp0k-kb326oancrqqvvuwpdcswoc-poj8txghrg-ftlmg0i4fdayweyoekr8w1xg1eumerq1oi3rebffl-fvf5hvmbuoxmnfr-bupe9qtqmj3klc04jiqx1uekj93l75kd6xhz9qsjrv7yonlmxalwfizhlixy-jhdhhcu.jpg?v=1777809143583,storage/images/xit-chong-nang-wellderma-cooling-sun-play/01.png|storage/images/xit-chong-nang-wellderma-cooling-sun-play/02.jpg,2026-07-12T17:00:49+00:00
https://mtd-global.com/tay-trang-bioderma-xanh-500ml-cty-vat,tay-trang-bioderma-xanh-500ml-cty-vat,"Bioderma - Sebium H20 500ml",BIODERMA,3701129812013,"Tẩy trang",out_of_stock,470000,600000,VND,"Nước Tẩy Trang Bioderma Sensibio H2O 500ml – Tẩy Trang & Làm Sạch Sâu (CTY – VAT) Mô tả sản phẩm: Nước tẩy trang Bioderma Sensibio H2O 500ml là dung dịch tẩy trang micellar nổi tiếng từ Pháp , được phát triển theo nguyên tắc sinh học để làm sạch sâu, loại bỏ bụi bẩn, dầu thừa và lớp trang điểm mà vẫn giữ nguyên sự cân",https://bizweb.dktcdn.net/100/660/831/products/88.png?v=1777127509683|https://bizweb.dktcdn.net/100/660/831/products/24d89d5f-80f8-47ad-b5c3-e2432970a940.jpg?v=1777127509683,storage/images/tay-trang-bioderma-xanh-500ml-cty-vat/01.png|storage/images/tay-trang-bioderma-xanh-500ml-cty-vat/02.jpg,2026-07-12T17:00:52+00:00
https://mtd-global.com/3401345935571-bioderma-sensibio-h20-500ml-dung-dich-lam-sach-va-tay-trang-micellar-cho-da-thuong-va-da-nhay-cam,3401345935571-bioderma-sensibio-h20-500ml-dung-dich-lam-sach-va-tay-trang-micellar-cho-da-thuong-va-da-nhay-cam,"3401345935571-Bioderma - Sensibio H20 500ml-Dung dịch làm sạch và tẩy trang Micellar cho da thường và da nhạy cảm",BIODERMA,3701129812105,"tẩy trang",out_of_stock,470000,,VND,"Nước Tẩy Trang Bioderma Sensibio H2O (Hồng) 500ml Mô tả sản phẩm: Nước tẩy trang Bioderma Sensibio H2O (hồng) 500ml là dung dịch tẩy trang micellar nổi tiếng từ Pháp, được phát triển đặc biệt dành cho da nhạy cảm và da dễ kích ứng. Công thức chứa các hạt micelle giúp làm sạch sâu bụi bẩn, dầu thừa và lớp trang điểm mà",https://bizweb.dktcdn.net/100/660/831/products/89.png?v=1777127521957|https://bizweb.dktcdn.net/100/660/831/products/75efb8e2-ec54-47de-b8e4-b8b01bcc102e.jpg?v=1777127521957,storage/images/3401345935571-bioderma-sensibio-h20-500ml-dung-dich-lam-sach-va-tay-trang-micellar-cho-da-thuong-va-da-nhay-cam/01.png|storage/images/3401345935571-bioderma-sensibio-h20-500ml-dung-dich-lam-sach-va-tay-trang-micellar-cho-da-thuong-va-da-nhay-cam/02.jpg,2026-07-12T17:00:55+00:00
https://mtd-global.com/dove-tay-te-bao-chet-duong-am-toan-than-huong-hoa-anh-dao-298g,dove-tay-te-bao-chet-duong-am-toan-than-huong-hoa-anh-dao-298g,"Dove Tẩy Tế Bào Chết Dưỡng Ẩm Toàn Thân",DOVE,8934868200307,TDC,in_stock,260000,360000,VND,"Mô tả Dove Tẩy Tế Bào Chết Dưỡng Ẩm Toàn Thân Hương Hoa Anh Đào 298g Thông tin sản phẩm Thương hiệu: Dove Xuất xứ: Mỹ Loại sản phẩm: Tẩy tế bào chết toàn thân Hương: Hoa anh đào (Cherry Blossom) Loại da phù hợp: Mọi loại da, đặc biệt da khô, da thiếu ẩm Mô tả sản phẩm Dove Tẩy Tế Bào Chết Dưỡng Ẩm Toàn Thân Hương Hoa A",https://bizweb.dktcdn.net/100/660/831/products/ban-sao-cua-frame-sp-223.png?v=1778072059057|https://bizweb.dktcdn.net/100/660/831/products/c9172e02-0a3b-4b19-bbcb-0f76df77fbfe.jpg?v=1778072059057,storage/images/dove-tay-te-bao-chet-duong-am-toan-than-huong-hoa-anh-dao-298g/01.png|storage/images/dove-tay-te-bao-chet-duong-am-toan-than-huong-hoa-anh-dao-298g/02.jpg,2026-07-12T17:00:58+00:00
https://mtd-global.com/dove-tay-te-bao-chet-duong-am-toan-than-huong-luu-do-298g,dove-tay-te-bao-chet-duong-am-toan-than-huong-luu-do-298g,"Dove Tẩy Tế Bào Chết Dưỡng Ẩm Toàn Thân Hương Lựu Đỏ 298g",DOVE,69020883254549,TDC,out_of_stock,260000,360000,VND,"Mô tả Dove Tẩy Tế Bào Chết Dưỡng Ẩm Toàn Thân Hương Lựu Đỏ Thông tin sản phẩm Thương hiệu: Dove Xuất xứ: Mỹ Loại sản phẩm: Tẩy tế bào chết toàn thân Dung tích: ~298g Hương: Lựu đỎ Mô tả sản phẩm Dove Tẩy Tế Bào Chết Dưỡng Ẩm Toàn Thân Hương Lựu Đỏ là sản phẩm chăm sóc da body giúp loại bỏ tế bào chết nhẹ nhàng kết hợp",https://bizweb.dktcdn.net/100/660/831/products/ban-sao-cua-frame-sp-222.png?v=1778072007483|https://bizweb.dktcdn.net/100/660/831/products/f091cb13-6e46-4900-b42a-2f621aa12585.jpg?v=1778072007483,storage/images/dove-tay-te-bao-chet-duong-am-toan-than-huong-luu-do-298g/01.png|storage/images/dove-tay-te-bao-chet-duong-am-toan-than-huong-luu-do-298g/02.jpg,2026-07-12T17:01:00+00:00
https://mtd-global.com/bong-tay-trang-habaria-120-mieng-cty-vat,bong-tay-trang-habaria-120-mieng-cty-vat,"BÔNG TẨY TRANG HABARIA 120 MIẾNG ( CTY - VAT )",HABARIA,6970048646352,bông,in_stock,50000,,VND,"Giới thiệu sản phẩm Habaria Bông Tẩy Trang 120 Miếng là bông tẩy trang cao cấp đa năng , thiết kế 2 mặt tiện dụng giúp việc tẩy trang, lau toner và các bước skincare trở nên dễ dàng và hiệu quả. Sản phẩm phù hợp sử dụng hàng ngày với mọi loại da, kể cả da nhạy cảm. Thương hiệu: Habaria Xuất xứ: Việt Nam Sản phẩm chăm s",https://bizweb.dktcdn.net/100/660/831/products/906e3d50-597b-4cb3-9c8c-1ca4128e5015.jpg?v=1774338038460,storage/images/bong-tay-trang-habaria-120-mieng-cty-vat/01.jpg,2026-07-12T17:01:03+00:00
https://mtd-global.com/kem-duong-nang-tone-p02-tone-up-cream-cty-vat,kem-duong-nang-tone-p02-tone-up-cream-cty-vat,"PO2 REAL FRESH WHITENING TONE UP CREAM",ORÔCHE,8809734900097,"kem dưỡng",in_stock,650000,850000,VND,"Kem Dưỡng Trắng Nâng Tone & Bảo Vệ Da – P02 Tone Up Cream Mô tả sản phẩm Kem P02 Tone Up Cream là kem dưỡng da cao cấp đến từ Hàn Quốc với công thức tone‑up cream giúp dưỡng trắng da, nâng tông tự nhiên và chăm sóc da toàn diện chỉ trong một bước. Sản phẩm tích hợp nhiều chức năng trong một: cấp ẩm, làm sáng da, tăng đ",https://bizweb.dktcdn.net/100/660/831/products/312.png?v=1777811441040|https://bizweb.dktcdn.net/100/660/831/products/8d2f1626-d39e-4f4c-b5d6-f4e1c4c621e4.jpg?v=1777811441040|https://bizweb.dktcdn.net/100/660/831/products/10279-po2-tone-up-cream6.jpg?v=1777811441040|https://bizweb.dktcdn.net/100/660/831/products/10279-po2-tone-up-cream5.jpg?v=1777811441040,storage/images/kem-duong-nang-tone-p02-tone-up-cream-cty-vat/01.png|storage/images/kem-duong-nang-tone-p02-tone-up-cream-cty-vat/02.jpg|storage/images/kem-duong-nang-tone-p02-tone-up-cream-cty-vat/03.jpg|storage/images/kem-duong-nang-tone-p02-tone-up-cream-cty-vat/04.jpg,2026-07-12T17:01:05+00:00
https://mtd-global.com/kem-chong-nang-vat-ly-make-prem-kiem-dau-xanh-cty-vat,kem-chong-nang-vat-ly-make-prem-kiem-dau-xanh-cty-vat,"KEM CHỐNG NẮNG VẬT LÝ MAKE PREM KIỀM DẦU XANH (CTY - VAT)","MAKE P:REM",8809495683338,"chống nắng",out_of_stock,380000,480000,VND,"✨ KEM CHỐNG NẮNG VẬT LÝ MAKE PREM KIỀM DẦU XANH Kem chống nắng xanh lá cây của Make P:rem là dòng mineral sunscreen chuyên kiềm dầu , được thiết kế cho da dầu – da mụn – da nhạy cảm. Sản phẩm kết hợp màng lọc vật lý an toàn với hệ thành phần kiểm soát bã nhờn và làm dịu da , mang lại lớp finish khô ráo, thoáng nhẹ. CÔN",https://bizweb.dktcdn.net/100/660/831/products/176-8bede8b8-fe79-4e5b-83dc-a9673efbf808.png?v=1777811526690|https://bizweb.dktcdn.net/100/660/831/products/4ade4325-5a13-464d-9055-68f1407654d7.jpg?v=1777811536250|https://bizweb.dktcdn.net/100/660/831/products/vn-11134207-7r98o-lwtq6f3ivd23a5.jpg?v=1777811547963|https://bizweb.dktcdn.net/100/660/831/products/kem-chong-nang-make-p-rem-vat-ly-kiem-dau-50ml.jpg?v=1777811612700,storage/images/kem-chong-nang-vat-ly-make-prem-kiem-dau-xanh-cty-vat/01.png|storage/images/kem-chong-nang-vat-ly-make-prem-kiem-dau-xanh-cty-vat/02.jpg|storage/images/kem-chong-nang-vat-ly-make-prem-kiem-dau-xanh-cty-vat/03.jpg|storage/images/kem-chong-nang-vat-ly-make-prem-kiem-dau-xanh-cty-vat/04.jpg,2026-07-12T17:01:09+00:00
https://mtd-global.com/pure-soft-feminine-wash-senademar-ddvs-300ml,pure-soft-feminine-wash-senademar-ddvs-300ml,"PURE & SOFT FEMININE WASH SENADEMAR (DDVS 300ML)","SENA DEMAR",8809136717545,"Chăm sóc vùng kín",in_stock,180000,280000,VND,"Dung Dịch Vệ Sinh Pure & Soft Feminine Wash Senademar 300ml Thương hiệu: Senademar | Xuất xứ: HÀN QUỐC Mô tả sản phẩm Dung dịch vệ sinh Pure & Soft Feminine Wash Senademar là sản phẩm chăm sóc vùng kín dịu nhẹ, giúp làm sạch, cân bằng độ pH tự nhiên và bảo vệ vùng da nhạy cảm mỗi ngày. Công thức được thiết kế an toàn,",https://bizweb.dktcdn.net/100/660/831/products/ban-sao-cua-frame-sp-225.png?v=1778072377977|https://bizweb.dktcdn.net/100/660/831/products/vn-11134207-7ras8-mauqjbum95e4e2.jpg?v=1778072379040|https://bizweb.dktcdn.net/100/660/831/products/40df7574-79cf-49c7-946c-4a3e7b59a27f.jpg?v=1778072379040|https://bizweb.dktcdn.net/100/660/831/products/4b44eeb2-165c-40d7-b864-07487d6298cb.jpg?v=1778072379040|https://bizweb.dktcdn.net/100/660/831/products/5f4c0052-3c20-457d-be9f-a11c3263ff39.jpg?v=1778072379040,storage/images/pure-soft-feminine-wash-senademar-ddvs-300ml/01.png|storage/images/pure-soft-feminine-wash-senademar-ddvs-300ml/02.jpg|storage/images/pure-soft-feminine-wash-senademar-ddvs-300ml/03.jpg|storage/images/pure-soft-feminine-wash-senademar-ddvs-300ml/04.jpg|storage/images/pure-soft-feminine-wash-senademar-ddvs-300ml/05.jpg,2026-07-12T17:01:16+00:00
https://mtd-global.com/serum-glutathione-niacinamide-700v-ampoule-angel-s-liquid-moi,serum-glutathione-niacinamide-700v-ampoule-angel-s-liquid-moi,"Serum dưỡng trắng Angels Liquid Glutathione + Niacinamide","ANGEL'S LIQUID",8809418753766,"tinh chất",in_stock,390000,490000,VND,"Thông tin sản phẩm Thương hiệu: Angel’s Liquid Nguồn gốc xuất xứ: Hàn Quốc Loại sản phẩm: Serum / Ampoule dưỡng da Mô tả sản phẩm Angel’s Liquid Glutathione + Niacinamide 700V Ampoule là serum dưỡng sáng da thế hệ mới kết hợp giữa Glutathione hàm lượng cao (700 mg) và Niacinamide 5 % , cùng nhiều hoạt chất chống oxy hó",https://bizweb.dktcdn.net/100/660/831/products/136.png?v=1777124834680|https://bizweb.dktcdn.net/100/660/831/products/3d3e4a3c-50ab-4074-a0e4-da62f1b0df82.jpg?v=1777124837013|https://bizweb.dktcdn.net/100/660/831/products/a4e2b3d5-7661-4565-b6f5-f76b9a3252ca.jpg?v=1777124837013,storage/images/serum-glutathione-niacinamide-700v-ampoule-angel-s-liquid-moi/01.png|storage/images/serum-glutathione-niacinamide-700v-ampoule-angel-s-liquid-moi/02.jpg|storage/images/serum-glutathione-niacinamide-700v-ampoule-angel-s-liquid-moi/03.jpg,2026-07-12T17:01:20+00:00
https://mtd-global.com/kem-b5-duong-trang-phuc-hoi-da-toan-than-jary-premium-b5-whitening-body-lotion-200ml,kem-b5-duong-trang-phuc-hoi-da-toan-than-jary-premium-b5-whitening-body-lotion-200ml,"KEM B5 DƯỠNG TRẮNG PHỤC HỒI DA TOÀN THÂN JARY PREMIUM B5 WHITENING BODY LOTION 200ML",JARY,8809624509188,Body,in_stock,250000,370000,VND,"JARY Premium B5 Whitening Body Lotion 200ml Mô tả sản phẩm JARY Premium B5 Whitening Body Lotion là dòng kem dưỡng thể cao cấp ứng dụng công thức Vitamin B5 phục hồi kết hợp dưỡng trắng đa tầng , giúp nuôi dưỡng làn da cơ thể trắng sáng – mềm mịn – khỏe mạnh từ bên trong . Sản phẩm được phát triển với hệ dưỡng ẩm chuyê",https://bizweb.dktcdn.net/100/660/831/products/32.png?v=1777127770697|https://bizweb.dktcdn.net/100/660/831/products/8454cf41-64e8-49c9-b61e-662bc44fbb27.jpg?v=1777127770697|https://bizweb.dktcdn.net/100/660/831/products/614340f4-8707-41f8-bd08-68a991dfc09a.jpg?v=1777127770697|https://bizweb.dktcdn.net/100/660/831/products/02a68d43-3063-4819-9ec4-f2b67f9b9848.jpg?v=1777127770697|https://bizweb.dktcdn.net/100/660/831/products/e30682c9-fa14-41e0-9ddf-74e77db6db60.jpg?v=1777127770697,storage/images/kem-b5-duong-trang-phuc-hoi-da-toan-than-jary-premium-b5-whitening-body-lotion-200ml/01.png|storage/images/kem-b5-duong-trang-phuc-hoi-da-toan-than-jary-premium-b5-whitening-body-lotion-200ml/02.jpg|storage/images/kem-b5-duong-trang-phuc-hoi-da-toan-than-jary-premium-b5-whitening-body-lotion-200ml/03.jpg|storage/images/kem-b5-duong-trang-phuc-hoi-da-toan-than-jary-premium-b5-whitening-body-lotion-200ml/04.jpg|storage/images/kem-b5-duong-trang-phuc-hoi-da-toan-than-jary-premium-b5-whitening-body-lotion-200ml/05.jpg,2026-07-12T17:01:23+00:00
https://mtd-global.com/vien-uong-vitamin-c-1000-korea-eundan-cty-vat,vien-uong-vitamin-c-1000-korea-eundan-cty-vat,"Thực phẩm bảo vệ sức khỏe Korea Eundan Vitamin C 1000, 10 viên/vỉ, 12 vỉ/hộp, dùng để hỗ trợ chống oxy hóa","Phương Trần Cosmetics",8806012302161,"THỰC PHẨM",in_stock,320000,,VND,,https://bizweb.dktcdn.net/100/660/831/products/cb033618-3a74-4cbd-a908-fe0aced99601.jpg?v=1775014967147|https://bizweb.dktcdn.net/100/660/831/products/cace072e-827a-4627-8eec-154411888882.jpg?v=1775014967220|https://bizweb.dktcdn.net/100/660/831/products/f266816b-4120-45e9-a7ea-0f329c19aebc.jpg?v=1775014967220|https://bizweb.dktcdn.net/100/660/831/products/42254fa5-6a15-4777-b9a8-57d50c873bde.jpg?v=1775014967147,storage/images/vien-uong-vitamin-c-1000-korea-eundan-cty-vat/01.jpg|storage/images/vien-uong-vitamin-c-1000-korea-eundan-cty-vat/02.jpg|storage/images/vien-uong-vitamin-c-1000-korea-eundan-cty-vat/03.jpg|storage/images/vien-uong-vitamin-c-1000-korea-eundan-cty-vat/04.jpg,2026-07-12T17:01:26+00:00
https://mtd-global.com/cap-goi-xa-gung-detox-weilaiya-cty-vat,cap-goi-xa-gung-detox-weilaiya-cty-vat,"Dầu gội gừng Weilaiya 400ml (WEILAIYA GINGER SHAMPOO)",WEILAIYA,6971025880370,"Dầu gội - Sữa tắm",in_stock,260000,,VND,"Bộ Bộ gội xả gừng Detox Weilaiya – Gừng Detox Làm Sạch & Nuôi Dưỡng Tóc Khỏe Mô tả sản phẩm: Bộ gội xả gừng Weilaiya Detox là combo chăm sóc tóc toàn diện với chiết xuất từ gừng tươi và các thành phần thảo mộc tự nhiên giúp làm sạch da đầu, cân bằng dầu – độ ẩm, nuôi dưỡng tóc chắc khỏe và mềm mượt mỗi ngày. Công thức",https://bizweb.dktcdn.net/100/660/831/products/ban-sao-cua-frame-sp-226.png?v=1778072474387|https://bizweb.dktcdn.net/100/660/831/products/06-1-1-600x600.jpg?v=1778072557400|https://bizweb.dktcdn.net/100/660/831/products/1726412722179.jpg?v=1778072558977|https://bizweb.dktcdn.net/100/660/831/products/2b4c61ca-4905-4d9b-a292-1a691963e5df.jpg?v=1778072558977,storage/images/cap-goi-xa-gung-detox-weilaiya-cty-vat/01.png|storage/images/cap-goi-xa-gung-detox-weilaiya-cty-vat/02.jpg|storage/images/cap-goi-xa-gung-detox-weilaiya-cty-vat/03.jpg|storage/images/cap-goi-xa-gung-detox-weilaiya-cty-vat/04.jpg,2026-07-12T17:01:29+00:00
https://mtd-global.com/thuc-pham-bao-ve-suc-khoe-neubria-neubiotic-her,thuc-pham-bao-ve-suc-khoe-neubria-neubiotic-her,"Thực phẩm bảo vệ sức khỏe: Neubria Neubiotic Her (30 viên / hộp)",NEUBRIA,5060552881460,"THỰC PHẨM CHỨC NĂNG",in_stock,450000,550000,VND,"THỰC PHẨM BẢO VỆ SỨC KHỎE NEUBRIA NEUBIOTIC HER THÔNG TIN SẢN PHẨM Tên sản phẩm: Neubria NeuBiotic Her Dạng: Viên uống men vi sinh (probiotic) Số lượng: 30 viên/hộp Xuất xứ: Anh Quốc Thương hiệu: Neubria Đối tượng sử dụng: Phụ nữ trưởng thành THÀNH PHẦN CHÍNH Mỗi viên chứa 4 chủng lợi khuẩn tiêu biểu: Lactobacillus rha",https://bizweb.dktcdn.net/100/660/831/products/277.png?v=1778079098300|https://bizweb.dktcdn.net/100/660/831/products/z7322247014094-b25b192a4d556eec1f491364806f4068-1765611839474.jpg?v=1778079098300|https://bizweb.dktcdn.net/100/660/831/products/c100f4ed-3dc1-473f-9532-c87abcc6fb39.jpg?v=1778079098300|https://bizweb.dktcdn.net/100/660/831/products/5524cc5a-11db-45ea-9367-d7de3533a97a.jpg?v=1778079098300|https://bizweb.dktcdn.net/100/660/831/products/1e164f90-b37f-4ed0-9b00-537632f0e5f7.jpg?v=1778079098300|https://bizweb.dktcdn.net/100/660/831/products/353f7359-a181-4927-87ae-497ea29882ab.jpg?v=1778079098300|https://bizweb.dktcdn.net/100/660/831/products/a93f4da5-2ad6-473d-8223-f483d686f20c.jpg?v=1778079098300,storage/images/thuc-pham-bao-ve-suc-khoe-neubria-neubiotic-her/01.png|storage/images/thuc-pham-bao-ve-suc-khoe-neubria-neubiotic-her/02.jpg|storage/images/thuc-pham-bao-ve-suc-khoe-neubria-neubiotic-her/03.jpg|storage/images/thuc-pham-bao-ve-suc-khoe-neubria-neubiotic-her/04.jpg|storage/images/thuc-pham-bao-ve-suc-khoe-neubria-neubiotic-her/05.jpg|storage/images/thuc-pham-bao-ve-suc-khoe-neubria-neubiotic-her/06.jpg|storage/images/thuc-pham-bao-ve-suc-khoe-neubria-neubiotic-her/07.jpg,2026-07-12T17:01:33+00:00
https://mtd-global.com/kem-chong-nang-nang-tong-biomeek-tone-trang,kem-chong-nang-nang-tong-biomeek-tone-trang,"KEM CHỐNG NẮNG NÂNG TÔNG BIOMEEK - TONE TRẮNG",BIOMEEK,8809738319406,"chống nắng",in_stock,320000,400000,VND,"Kem Chống Nắng BIOMEEK UVM Tone‑Up Suncream SPF50+ PA++++ Kem chống nắng nâng tông tone trắng sáng từ BIOMEEK là sản phẩm chống nắng đa chức năng với chỉ số SPF50+ PA++++ bảo vệ da trước tia UVA & UVB , đồng thời nâng tone trắng sáng tự nhiên ngay sau khi thoa, giúp da trông rạng rỡ và đều màu hơn. Sản phẩm phù hợp dùn",https://bizweb.dktcdn.net/100/660/831/products/315.png?v=1777963526493|https://bizweb.dktcdn.net/100/660/831/products/vn-11134207-7r98o-lyvqrl41caj186.jpg?v=1777963531057,storage/images/kem-chong-nang-nang-tong-biomeek-tone-trang/01.png|storage/images/kem-chong-nang-nang-tong-biomeek-tone-trang/02.jpg,2026-07-12T17:01:37+00:00
https://mtd-global.com/serum-angel-s-liquid-tranexamic-zero-30ml,serum-angel-s-liquid-tranexamic-zero-30ml,"SERUM ANGEL'S LIQUID TRANEXAMIC ZERO (30ML)","ANGEL'S LIQUID",8809418755418,"tinh chất",out_of_stock,550000,650000,VND,"Serum Angel’s Liquid Tranexamic Zero (30 ml) Siêu Tinh Chất Giảm Thâm Nám Chuyên Biệt Angels Liquid Tranexamic Mela Zero Ampoule 30ml – serum dưỡng da trắng sáng & mờ thâm chuyên sâu Thông tin sản phẩm Thương hiệu: Angel’s Liquid Nguồn gốc xuất xứ: Hàn Quốc Loại sản phẩm: Serum / Ampoule dưỡng da Dung tích: 30 ml Mô tả",https://bizweb.dktcdn.net/100/660/831/products/138.png?v=1777125381850|https://bizweb.dktcdn.net/100/660/831/products/17556b2b-1980-4a27-b93e-545b50828979.jpg?v=1777125381850|https://bizweb.dktcdn.net/100/660/831/products/9065101e-8a2c-4cbb-a6ae-9cad36319df7.jpg?v=1777125381850|https://bizweb.dktcdn.net/100/660/831/products/ef768034-77d7-4b95-8398-89c8fb31162b.jpg?v=1777125381850|https://bizweb.dktcdn.net/100/660/831/products/d59be779-1032-4c1e-ade3-207540ad6ee9.jpg?v=1777125381850|https://bizweb.dktcdn.net/100/660/831/products/1d2cdb51-3c3e-47ba-85f6-e20f21bb8a81.jpg?v=1777125381850,storage/images/serum-angel-s-liquid-tranexamic-zero-30ml/01.png|storage/images/serum-angel-s-liquid-tranexamic-zero-30ml/02.jpg|storage/images/serum-angel-s-liquid-tranexamic-zero-30ml/03.jpg|storage/images/serum-angel-s-liquid-tranexamic-zero-30ml/04.jpg|storage/images/serum-angel-s-liquid-tranexamic-zero-30ml/05.jpg|storage/images/serum-angel-s-liquid-tranexamic-zero-30ml/06.jpg,2026-07-12T17:01:40+00:00
https://mtd-global.com/kem-angel-s-liquid-tranexamic-zero-50ml,kem-angel-s-liquid-tranexamic-zero-50ml,"KEM ANGEL'S LIQUID TRANEXAMIC ZERO (50ML)","ANGEL'S LIQUID",8809418755425,"kem dưỡng",out_of_stock,550000,660000,VND,"Kem Dưỡng Angels Liquid Tranexamic Zero 50ml Thương hiệu: Angel’s Liquid Xuất xứ: Hàn Quốc Dung tích: 50ml Loại da phù hợp: da thâm nám, da xỉn màu, da không đều màu Kết cấu: kem dưỡng mịn nhẹ Mô tả sản phẩm Angel’s Liquid Tranexamic Mela Zero Cream là kem dưỡng chuyên sâu giúp làm sáng da, mờ thâm nám và cải thiện sắc",https://bizweb.dktcdn.net/100/660/831/products/115.png?v=1777125401417|https://bizweb.dktcdn.net/100/660/831/products/3ac46c80-a91f-4f12-bf2a-193b77624f69.jpg?v=1777125401417|https://bizweb.dktcdn.net/100/660/831/products/196ac057-6df1-4cf9-83d9-f0f986130026.jpg?v=1777125401417|https://bizweb.dktcdn.net/100/660/831/products/823a0e1c-d3fd-4277-ba47-cf4861d3077f.jpg?v=1777125401417,storage/images/kem-angel-s-liquid-tranexamic-zero-50ml/01.png|storage/images/kem-angel-s-liquid-tranexamic-zero-50ml/02.jpg|storage/images/kem-angel-s-liquid-tranexamic-zero-50ml/03.jpg|storage/images/kem-angel-s-liquid-tranexamic-zero-50ml/04.jpg,2026-07-12T17:01:45+00:00
https://mtd-global.com/phan-nuoc-renoderm-day-long-ro-bac-cty-vat,phan-nuoc-renoderm-day-long-ro-bac-cty-vat,"PHẤN NƯỚC RENODERM DAY LONG RO BẠC ( CTY - VAT )",RENODERM,8809610940575,Makeup,in_stock,580000,680000,VND,"Phấn nước Renoderm Day Long RO Bạc Thương hiệu: Renoderm Renoderm là thương hiệu mỹ phẩm đến từ Hàn Quốc, chuyên về các dòng trang điểm kết hợp dưỡng da . Xuất xứ: Hàn Quốc Sản phẩm được sản xuất theo tiêu chuẩn mỹ phẩm Hàn Quốc Dạng: Phấn nước (cushion BB cream) Khối lượng: 15g Tone màu: RO Bạc (Silver) – thường tương",https://bizweb.dktcdn.net/100/660/831/products/229.png?v=1778072210767|https://bizweb.dktcdn.net/100/660/831/products/7eca7efd-65f0-4224-ae88-6b51f40375d9.jpg?v=1778072210767|https://bizweb.dktcdn.net/100/660/831/products/69e484df-1e3c-4429-a7b9-0b28adc0414b.jpg?v=1778072210767,storage/images/phan-nuoc-renoderm-day-long-ro-bac-cty-vat/01.png|storage/images/phan-nuoc-renoderm-day-long-ro-bac-cty-vat/02.jpg|storage/images/phan-nuoc-renoderm-day-long-ro-bac-cty-vat/03.jpg,2026-07-12T17:01:48+00:00
https://mtd-global.com/phan-nuoc-renoderm-day-long-ro-vang-cty-vat,phan-nuoc-renoderm-day-long-ro-vang-cty-vat,"Phấn nước trang điểm RENODERM DAY LONG BB CREAM GOLD SPF37/PA++, nhãn hàng RENODERM, 15g/hộp",RENODERM,8809610940568,makeup,in_stock,580000,680000,VND,"Phấn nước Renoderm Day Long RO Vàng (thường gọi là cushion Renoderm Day Long Gold / tone vàng 23 ) là một dòng phấn nước trang điểm – dưỡng da đến từ thương hiệu Renoderm. Thương hiệu Tên thương hiệu: Renoderm Quốc gia thương hiệu: Hàn Quốc Đây là thương hiệu mỹ phẩm Hàn chuyên về các sản phẩm makeup kết hợp dưỡng da (",https://bizweb.dktcdn.net/100/660/831/products/228.png?v=1778072264983|https://bizweb.dktcdn.net/100/660/831/products/d15f93f0-0f6f-4e7e-871f-d209954f5231.jpg?v=1778072264987|https://bizweb.dktcdn.net/100/660/831/products/7317e44d-2927-4b5d-8e53-31fc7588dec9.jpg?v=1778072264987|https://bizweb.dktcdn.net/100/660/831/products/d5b73e04-a7ce-4ff5-a008-65d2af3e026d.jpg?v=1778072264987,storage/images/phan-nuoc-renoderm-day-long-ro-vang-cty-vat/01.png|storage/images/phan-nuoc-renoderm-day-long-ro-vang-cty-vat/02.jpg|storage/images/phan-nuoc-renoderm-day-long-ro-vang-cty-vat/03.jpg|storage/images/phan-nuoc-renoderm-day-long-ro-vang-cty-vat/04.jpg,2026-07-12T17:01:51+00:00
https://mtd-global.com/kem-chong-nang-martiderm-ban-light,kem-chong-nang-martiderm-ban-light,"Kem chống nắng MartiDerm Proteos Screen SPF 50+ Color Fluid Cream ,40ml/hộp.",MARTIDERM,84365890525120,"chống nắng",out_of_stock,650000,750000,VND,"KEM CHỐNG NẮNG MARTIDERM BẢN LIGHT Kem chống nắng bản Light của MartiDerm là dòng sunscreen cao cấp đến từ Tây Ban Nha, nổi bật với khả năng chống nắng phổ rộng + hiệu chỉnh sắc da tức thì . Sản phẩm kết hợp giữa màng lọc quang phổ hiện đại và công nghệ pigment màu , mang lại làn da sáng mịn tự nhiên như lớp nền nhẹ. C",https://bizweb.dktcdn.net/100/660/831/products/45.png?v=1777128998293|https://bizweb.dktcdn.net/100/660/831/products/55d85667-27b8-4a45-81aa-d03352f89afa.jpg?v=1777128998293|https://bizweb.dktcdn.net/100/660/831/products/042aa93f-3ad5-4456-8fe5-1384f507c300.jpg?v=1777128997130,storage/images/kem-chong-nang-martiderm-ban-light/01.png|storage/images/kem-chong-nang-martiderm-ban-light/02.jpg|storage/images/kem-chong-nang-martiderm-ban-light/03.jpg,2026-07-12T17:01:54+00:00
https://mtd-global.com/kem-tay-long-veet-lon-100g-cty-vat,kem-tay-long-veet-lon-100g-cty-vat,"KEM TẨY LÔNG VEET LỚN 100G ( CTY - VAT )",VEET,5052197061598,body,in_stock,180000,280000,VND,"Mô tả sản phẩm: Kem tẩy lông Veet 100g là sản phẩm tẩy lông nổi tiếng giúp loại bỏ lông nhanh chóng, an toàn và tiện lợi ngay tại nhà. Với công nghệ hiện đại, sản phẩm giúp làm mềm sợi lông để loại bỏ dễ dàng chỉ sau vài phút, đồng thời dưỡng da mềm mịn, không gây đau rát như cạo hay wax. Thành phần nổi bật: Công nghệ",https://bizweb.dktcdn.net/100/660/831/products/ban-sao-cua-frame-sp-169.png?v=1777188741917|https://bizweb.dktcdn.net/100/660/831/products/19eab8cd-085a-41f7-b29e-02fe17800fa3.jpg?v=1777188741917|https://bizweb.dktcdn.net/100/660/831/products/ff51c045-a91d-45ca-8325-0f7b936ec07c.jpg?v=1777188741917|https://bizweb.dktcdn.net/100/660/831/products/49203a4b-4ff6-4acb-8ee5-3a0576552a20.jpg?v=1777188740700|https://bizweb.dktcdn.net/100/660/831/products/74075320-491e-47a7-8bae-dae7a139a2ae.jpg?v=1777188740700,storage/images/kem-tay-long-veet-lon-100g-cty-vat/01.png|storage/images/kem-tay-long-veet-lon-100g-cty-vat/02.jpg|storage/images/kem-tay-long-veet-lon-100g-cty-vat/03.jpg|storage/images/kem-tay-long-veet-lon-100g-cty-vat/04.jpg|storage/images/kem-tay-long-veet-lon-100g-cty-vat/05.jpg,2026-07-12T17:01:57+00:00
https://mtd-global.com/sua-tam-whisis-body-wash-500ml,sua-tam-whisis-body-wash-500ml,"SỮA TẮM WHISIS BODY WASH 500ML",WHISIS,8809803051026,"Dầu gội - Sữa tắm",out_of_stock,199000,300000,VND,"Sữa tắm WHISIS Body Wash 500ml – Dưỡng Da Sáng Khỏe & Mềm Mịn Mô tả sản phẩm: Sữa tắm WHISIS Body Wash 500ml là sản phẩm chăm sóc da toàn thân hàng ngày, kết hợp công thức làm sạch nhẹ nhàng cùng các thành phần dưỡng chất giúp làm sạch sâu, nuôi dưỡng da mềm mại, ẩm mượt và sáng khỏe . Sản phẩm không chỉ giúp loại bỏ b",https://bizweb.dktcdn.net/100/660/831/products/ban-sao-cua-frame-sp-227.png?v=1778072944023|https://bizweb.dktcdn.net/100/660/831/products/sua-tam-whisis-body-wash-2-6ab5ed6dc059400d9f12ffe9b81ea717.png?v=1778072947277|https://bizweb.dktcdn.net/100/660/831/products/a3e675ba-e23c-4a26-9000-e85322b7c2ef.jpg?v=1778072947277|https://bizweb.dktcdn.net/100/660/831/products/6cfc49a7-4e24-4693-b554-e36d3513bcff.jpg?v=1778072947277|https://bizweb.dktcdn.net/100/660/831/products/3b5d6e6b-df99-4d32-80f7-7d59cd1c528d.jpg?v=1778072947277,storage/images/sua-tam-whisis-body-wash-500ml/01.png|storage/images/sua-tam-whisis-body-wash-500ml/02.png|storage/images/sua-tam-whisis-body-wash-500ml/03.jpg|storage/images/sua-tam-whisis-body-wash-500ml/04.jpg|storage/images/sua-tam-whisis-body-wash-500ml/05.jpg,2026-07-12T17:02:01+00:00
https://mtd-global.com/lan-khu-mui-biotrade,lan-khu-mui-biotrade,"Lăn khử mùi ODOREX DEO Antiperspirant roll-on for hands and underarms 20ml",BIOTRADE,3800221842468,"Lăn khử mùi",in_stock,320000,450000,VND,"Odorex Deo Antiperspirant Roll-On là sản phẩm kiểm soát mồ hôi chuyên sâu đến từ Biotrade (Bulgaria), được thiết kế dành cho tình trạng đổ mồ hôi nhiều và mùi cơ thể ở vùng nách và lòng bàn tay . Công thức tác động trực tiếp lên các tuyến mồ hôi hoạt động quá mức, giúp giảm tiết mồ hôi và duy trì vùng da khô thoáng tro",https://bizweb.dktcdn.net/100/660/831/products/445.png?v=1779694859713|https://bizweb.dktcdn.net/100/660/831/products/555693491-17991800693839742-8529923009469572183-n-b89472f182f44aa6a541b2088c6fad80-master.jpg?v=1779694941770|https://bizweb.dktcdn.net/100/660/831/products/vn-11134207-7qukw-lj7ckuph4t1o51.jpg?v=1779694941770|https://bizweb.dktcdn.net/100/660/831/products/d731a981-6f53-445b-8426-55cf9f0b502e-jpeg.jpg?v=1779694938390,storage/images/lan-khu-mui-biotrade/01.png|storage/images/lan-khu-mui-biotrade/02.jpg|storage/images/lan-khu-mui-biotrade/03.jpg|storage/images/lan-khu-mui-biotrade/04.jpg,2026-07-12T17:02:05+00:00
https://mtd-global.com/sua-tam-goi-cho-be-cetaphil-400ml-cty-vat,sua-tam-goi-cho-be-cetaphil-400ml-cty-vat,"SỮA TẮM GỘI CHO BÉ CETAPHIL 400ML ( CTY - VAT )",CETAPHIL,7640203241843,"Dầu gội - Sữa tắm",in_stock,290000,360000,VND,"Cetaphil Baby Wash & Shampoo 400ml – Sữa tắm gội 2‑trong‑1 cho bé Mô tả sản phẩm: Sữa tắm gội toàn thân 2‑trong‑1 Cetaphil Baby Wash & Shampoo 400ml là sản phẩm dành riêng cho làn da mỏng manh và nhạy cảm của bé , giúp làm sạch da và tóc nhẹ nhàng mà không gây kích ứng . Công thức dịu nhẹ, không chứa paraben, không cay",https://bizweb.dktcdn.net/100/660/831/products/ban-sao-cua-frame-sp-228.png?v=1778073126500|https://bizweb.dktcdn.net/100/660/831/products/cab830079f2a11d8b8907ed8c0f12f81-94cc63a8319a4666b08142a2f5a912d9-1024x1024.jpg?v=1778073129997|https://bizweb.dktcdn.net/100/660/831/products/c821044a-67ad-4907-bf3f-c539ccaddd3d.jpg?v=1778073129997|https://bizweb.dktcdn.net/100/660/831/products/19216e2f-5aab-4ec8-ad6c-26e7df87f905.jpg?v=1778073129997|https://bizweb.dktcdn.net/100/660/831/products/7d8b4a91-62f2-43b0-a5f8-bafc21a1b7f8.jpg?v=1778073129997|https://bizweb.dktcdn.net/100/660/831/products/bccc51fc-50f4-43f8-8f5b-da22d6d98044.jpg?v=1778073129997,storage/images/sua-tam-goi-cho-be-cetaphil-400ml-cty-vat/01.png|storage/images/sua-tam-goi-cho-be-cetaphil-400ml-cty-vat/02.jpg|storage/images/sua-tam-goi-cho-be-cetaphil-400ml-cty-vat/03.jpg|storage/images/sua-tam-goi-cho-be-cetaphil-400ml-cty-vat/04.jpg|storage/images/sua-tam-goi-cho-be-cetaphil-400ml-cty-vat/05.jpg|storage/images/sua-tam-goi-cho-be-cetaphil-400ml-cty-vat/06.jpg,2026-07-12T17:02:08+00:00
https://mtd-global.com/dr-melaxin-astaxanthin-extra-whitening-ampoule-serum-duong-da,dr-melaxin-astaxanthin-extra-whitening-ampoule-serum-duong-da,"DR.MELAXIN ASTAXANTHIN EXTRA WHITENING AMPOULE ( SERUM DƯỠNG DA )",DR.MELAXIN,8809886481505,"tinh chất",in_stock,420000,450000,VND,"Mô tả sản phẩm: Dr.Melaxin Astaxanthin Extra Whitening Ampoule là serum (ampoule) dưỡng da chuyên sâu đến từ thương hiệu Dr. Melaxin. Thương hiệu: Dr. Melaxin Xuất xứ: Hàn Quốc Sản phẩm có dạng tinh chất lỏng nhẹ, thẩm thấu nhanh vào da, giúp nuôi dưỡng làn da từ bên trong, đặc biệt tập trung vào cải thiện tình trạng d",https://bizweb.dktcdn.net/100/660/831/products/139.png?v=1777125431930|https://bizweb.dktcdn.net/100/660/831/products/eb1e9d35-88bc-44d2-b30b-1846c05cc3f0.jpg?v=1777125431930|https://bizweb.dktcdn.net/100/660/831/products/073ae9a5-567b-4fe5-bc41-5b54b99bc935.jpg?v=1777125431930|https://bizweb.dktcdn.net/100/660/831/products/51ab52f1-0794-4c64-bca4-6b25e22cfe09.jpg?v=1777125431930,storage/images/dr-melaxin-astaxanthin-extra-whitening-ampoule-serum-duong-da/01.png|storage/images/dr-melaxin-astaxanthin-extra-whitening-ampoule-serum-duong-da/02.jpg|storage/images/dr-melaxin-astaxanthin-extra-whitening-ampoule-serum-duong-da/03.jpg|storage/images/dr-melaxin-astaxanthin-extra-whitening-ampoule-serum-duong-da/04.jpg,2026-07-12T17:02:12+00:00
https://mtd-global.com/dr-melaxin-astaxanthin-anti-freckles-whitening-capsule-cream-kem-giup-lam-trang-da-lam-mo-vet-tham-nam,dr-melaxin-astaxanthin-anti-freckles-whitening-capsule-cream-kem-giup-lam-trang-da-lam-mo-vet-tham-nam,"DR. MELAXIN ASTAXANTHIN ANTI-FRECKLES & WHITENING CAPSULE CREAM(KEM GIÚP LÀM TRẮNG DA,LÀM MỜ VẾT THÂM NÁM)",DR.MELAXIN,8809886481499,"kem dưỡng",in_stock,450000,550000,VND,"Dr. Melaxin Astaxanthin Anti-Freckles & Whitening Capsule Cream Mô tả sản phẩm Dr. Melaxin Astaxanthin Anti-Freckles & Whitening Capsule Cream là kem dưỡng cao cấp ứng dụng công nghệ vi nang (capsule cream) kết hợp hoạt chất chống oxy hóa mạnh mẽ Astaxanthin , giúp dưỡng trắng da, làm mờ thâm nám và cải thiện sắc tố ch",https://bizweb.dktcdn.net/100/660/831/products/117.png?v=1777125419087|https://bizweb.dktcdn.net/100/660/831/products/28db4ff8-32d8-486e-832a-9467b10fca36.jpg?v=1777125419087|https://bizweb.dktcdn.net/100/660/831/products/ad9c7aa2-30c8-4601-b635-6c14086e4f3e.jpg?v=1777125419087,storage/images/dr-melaxin-astaxanthin-anti-freckles-whitening-capsule-cream-kem-giup-lam-trang-da-lam-mo-vet-tham-nam/01.png|storage/images/dr-melaxin-astaxanthin-anti-freckles-whitening-capsule-cream-kem-giup-lam-trang-da-lam-mo-vet-tham-nam/02.jpg|storage/images/dr-melaxin-astaxanthin-anti-freckles-whitening-capsule-cream-kem-giup-lam-trang-da-lam-mo-vet-tham-nam/03.jpg,2026-07-12T17:02:16+00:00
https://mtd-global.com/toner-pad-prettyskin-vita-k-cica,toner-pad-prettyskin-vita-k-cica,"TONER PAD PRETTYSKIN VITA K - CICA",PRETTYSKIN,8800248332398,toner,in_stock,320000,450000,VND,"Mô tả Toner Pad PrettySkin Vita K‑Cica Peeling & Repairing Pad Thương hiệu: PrettySkin Nguồn gốc xuất xứ: Hàn Quốc Loại sản phẩm: Toner pad (miếng toner đã thấm sẵn) Mô tả sản phẩm Toner Pad PrettySkin Vita K‑Cica là miếng toner pad đa chức năng kết hợp giữa toner dưỡng ẩm và tẩy da chết nhẹ, giúp bạn chăm sóc da nhanh",https://bizweb.dktcdn.net/100/660/831/products/80.png?v=1777126214150|https://bizweb.dktcdn.net/100/660/831/products/toner-pad-vita-k-02.webp?v=1777126214150|https://bizweb.dktcdn.net/100/660/831/products/e91bab56-5c58-4e26-8a76-a56ae737b5f8.jpg?v=1777126214150,storage/images/toner-pad-prettyskin-vita-k-cica/01.png|storage/images/toner-pad-prettyskin-vita-k-cica/02.webp|storage/images/toner-pad-prettyskin-vita-k-cica/03.jpg,2026-07-12T17:02:20+00:00
https://mtd-global.com/chi-xe-ke-may-habaria-nau-02,chi-xe-ke-may-habaria-nau-02,"CHÌ XÉ KẺ MÀY HABARIA NÂU #02","Phương Trần Cosmetics",#02,Makeup,in_stock,30000,,VND,,https://bizweb.dktcdn.net/100/660/831/products/ban-sao-cua-frame-sp-266.png?v=1778159413180,storage/images/chi-xe-ke-may-habaria-nau-02/01.png,2026-07-12T17:02:23+00:00
https://mtd-global.com/kem-chong-nang-vat-ly-espoir-tone-up,kem-chong-nang-vat-ly-espoir-tone-up,"Kem chống nắng ESPOIR WATER SPLASH CICA TONE UP SUN CREAM SPF50+ PA++++ 60ml",Espoir,8809563955930,"chống nắng",in_stock,290000,320000,VND,"Mô tả kem chống nắng Espoir Water Splash Sun Cream Tone Up Lasting SPF50+ PA++++ Kem chống nắng Espoir là sản phẩm đến từ Hàn Quốc, thuộc dòng Water Splash Sun Cream, nổi bật với khả năng chống nắng phổ rộng, dưỡng ẩm và hiệu chỉnh tone da nhẹ nhàng. Da trở nên sáng, đều màu và mịn màng ngay sau khi thoa. Phù hợp dùng",https://bizweb.dktcdn.net/100/660/831/products/314.png?v=1777814326980|https://bizweb.dktcdn.net/100/660/831/products/347227200-1109433393780172-7901240679190481388-n-jpeg.jpg?v=1777814326980|https://bizweb.dktcdn.net/100/660/831/products/8809563941841-2.jpg?v=1777814391907,storage/images/kem-chong-nang-vat-ly-espoir-tone-up/01.png|storage/images/kem-chong-nang-vat-ly-espoir-tone-up/02.jpg|storage/images/kem-chong-nang-vat-ly-espoir-tone-up/03.jpg,2026-07-12T17:02:25+00:00
https://mtd-global.com/son-duong-bong-muzigae-03-sway-cty-vat,son-duong-bong-muzigae-03-sway-cty-vat,"SON DƯỠNG BÓNG MUZIGAE 03 SWAY ( CTY - VAT )","MUZIGAE MANSION",8809836581538,son,in_stock,310000,,VND,"Thương hiệu Muzigae Mansion là thương hiệu mỹ phẩm đến từ Hàn Quốc, nổi bật với phong cách tối giản, nghệ thuật và các sản phẩm trang điểm có thiết kế độc đáo, hiện đại. Xuất xứ Hàn Quốc Muzigae Mansion Objet Liquid Màu 03 – Sway Dạng sản phẩm Son dưỡng bóng (lip gloss tint), kết hợp giữa dưỡng ẩm và tạo hiệu ứng bóng",https://bizweb.dktcdn.net/100/660/831/products/ecb0fa2a-299d-47c7-8c7e-10cec24032e6.jpg?v=1774337993780,storage/images/son-duong-bong-muzigae-03-sway-cty-vat/01.jpg,2026-07-12T17:02:28+00:00
https://mtd-global.com/son-duong-bong-muzigae-02-bloom-cty-vat,son-duong-bong-muzigae-02-bloom-cty-vat,"SON DƯỠNG BÓNG MUZIGAE 02 BLOOM ( CTY - VAT )","MUZIGAE MANSION",8809836581521,son,in_stock,310000,420000,VND,"Thương hiệu Muzigae Mansion là thương hiệu mỹ phẩm đến từ Hàn Quốc, nổi bật với phong cách tối giản, nghệ thuật và thiết kế sản phẩm độc đáo mang tính thẩm mỹ cao. Xuất xứ Hàn Quốc Sản phẩm được sản xuất theo tiêu chuẩn mỹ phẩm Hàn Quốc Tên sản phẩm Muzigae Mansion Objet Liquid Màu 02 – Bloom Dạng sản phẩm Son dưỡng bó",https://bizweb.dktcdn.net/100/660/831/products/32c063de-58ab-4db3-8f13-4c805e5f046f.jpg?v=1774337992763,storage/images/son-duong-bong-muzigae-02-bloom-cty-vat/01.jpg,2026-07-12T17:02:31+00:00
https://mtd-global.com/son-duong-bong-muzigae-01-petal-cty-vat,son-duong-bong-muzigae-01-petal-cty-vat,"SON DƯỠNG BÓNG MUZIGAE 01 PETAL ( CTY - VAT )","MUZIGAE MANSION",8809836581514,son,in_stock,310000,420000,VND,"SON DƯỠNG BÓNG MUZIGAE MANSION OBJECT LIQUID 01 PETAL Thương hiệu Muzigae Mansion là thương hiệu mỹ phẩm đến từ Hàn Quốc, nổi bật với phong cách tối giản, nghệ thuật và thiết kế sản phẩm mang tính sáng tạo, hiện đại. Xuất xứ Hàn Quốc Sản phẩm được sản xuất theo tiêu chuẩn mỹ phẩm Hàn Quốc . Tên sản phẩm Muzigae Mansion",https://bizweb.dktcdn.net/100/660/831/products/1ec2c896-a88d-4801-bd04-f4e50a2fc815.jpg?v=1774337992267,storage/images/son-duong-bong-muzigae-01-petal-cty-vat/01.jpg,2026-07-12T17:02:34+00:00
https://mtd-global.com/son-muzigae-mansion-liquid-012-symbol-cty-vat,son-muzigae-mansion-liquid-012-symbol-cty-vat,"SON MUZIGAE MANSION LIQUID 012 SYMBOL ( CTY - VAT )","MUZIGAE MANSION",8809836581323,son,in_stock,310000,410000,VND,"Thương hiệu Muzigae Mansion là thương hiệu mỹ phẩm Hàn Quốc nổi bật với phong cách tối giản – nghệ thuật và các dòng son có thiết kế độc đáo, hiện đại. Xuất xứ Hàn Quốc Sản phẩm được sản xuất theo tiêu chuẩn K-beauty Tên sản phẩm Muzigae Mansion Objet Liquid Màu 012 – Symbol Dạng sản phẩm Son kem lì Đặc điểm nổi bật Ch",https://bizweb.dktcdn.net/100/660/831/products/ad775ce2-f9de-4da4-8c9d-d7b9148c0438.jpg?v=1774337990043,storage/images/son-muzigae-mansion-liquid-012-symbol-cty-vat/01.jpg,2026-07-12T17:02:36+00:00
https://mtd-global.com/son-muzigae-mansion-liquid-019-lavish,son-muzigae-mansion-liquid-019-lavish,"SON MUZIGAE MANSION LIQUID 019 LAVISH","MUZIGAE MANSION",8809836581392,son,out_of_stock,310000,400000,VND,"Thương hiệu: MUZIGAE MANSION Xuất xứ thương hiệu: Hàn Quốc Sản xuất tại: Hàn Quốc Son kem lì MUZIGAE MANSION Objet Liquid #019 Lavish MUZIGAE MANSION 019 Lavish là dòng son kem lì cao cấp với thiết kế độc đáo và chất son “soft blur” đặc trưng, mang lại hiệu ứng môi mịn mờ như filter, giúp đôi môi trở nên tinh tế và thờ",https://bizweb.dktcdn.net/100/660/831/products/530933f1-8ad6-4567-a95b-e990768b45ef.jpg?v=1774337985717,storage/images/son-muzigae-mansion-liquid-019-lavish/01.jpg,2026-07-12T17:02:38+00:00
https://mtd-global.com/son-muzigae-mansion-liquid-023-dawn-rose-cty-vat,son-muzigae-mansion-liquid-023-dawn-rose-cty-vat,"SON MUZIGAE MANSION LIQUID 023 DAWN ROSE ( CTY - VAT )","MUZIGAE MANSION",8809836581439,son,in_stock,310000,410000,VND,"Thương hiệu Muzigae Mansion là thương hiệu mỹ phẩm đến từ Hàn Quốc, nổi bật với phong cách nghệ thuật tối giản và các dòng son có kết cấu độc đáo, hiện đại. Xuất xứ Hàn Quốc Sản phẩm được sản xuất theo tiêu chuẩn K-beauty . Tên sản phẩm Muzigae Mansion Objet Liquid Màu 023 – Dawn Rose Dạng sản phẩm Son kem lì Đặc điểm",https://bizweb.dktcdn.net/100/660/831/products/f6c19103-16a5-4da0-99a1-2e969d631280.jpg?v=1774337982573,storage/images/son-muzigae-mansion-liquid-023-dawn-rose-cty-vat/01.jpg,2026-07-12T17:02:40+00:00
https://mtd-global.com/son-muzigae-mansion-liquid-013-appeal-cty-vat,son-muzigae-mansion-liquid-013-appeal-cty-vat,"SON MUZIGAE MANSION LIQUID 013 APPEAL ( CTY - VAT )","MUZIGAE MANSION",8809836581330,son,in_stock,310000,,VND,"Thương hiệu Muzigae Mansion là thương hiệu mỹ phẩm Hàn Quốc nổi bật với phong cách tối giản – nghệ thuật và các dòng son có thiết kế độc đáo, hiện đại. Xuất xứ Hàn Quốc Sản phẩm được sản xuất theo tiêu chuẩn K-beauty Tên sản phẩm Muzigae Mansion Objet Liquid Màu 012 – Symbol Dạng sản phẩm Son kem lì Đặc điểm nổi bật Ch",https://bizweb.dktcdn.net/100/660/831/products/99fe833f-4427-49cf-b94e-e03eb5572bff.jpg?v=1774337981177,storage/images/son-muzigae-mansion-liquid-013-appeal-cty-vat/01.jpg,2026-07-12T17:02:43+00:00
https://mtd-global.com/son-muzigae-mansion-liquid-024-gypsy-rose,son-muzigae-mansion-liquid-024-gypsy-rose,"SON MUZIGAE MANSION LIQUID 024 GYPSY ROSE","MUZIGAE MANSION",8809836581446,son,in_stock,310000,410000,VND,"Thương hiệu Muzigae Mansion là thương hiệu mỹ phẩm Hàn Quốc nổi bật với phong cách tối giản – nghệ thuật, các sản phẩm son thiết kế độc đáo và chất son hiện đại theo xu hướng “blur matte”. Xuất xứ Hàn Quốc Sản phẩm được sản xuất theo tiêu chuẩn K-beauty Tên sản phẩm Muzigae Mansion Objet Liquid Màu 024 – Gypsy Rose Dạn",https://bizweb.dktcdn.net/100/660/831/products/b684cb53-7b86-4242-b84b-0580c57426f3.jpg?v=1774337980290,storage/images/son-muzigae-mansion-liquid-024-gypsy-rose/01.jpg,2026-07-12T17:02:46+00:00
https://mtd-global.com/son-muzigae-mansion-liquid-011-poise-cty-vat,son-muzigae-mansion-liquid-011-poise-cty-vat,"SON MUZIGAE MANSION LIQUID 011 POISE ( CTY - VAT )","MUZIGAE MANSION",8809836581316,son,in_stock,310000,410000,VND,"Thương hiệu Muzigae Mansion là thương hiệu mỹ phẩm Hàn Quốc nổi bật với phong cách tối giản – nghệ thuật và các sản phẩm son có thiết kế độc đáo, mang tính thẩm mỹ cao. Xuất xứ Hàn Quốc Sản phẩm được sản xuất theo tiêu chuẩn K-beauty và phân phối tại nhiều thị trường quốc tế. Tên sản phẩm Muzigae Mansion Objet Liquid M",https://bizweb.dktcdn.net/100/660/831/products/f9c2348e-9e2d-4754-a1ba-1c62c31d1c2e.jpg?v=1774337957490,storage/images/son-muzigae-mansion-liquid-011-poise-cty-vat/01.jpg,2026-07-12T17:02:48+00:00
https://mtd-global.com/ddvs-dermoxen-xanh-nam,ddvs-dermoxen-xanh-nam,"DDVS DERMOXEN XANH NAM",DERMOXEN,8051770528562,"Chăm sóc vùng kín",in_stock,230000,333000,VND,"Mô tả sản phẩm: Dung dịch vệ sinh DermoXEN 4MEN Intimate Cleanser là sản phẩm chuyên biệt dành cho nam giới , được thiết kế để làm sạch nhẹ nhàng vùng kín, bảo vệ và khử mùi , đặc biệt phù hợp cho những người hoạt động nhiều như đi tập gym, bơi lội hoặc ra mồ hôi nhiều. Công thức của sản phẩm tôn trọng độ pH tự nhiên c",https://bizweb.dktcdn.net/100/660/831/products/6a278599-26c7-4913-b65c-0876a9804546.jpg?v=1774337947110|https://bizweb.dktcdn.net/100/660/831/products/51c116fa-a1b3-4866-a570-9cbeac032489.jpg?v=1774855475897,storage/images/ddvs-dermoxen-xanh-nam/01.jpg|storage/images/ddvs-dermoxen-xanh-nam/02.jpg,2026-07-12T17:02:50+00:00
https://mtd-global.com/ddvs-dermoxen-tim-phu-nu,ddvs-dermoxen-tim-phu-nu,"DDVS DERMOXEN TÍM PHỤ NỮ",DERMOXEN,8051770520412,"Chăm sóc vùng kín",in_stock,230000,330000,VND,"Dung Dịch Vệ Sinh Dermoxen Intimate Cleanser (Màu Tím – Dành Cho Phụ Nữ) Thương hiệu: Dermoxen | Xuất xứ: Ý Mô tả sản phẩm Dung dịch vệ sinh Dermoxen Intimate Cleanser màu tím là dòng sản phẩm chuyên biệt dành cho phụ nữ, giúp làm sạch nhẹ nhàng, dưỡng ẩm và bảo vệ vùng kín nhạy cảm . Công thức dịu nhẹ hỗ trợ duy trì đ",https://bizweb.dktcdn.net/100/660/831/products/ban-sao-cua-frame-sp-230.png?v=1778073260420|https://bizweb.dktcdn.net/100/660/831/products/cong-dung-dung-dich-ve-sinh-phu-nu-dermoxen-lenitivo-8b2c68ae84d143b2a6358446a3ce00e2-grande.png?v=1778073309043,storage/images/ddvs-dermoxen-tim-phu-nu/01.png|storage/images/ddvs-dermoxen-tim-phu-nu/02.png,2026-07-12T17:02:52+00:00
https://mtd-global.com/son-muzigae-mansion-tension-014,son-muzigae-mansion-tension-014,"SON MUZIGAE MANSION TENSION 014","MUZIGAE MANSION",8809836581347,son,in_stock,310000,400000,VND,"Thương hiệu: MUZIGAE MANSION Xuất xứ thương hiệu: Hàn Quốc Sản xuất tại: Hàn Quốc Dòng sản phẩm: Objet Liquid Lip Tint Son kem lì MUZIGAE MANSION Objet Liquid #014 Tension MUZIGAE MANSION 014 Tension là dòng son kem lì cao cấp với thiết kế nghệ thuật đặc trưng, mang lại hiệu ứng môi “soft blur” mịn mờ như filter, tạo v",https://bizweb.dktcdn.net/100/660/831/products/58aa9100-ddc3-4221-9fff-94e2a51b7569.jpg?v=1774337945247,storage/images/son-muzigae-mansion-tension-014/01.jpg,2026-07-12T17:02:55+00:00
https://mtd-global.com/whisis-san-pham-khu-mui-mo-hoi-nach-glutathione-fresh-roll-on-deodorant-50ml,whisis-san-pham-khu-mui-mo-hoi-nach-glutathione-fresh-roll-on-deodorant-50ml,"WHISIS - Sản phẩm khử mùi mồ hôi nách Glutathione Fresh Roll On Deodorant 50ml",WHISIS,8809803051354,body,in_stock,220000,330000,VND,"Lăn khử mùi WHISIS Glutathione Fresh Roll-On – khử mùi & dưỡng sáng vùng da dưới cánh tay WHISIS là dòng lăn khử mùi thế hệ mới, không chỉ kiểm soát mồ hôi mà còn tập trung dưỡng sáng – cải thiện thâm vùng nách , phù hợp với nhu cầu chăm sóc body chuyên sâu. Thành phần nổi bật & cơ chế: Glutathione 2% → Chất chống oxy",https://bizweb.dktcdn.net/100/660/831/products/ban-sao-cua-frame-sp-231.png?v=1778073487000|https://bizweb.dktcdn.net/100/660/831/products/4-2f79b206-a9a6-4440-8a84-b3fc9844a7f6-png-v-1743763134433.png?v=1778073532833|https://bizweb.dktcdn.net/100/660/831/products/8173dacf-f062-4a24-8c6a-1c4ffa6a6ea7.jpg?v=1778073532833|https://bizweb.dktcdn.net/100/660/831/products/15d4b945-6101-4ae4-8b60-b5409c8efe50.jpg?v=1778073532833|https://bizweb.dktcdn.net/100/660/831/products/78c9dcc6-d7dd-4e50-a5ac-60e44bb928e1.jpg?v=1778073532833|https://bizweb.dktcdn.net/100/660/831/products/08f5ec86-6a53-44db-9efb-554ad24e4438.jpg?v=1778073532833,storage/images/whisis-san-pham-khu-mui-mo-hoi-nach-glutathione-fresh-roll-on-deodorant-50ml/01.png|storage/images/whisis-san-pham-khu-mui-mo-hoi-nach-glutathione-fresh-roll-on-deodorant-50ml/02.png|storage/images/whisis-san-pham-khu-mui-mo-hoi-nach-glutathione-fresh-roll-on-deodorant-50ml/03.jpg|storage/images/whisis-san-pham-khu-mui-mo-hoi-nach-glutathione-fresh-roll-on-deodorant-50ml/04.jpg|storage/images/whisis-san-pham-khu-mui-mo-hoi-nach-glutathione-fresh-roll-on-deodorant-50ml/05.jpg|storage/images/whisis-san-pham-khu-mui-mo-hoi-nach-glutathione-fresh-roll-on-deodorant-50ml/06.jpg,2026-07-12T17:02:57+00:00
https://mtd-global.com/xit-tay-te-bao-chet-toan-than-giam-mun-lung-md-care-100ml,xit-tay-te-bao-chet-toan-than-giam-mun-lung-md-care-100ml,"XỊT TẨY TẾ BÀO CHẾT TOÀN THÂN GIẢM MỤN LƯNG MD CARE 100ML","MD CARE",8938553016020,Body,in_stock,210000,430000,VND,"Xịt Tẩy Tế Bào Chết Toàn Thân MD Care 100ml – Giảm Mụn Lưng & Da Sáng Mịn Mô tả sản phẩm: Xịt MD Care tẩy tế bào chết toàn thân 100ml là giải pháp chăm sóc da toàn diện, giúp loại bỏ tế bào chết, bã nhờn và ngăn ngừa mụn lưng , đồng thời mang lại làn da sáng mềm mịn hơn sau mỗi lần sử dụng. Thiết kế dạng xịt tiện dụng",https://bizweb.dktcdn.net/100/660/831/products/ban-sao-cua-frame-sp-232.png?v=1778073729910|https://bizweb.dktcdn.net/100/660/831/products/2-1-scaled.jpg?v=1778073778530|https://bizweb.dktcdn.net/100/660/831/products/297d7afa-bdae-4a59-8bbb-70a3d04e845b.jpg?v=1778073778530,storage/images/xit-tay-te-bao-chet-toan-than-giam-mun-lung-md-care-100ml/01.png|storage/images/xit-tay-te-bao-chet-toan-than-giam-mun-lung-md-care-100ml/02.jpg|storage/images/xit-tay-te-bao-chet-toan-than-giam-mun-lung-md-care-100ml/03.jpg,2026-07-12T17:03:01+00:00
https://mtd-global.com/sua-tam-giam-mun-va-tay-te-bao-chet-c-l-e-a-n-s-e-md-care,sua-tam-giam-mun-va-tay-te-bao-chet-c-l-e-a-n-s-e-md-care,"SỮA TẮM GIẢM MỤN VÀ TẨY TẾ BÀO CHẾT C.L.E.A.N.S.E ( MD CARE )","MD CARE",8938553016013,"Dầu gội - Sữa tắm",in_stock,240000,450000,VND,"Sữa tắm giảm mụn & tẩy tế bào chết C.L.E.A.N.S.E (MD CARE) Mô tả sản phẩm: Sữa tắm C.L.E.A.N.S.E MD CARE là dòng sản phẩm chăm sóc cơ thể chuyên biệt giúp làm sạch sâu – hỗ trợ giảm mụn lưng, mụn cơ thể đồng thời tẩy tế bào chết nhẹ nhàng , mang lại làn da mịn màng và thông thoáng hơn mỗi ngày. Công thức kết hợp giữa h",https://bizweb.dktcdn.net/100/660/831/products/43.png?v=1777128948687|https://bizweb.dktcdn.net/100/660/831/products/1728558128-2-768x768.jpg?v=1778073845703|https://bizweb.dktcdn.net/100/660/831/products/5dc9fe92-2b48-4881-9122-a2d4a842cdf5.jpg?v=1778073845703,storage/images/sua-tam-giam-mun-va-tay-te-bao-chet-c-l-e-a-n-s-e-md-care/01.png|storage/images/sua-tam-giam-mun-va-tay-te-bao-chet-c-l-e-a-n-s-e-md-care/02.jpg|storage/images/sua-tam-giam-mun-va-tay-te-bao-chet-c-l-e-a-n-s-e-md-care/03.jpg,2026-07-12T17:03:04+00:00
https://mtd-global.com/sua-duong-the-vaseline-gluta-hya-nang-tone-hong-cty-vat,sua-duong-the-vaseline-gluta-hya-nang-tone-hong-cty-vat,"VASELINE SDT Gluta-Hya Dưỡng Da Sáng Rạng Rỡ 300ML/12 Tuýp",VASELINE,8851932439923,Body,in_stock,200000,300000,VND,"Sữa Dưỡng Thể Vaseline Gluta-Hya Serum Burst Lotion Dewy Radiance – Hồng Mô tả sản phẩm: Sữa dưỡng thể Vaseline Gluta-Hya Serum Burst Lotion Dewy Radiance (Hồng) mang đến làn da căng mịn, ẩm mượt và rạng rỡ tự nhiên như hiệu ứng “dewy glow”. Ứng dụng công nghệ Serum Burst giúp dưỡng chất thẩm thấu nhanh, nuôi dưỡng sâu",https://bizweb.dktcdn.net/100/660/831/products/ec81438f-3733-4a2c-a8e0-2487355ad820.jpg?v=1774855026963|https://bizweb.dktcdn.net/100/660/831/products/5fe9a9e6-9ad0-4dac-8bb1-82cc8779f75d.jpg?v=1775467341283|https://bizweb.dktcdn.net/100/660/831/products/75ad195d-a5ed-4502-bcc3-4e0f043cbd83.jpg?v=1775467341300|https://bizweb.dktcdn.net/100/660/831/products/0d97edbd-d722-4b33-9e15-7e9cf8ff0f97.jpg?v=1775467341300,storage/images/sua-duong-the-vaseline-gluta-hya-nang-tone-hong-cty-vat/01.jpg|storage/images/sua-duong-the-vaseline-gluta-hya-nang-tone-hong-cty-vat/02.jpg|storage/images/sua-duong-the-vaseline-gluta-hya-nang-tone-hong-cty-vat/03.jpg|storage/images/sua-duong-the-vaseline-gluta-hya-nang-tone-hong-cty-vat/04.jpg,2026-07-12T17:03:08+00:00
https://mtd-global.com/thuc-pham-bao-ve-suc-khoe-tinh-nghe-curcumin-premium-365-vang,thuc-pham-bao-ve-suc-khoe-tinh-nghe-curcumin-premium-365-vang,"Thực phẩm BVSK DAILY TURMERIC CURCUMIN PREMIUM 365","HAMIN BIO",8809708842118,"THỰC PHẨM CHỨC NĂNG",out_of_stock,1250000,1500000,VND,"Daily Turmeric Curcumin Premium 365 là thực phẩm bảo vệ sức khỏe đến từ Hàn Quốc, chiết xuất từ curcumin tinh khiết trong nghệ và ứng dụng công nghệ nano giúp tăng khả năng hấp thu, mang lại hiệu quả vượt trội so với nghệ thông thường. Sản phẩm được thiết kế dạng tép uống tiện lợi , phù hợp cho nhu cầu chăm sóc sức khỏ",https://bizweb.dktcdn.net/100/660/831/products/ban-sao-cua-frame-sp-233.png?v=1778074134747|https://bizweb.dktcdn.net/100/660/831/products/vn-11134207-7ra0g-majpnmojopncc8.webp?v=1778074136463|https://bizweb.dktcdn.net/100/660/831/products/5d7bd0c1-e53d-408f-9d95-4ffe6570bd23.jpg?v=1778074136463|https://bizweb.dktcdn.net/100/660/831/products/vn-11134207-7ra0g-majpnmojopg75d.webp?v=1778074158990,storage/images/thuc-pham-bao-ve-suc-khoe-tinh-nghe-curcumin-premium-365-vang/01.png|storage/images/thuc-pham-bao-ve-suc-khoe-tinh-nghe-curcumin-premium-365-vang/02.webp|storage/images/thuc-pham-bao-ve-suc-khoe-tinh-nghe-curcumin-premium-365-vang/03.jpg|storage/images/thuc-pham-bao-ve-suc-khoe-tinh-nghe-curcumin-premium-365-vang/04.webp,2026-07-12T17:03:11+00:00
https://mtd-global.com/kem-tranexamic-mela-cream-angel-s-liquid-cty-vat,kem-tranexamic-mela-cream-angel-s-liquid-cty-vat,"KEM TRANEXAMIC MELA CREAM ANGEL’S LIQUID ( CTY - VAT )","ANGEL'S LIQUID",8809418754428,"kem dưỡng",in_stock,580000,680000,VND,"Kem dưỡng mờ nám Angel’s Liquid Tranexamic Mela Cream Mô tả sản phẩm : Angel’s Liquid Tranexamic Mela Cream là kem dưỡng chuyên sâu đến từ Hàn Quốc, ứng dụng hoạt chất Tranexamic Acid nồng độ cao (20,000ppm) kết hợp Niacinamide và các chiết xuất làm dịu, giúp giảm thâm nám – cải thiện sắc tố – dưỡng trắng da toàn diện",https://bizweb.dktcdn.net/100/660/831/products/114.png?v=1777125354763|https://bizweb.dktcdn.net/100/660/831/products/1cb59d08-0392-4ae6-9b8b-222ae8c836b6.jpg?v=1777125354763|https://bizweb.dktcdn.net/100/660/831/products/cffcadfa-4062-44fa-bc08-e064d6ec3716.jpg?v=1777125354763,storage/images/kem-tranexamic-mela-cream-angel-s-liquid-cty-vat/01.png|storage/images/kem-tranexamic-mela-cream-angel-s-liquid-cty-vat/02.jpg|storage/images/kem-tranexamic-mela-cream-angel-s-liquid-cty-vat/03.jpg,2026-07-12T17:03:14+00:00
https://mtd-global.com/serum-tranexamic-acid-mo-nam-angel-s-liquid-cty-vat,serum-tranexamic-acid-mo-nam-angel-s-liquid-cty-vat,"SERUM TRANEXAMIC ACID MỜ NÁM ANGEL’S LIQUID ( CTY - VAT )","ANGEL'S LIQUID",8809418754411,"tinh chất",out_of_stock,580000,680000,VND,"Angel’s Liquid Tranexamic Acid Mela Ampoule là serum dưỡng da chuyên sâu đến từ thương hiệu Angels Liquid. Thương hiệu: Angel’s Liquid Xuất xứ: Hàn Quốc Sản phẩm nổi bật với công thức tập trung vào giảm nám – làm sáng – cải thiện sắc tố da , phù hợp cho làn da xỉn màu, thâm mụn hoặc nám lâu năm. Công dụng chính Hỗ trợ",https://bizweb.dktcdn.net/100/660/831/products/140.png?v=1777125320163|https://bizweb.dktcdn.net/100/660/831/products/3c40086c-3b14-4cdf-b543-589f39c902a0.jpg?v=1777125320163|https://bizweb.dktcdn.net/100/660/831/products/6fc7c1c5-eeb7-4d79-8fe5-7ab1c8410518.jpg?v=1777125320163|https://bizweb.dktcdn.net/100/660/831/products/5efb2b45-6161-4069-b8e4-c9ba14ec87a8.jpg?v=1777125320163,storage/images/serum-tranexamic-acid-mo-nam-angel-s-liquid-cty-vat/01.png|storage/images/serum-tranexamic-acid-mo-nam-angel-s-liquid-cty-vat/02.jpg|storage/images/serum-tranexamic-acid-mo-nam-angel-s-liquid-cty-vat/03.jpg|storage/images/serum-tranexamic-acid-mo-nam-angel-s-liquid-cty-vat/04.jpg,2026-07-12T17:03:17+00:00
https://mtd-global.com/tay-da-chet-kyunglab-cty-vat,tay-da-chet-kyunglab-cty-vat,"TẨY DA CHẾT KYUNGLAB ( CTY - VAT )",KYUNGLAB,8809655283187,TDC,out_of_stock,350000,530000,VND,"Mô tả Tẩy da chết KyungLab Thông tin sản phẩm Thương hiệu: KyungLab Xuất xứ: Hàn Quốc Loại sản phẩm: Tẩy tế bào chết da mặt Dạng: Gel peeling / tẩy da chết dịu nhẹ Loại da phù hợp: Mọi loại da, đặc biệt da nhạy cảm, Mô tả sản phẩm Tẩy da chết KyungLab là sản phẩm giúp loại bỏ tế bào chết, bụi bẩn và bã nhờn tích tụ trê",https://bizweb.dktcdn.net/100/660/831/products/71.png?v=1777128036160|https://bizweb.dktcdn.net/100/660/831/products/50eb5379-9e3f-46bf-b371-55f7c15ce9f9.jpg?v=1777128038413,storage/images/tay-da-chet-kyunglab-cty-vat/01.png|storage/images/tay-da-chet-kyunglab-cty-vat/02.jpg,2026-07-12T17:03:21+00:00
https://mtd-global.com/duong-the-kyunglab-whitening-body-cream-cty-vat,duong-the-kyunglab-whitening-body-cream-cty-vat,"DƯỠNG THỂ KYUNGLAB WHITENING BODY CREAM ( CTY - VAT )",KYUNGLAB,8809801695437,Body,out_of_stock,650000,750000,VND,"Kem dưỡng nâng tone body KyungLab Whitening Body Cream – Dưỡng Da Sáng Mịn & Căng Bóng Toàn Thân Mô tả sản phẩm: Kem dưỡng thể KyungLab Whitening Body Cream là sản phẩm dưỡng da toàn thân cao cấp đến từ Hàn Quốc , thiết kế để nâng tone da trắng sáng tức thì đồng thời nuôi dưỡng da mềm mịn, đều màu và căng bóng tự nhiên",https://bizweb.dktcdn.net/100/660/831/products/75.png?v=1777129358770|https://bizweb.dktcdn.net/100/660/831/products/b9496e93-d9ea-49a8-88c6-1a4ba5b52cb4.jpg?v=1777129358770,storage/images/duong-the-kyunglab-whitening-body-cream-cty-vat/01.png|storage/images/duong-the-kyunglab-whitening-body-cream-cty-vat/02.jpg,2026-07-12T17:03:23+00:00
https://mtd-global.com/tay-te-bao-chet-body-kyunglab-pure-body-scrub-cty-vat,tay-te-bao-chet-body-kyunglab-pure-body-scrub-cty-vat,"TẨY TẾ BÀO CHẾT BODY KYUNGLAB PURE BODY SCRUB ( CTY - VAT )",KYUNGLAB,8809801695420,TDC,in_stock,450000,550000,VND,"Tẩy tế bào chết toàn thân KyungLab Pure Body Scrub – Sạch Sần Sùi, Mịn Da Ngay Lần Đầu Mô tả sản phẩm: KyungLab Pure Body Scrub là sản phẩm tẩy tế bào chết toàn thân cao cấp giúp loại bỏ lớp da chết sần sùi, bụi bẩn và bã nhờn tích tụ sâu trong lỗ chân lông. Công thức hạt scrub dịu nhẹ kết hợp các thành phần dưỡng da g",https://bizweb.dktcdn.net/100/660/831/products/ban-sao-cua-frame-sp-235.png?v=1778075679580|https://bizweb.dktcdn.net/100/660/831/products/vn-11134207-7ra0g-m6p63ix164ag02-6d6257cb4de347368282c35b7ead225c-1024x1024.jpg?v=1778075679580|https://bizweb.dktcdn.net/100/660/831/products/f710da6d-fe90-4dbb-89aa-7d8f3fccf202.jpg?v=1778075679580,storage/images/tay-te-bao-chet-body-kyunglab-pure-body-scrub-cty-vat/01.png|storage/images/tay-te-bao-chet-body-kyunglab-pure-body-scrub-cty-vat/02.jpg|storage/images/tay-te-bao-chet-body-kyunglab-pure-body-scrub-cty-vat/03.jpg,2026-07-12T17:03:27+00:00
https://mtd-global.com/giam-hongcho-vi-luu-hongcho-pomegranate-vinaigrette-drink-dg-900ml-chai-12-chai-thung,giam-hongcho-vi-luu-hongcho-pomegranate-vinaigrette-drink-dg-900ml-chai-12-chai-thung,"Nước OFood Hong vị lựu, không ga, 900ml/chai",HONGCHO,8801052431499,"THỰC PHẨM",in_stock,199000,299000,VND,"Hongcho là thương hiệu giấm uống nổi tiếng đến từ Hàn Quốc, trực thuộc tập đoàn thực phẩm lớn CJ CheilJedang . Thương hiệu chuyên phát triển các dòng vinegar drink (giấm uống trái cây) với công thức cân bằng giữa giấm lên men tự nhiên và chiết xuất trái cây, hướng đến lối sống lành mạnh và hỗ trợ tiêu hóa. 2. THÔNG TIN",https://bizweb.dktcdn.net/100/660/831/products/273.png?v=1778075391743|https://bizweb.dktcdn.net/100/660/831/products/2db6c5b2-fb79-4801-a70b-683a1c63bb2e.jpg?v=1778075391743|https://bizweb.dktcdn.net/100/660/831/products/4-5.png?v=1778075391743|https://bizweb.dktcdn.net/100/660/831/products/02d866b9-d7ec-4a5a-9060-cad143dacb4d.jpg?v=1778075385423,storage/images/giam-hongcho-vi-luu-hongcho-pomegranate-vinaigrette-drink-dg-900ml-chai-12-chai-thung/01.png|storage/images/giam-hongcho-vi-luu-hongcho-pomegranate-vinaigrette-drink-dg-900ml-chai-12-chai-thung/02.jpg|storage/images/giam-hongcho-vi-luu-hongcho-pomegranate-vinaigrette-drink-dg-900ml-chai-12-chai-thung/03.png|storage/images/giam-hongcho-vi-luu-hongcho-pomegranate-vinaigrette-drink-dg-900ml-chai-12-chai-thung/04.jpg,2026-07-12T17:03:30+00:00
https://mtd-global.com/tay-da-chet-relab-cica-peeling-gel-cty-vat,tay-da-chet-relab-cica-peeling-gel-cty-vat,"TẨY DA CHẾT RELAB CICA PEELING GEL ( CTY - VAT )",RELAB,8809136716623,TDC,in_stock,220000,320000,VND,"Thông tin sản phẩm Thương hiệu: RELAB Nguồn gốc xuất xứ: Hàn Quốc Loại sản phẩm: Gel tẩy tế bào chết cho da mặt Dạng: Gel peeling Mô tả sản phẩm RELAB Cica Peeling Gel là gel tẩy tế bào chết mặt với công thức dịu nhẹ nhưng hiệu quả , giúp loại bỏ lớp tế bào chết, bã nhờn và cặn mỹ phẩm trên bề mặt da mà không làm da kh",https://bizweb.dktcdn.net/100/660/831/products/78.png?v=1777127954857|https://bizweb.dktcdn.net/100/660/831/products/vn-11134207-7ra0g-m9zeqo09smted3.jpg?v=1777127954860,storage/images/tay-da-chet-relab-cica-peeling-gel-cty-vat/01.png|storage/images/tay-da-chet-relab-cica-peeling-gel-cty-vat/02.jpg,2026-07-12T17:03:34+00:00
https://mtd-global.com/duong-the-relab-whitening-body-lotion-cty-vat,duong-the-relab-whitening-body-lotion-cty-vat,"Sản phẩm kem dưỡng da toàn thân RE:LAB WHITENING BODY LOTION 200ml",RELAB,8809962372338,Body,in_stock,250000,370000,VND,"Kem body RE:LAB Whitening Body Lotion 200ml – Dưỡng Thể Làm Sáng & Mềm Mịn Toàn Thân Mô tả sản phẩm: Dưỡng thể RE:LAB Whitening Body Lotion là sản phẩm chăm sóc da toàn thân đến từ Hàn Quốc thiết kế riêng để dưỡng trắng da, nâng tone nhẹ nhàng và nuôi dưỡng làn da mềm mịn, đều màu hơn mỗi ngày . Kết cấu lotion mỏng nhẹ",https://bizweb.dktcdn.net/100/660/831/products/11.png?v=1777128427517|https://bizweb.dktcdn.net/100/660/831/products/7f5bcee4-b6c9-49c1-8432-0298b3ea590b.jpg?v=1777128427517|https://bizweb.dktcdn.net/100/660/831/products/39a78121-1789-4f02-bb7d-69efa9b6110b.jpg?v=1777128427517|https://bizweb.dktcdn.net/100/660/831/products/c45530b0-efa6-4d25-b231-e2114de622a9.jpg?v=1777128427517,storage/images/duong-the-relab-whitening-body-lotion-cty-vat/01.png|storage/images/duong-the-relab-whitening-body-lotion-cty-vat/02.jpg|storage/images/duong-the-relab-whitening-body-lotion-cty-vat/03.jpg|storage/images/duong-the-relab-whitening-body-lotion-cty-vat/04.jpg,2026-07-12T17:03:37+00:00
https://mtd-global.com/kem-duong-trang-7-day-glutathione-700v-cream-cty-vat,kem-duong-trang-7-day-glutathione-700v-cream-cty-vat,"KEM DƯỠNG TRẮNG 7 DAY GLUTATHIONE 700V - CREAM ( CTY - VAT )","ANGEL'S LIQUID",8809418753773,"kem dưỡng",out_of_stock,390000,490000,VND,"Angel’s Liquid 7 Day Glutathione 700 V-Cream (50ml) Mô tả sản phẩm : Angel’s Liquid 7 Day Glutathione 700 V-Cream là kem dưỡng trắng da cao cấp đến từ Hàn Quốc, ứng dụng công thức Glutathione 700mg kết hợp Niacinamide 5% , giúp cải thiện sắc tố, làm sáng da và phục hồi làn da xỉn màu chỉ sau thời gian ngắn sử dụng. Sản",https://bizweb.dktcdn.net/100/660/831/products/121.png?v=1777125882733|https://bizweb.dktcdn.net/100/660/831/products/2eec8f62-9bdf-4b63-a831-fa45611eff64.jpg?v=1777125882733|https://bizweb.dktcdn.net/100/660/831/products/9d0de300-685e-4fe1-8af4-d0ea89bcc607.jpg?v=1777125882733,storage/images/kem-duong-trang-7-day-glutathione-700v-cream-cty-vat/01.png|storage/images/kem-duong-trang-7-day-glutathione-700v-cream-cty-vat/02.jpg|storage/images/kem-duong-trang-7-day-glutathione-700v-cream-cty-vat/03.jpg,2026-07-12T17:03:40+00:00
https://mtd-global.com/thuc-pham-bo-sung-why-y-care-lacto-on,thuc-pham-bo-sung-why-y-care-lacto-on,"THỰC PHẨM BỔ SUNG WHY Y CARE ( LACTO ON )","WHY Y CARE",8809447403403,"THỰC PHẨM CHỨC NĂNG",out_of_stock,300000,400000,VND,"Why Y Care Lacto On là thực phẩm bổ sung men vi sinh cao cấp từ Hàn Quốc, được phát triển chuyên biệt cho phụ khoa và hệ tiêu hóa , giúp cân bằng hệ vi sinh, tăng cường sức khỏe từ bên trong và cải thiện các vấn đề nhạy cảm thường gặp ở phụ nữ. Sản phẩm ứng dụng công thức probiotics đa chủng + prebiotics , mang lại hiệ",https://bizweb.dktcdn.net/100/660/831/products/ban-sao-cua-frame-sp-234.png?v=1778074706510|https://bizweb.dktcdn.net/100/660/831/products/967937-vn-11134207-7r98o-luvgwfky410244.jpg?v=1778074708187|https://bizweb.dktcdn.net/100/660/831/products/2773735d-e4d2-45ea-bbca-c9f8b1c5dbb9.jpg?v=1778074708187|https://bizweb.dktcdn.net/100/660/831/products/914089dc-214f-41f4-9fea-871d15fa59c8.jpg?v=1778074708187|https://bizweb.dktcdn.net/100/660/831/products/6a4d2a96-0075-4ddb-86d1-9b4528af83bf.jpg?v=1778074708187|https://bizweb.dktcdn.net/100/660/831/products/d5ab8ee2-a275-4674-9b71-d0ca3e3691c9.jpg?v=1778074708187,storage/images/thuc-pham-bo-sung-why-y-care-lacto-on/01.png|storage/images/thuc-pham-bo-sung-why-y-care-lacto-on/02.jpg|storage/images/thuc-pham-bo-sung-why-y-care-lacto-on/03.jpg|storage/images/thuc-pham-bo-sung-why-y-care-lacto-on/04.jpg|storage/images/thuc-pham-bo-sung-why-y-care-lacto-on/05.jpg|storage/images/thuc-pham-bo-sung-why-y-care-lacto-on/06.jpg,2026-07-12T17:03:43+00:00
https://mtd-global.com/son-maybelline-25-baby-tee-cty-vat,son-maybelline-25-baby-tee-cty-vat,"SON MAYBELLINE 25 BABY TEE ( CTY - VAT )",MAYBELLINE,6902395972150,son,in_stock,260000,320000,VND,"MAYBELLINE SUPERSTAY TEDDY TINT – #25 BABY TEE Thương hiệu: Maybelline New York Dòng sản phẩm: Superstay Teddy Tint Xuất xứ: USA Dạng: Son tint / son kem lì Phong cách: Tự nhiên – ngọt ngào – MLBB (My Lips But Better) – hiện đại GIỚI THIỆU SẢN PHẨM Maybelline Superstay Teddy Tint #25 Baby Tee là thỏi son tint thế hệ mớ",https://bizweb.dktcdn.net/100/660/831/products/226.png?v=1778074932060|https://bizweb.dktcdn.net/100/660/831/products/3efff767-afc5-4ae7-a7d9-2c90ca07d7eb.jpg?v=1778074932060,storage/images/son-maybelline-25-baby-tee-cty-vat/01.png|storage/images/son-maybelline-25-baby-tee-cty-vat/02.jpg,2026-07-12T17:03:47+00:00
https://mtd-global.com/son-maybelline-185-caramel,son-maybelline-185-caramel,"SON MAYBELLINE 185 CARAMEL",MAYBELLINE,6902395972853,son,in_stock,260000,,VND,"MAYBELLINE COLOR SENSATIONAL / SUPERSTAY – #185 CARAMEL Thương hiệu: Maybelline New York Dòng sản phẩm: Color Sensational / SuperStay Vinyl Ink (tùy phiên bản thị trường) Xuất xứ: USA Dạng: Son môi / son kem hoặc son lì tùy dòng Phong cách: Nâu caramel – MLBB sang trọng – ấm áp – hiện đại GIỚI THIỆU SẢN PHẨM Maybelline",https://bizweb.dktcdn.net/100/660/831/products/bcd48ca9-474d-41cf-a37c-73a7f5f9d368.jpg?v=1774337920260,storage/images/son-maybelline-185-caramel/01.jpg,2026-07-12T17:03:52+00:00
https://mtd-global.com/kem-lot-fit-me-maybelline,kem-lot-fit-me-maybelline,"KEM LÓT FIT ME MAYBELLINE",MAYBELLINE,6902395808503,Makeup,out_of_stock,200000,300000,VND,"MAYBELLINE FIT ME PRIMER MATTE + PORELESS (KEM LÓT KIỀM DẦU) Thương hiệu: Maybelline New York Dòng sản phẩm: Fit Me Primer Loại sản phẩm: Kem lót trang điểm Kết cấu: Dạng kem mỏng nhẹ Phong cách: Mịn lì – kiềm dầu – che lỗ chân lông – nền lâu trôi. Maybelline Fit Me Primer Matte + Poreless là kem lót “quốc dân” giúp tạ",https://bizweb.dktcdn.net/100/660/831/products/236.png?v=1778074980013|https://bizweb.dktcdn.net/100/660/831/products/2-91eba49732744d67920c2cbd4f2b1a52-2048x2048.jpg?v=1778075011603,storage/images/kem-lot-fit-me-maybelline/01.png|storage/images/kem-lot-fit-me-maybelline/02.jpg,2026-07-12T17:03:54+00:00
https://mtd-global.com/phan-ma-3ce-how-dare,phan-ma-3ce-how-dare,"PHẤN MÁ 3CE HOW DARE",3CE,8809664985867,Makeup,in_stock,,,VND,"Mô tả sản phẩm chuẩn brand mỹ phẩm Tên sản phẩm: Phấn má 3CE How Dare Blush Thương hiệu: 3CE Xuất xứ: Hàn Quốc Mô tả sản phẩm Phấn má 3CE How Dare Blush là dòng má hồng dạng phấn nổi bật với gam màu hiện đại, mang lại hiệu ứng ửng hồng tự nhiên nhưng vẫn có chiều sâu và cá tính. Kết cấu phấn mịn nhẹ, dễ tán, giúp tiệp",https://bizweb.dktcdn.net/100/660/831/products/58cfb4cd-6d61-47ae-ab5c-1dfc196a7df8.jpg?v=1774952089963|https://bizweb.dktcdn.net/100/660/831/products/2f40bb80-84ef-468b-b051-d2e2cf1d47e6.jpg?v=1774952089963,storage/images/phan-ma-3ce-how-dare/01.jpg|storage/images/phan-ma-3ce-how-dare/02.jpg,2026-07-12T17:03:56+00:00
https://mtd-global.com/long-mi-cum-jary-p6-vuot-meo-full-box-cty-vat,long-mi-cum-jary-p6-vuot-meo-full-box-cty-vat,"LÔNG MI CỤM JARY P6 VUỐT MÈO FULL BOX ( CTY - VAT )",JARY,8936228463001,"Phụ kiện",in_stock,90000,120000,VND,"LÔNG MI CỤM JARY P6 VUỐT MÈO FULL BOX – SIÊU CUỐN HÚT 💖 ✨ Đôi mắt sắc sảo, dài cong và “chill vibe” vuốt mèo chỉ trong vài phút! 💎 Đặc điểm nổi bật: Mi cụm Jary P6 thiết kế dáng vuốt mèo (cat-eye) thời thượng Sợi mi mảnh, nhẹ, tạo hiệu ứng dài – cong – tơi tự nhiên Full box tiện lợi, đủ cụm dùng cho nhiều lần makeup",https://bizweb.dktcdn.net/100/660/831/products/8c06afeb-cdfa-43e3-aec7-b29869dd2c85.jpg?v=1774783562953|https://bizweb.dktcdn.net/100/660/831/products/65cff86c-47dd-4b64-8f82-ce9f05c8b387.jpg?v=1776422642270,storage/images/long-mi-cum-jary-p6-vuot-meo-full-box-cty-vat/01.jpg|storage/images/long-mi-cum-jary-p6-vuot-meo-full-box-cty-vat/02.jpg,2026-07-12T17:03:59+00:00
https://mtd-global.com/long-mi-cum-jary-p2-tai-tho-full-box-cty-vat,long-mi-cum-jary-p2-tai-tho-full-box-cty-vat,"LÔNG MI CỤM JARY P2 TAI THỎ FULL BOX ( CTY - VAT)",JARY,8936228462981,"Phụ kiện",in_stock,90000,120000,VND,"💖 LÔNG MI CỤM JARY P2 TAI THỎ FULL BOX – DỄ THƯƠNG & SIÊU TỰ NHIÊN ✨ Vibe “baby doll” trong trẻo, đôi mắt to tròn cực cuốn hút chỉ với vài cụm mi! 💎 Đặc điểm nổi bật: Mi cụm Jary P2 thiết kế dáng tai thỏ (bunny ear) siêu dễ thương Sợi mi mảnh, nhẹ, mềm mại – tạo hiệu ứng tự nhiên như mi thật Full box tiện lợi, đủ cụm",https://bizweb.dktcdn.net/100/660/831/products/be0d2f00-e1f6-4a35-8996-37c591208bce.jpg?v=1774783463943|https://bizweb.dktcdn.net/100/660/831/products/bfec8f26-1f9e-45dd-845e-b0b635e9ceb2.jpg?v=1776423055270,storage/images/long-mi-cum-jary-p2-tai-tho-full-box-cty-vat/01.jpg|storage/images/long-mi-cum-jary-p2-tai-tho-full-box-cty-vat/02.jpg,2026-07-12T17:04:03+00:00
https://mtd-global.com/mini-serum-so-natural-white-red-peel-duong-trang-uc-che-nam-size-11ml-cty-vat,mini-serum-so-natural-white-red-peel-duong-trang-uc-che-nam-size-11ml-cty-vat,"MINI SERUM SO NATURAL WHITE RED PEEL DƯỠNG TRẮNG ỨC CHẾ NÁM SIZE 11ML ( CTY - VAT )","SO NATURAL",8809263878799,"tinh chất",in_stock,180000,280000,VND,"Mô tả sản phẩm: So Natural Red Peel White Serum (size mini 11ml) là tinh chất dưỡng da đến từ thương hiệu So Natural. Thương hiệu: So Natural Xuất xứ: Hàn Quốc Dung tích: 11ml (mini) Dạng: Serum/ampoule Dưỡng trắng – mờ nám – tái tạo da Sản phẩm nổi bật với khả năng dưỡng trắng – ức chế nám – cải thiện sắc tố da , kết",https://bizweb.dktcdn.net/100/660/831/products/141.png?v=1777125297243|https://bizweb.dktcdn.net/100/660/831/products/db7a3ea5-e053-4d83-973a-356b0eb06032.jpg?v=1777125297243|https://bizweb.dktcdn.net/100/660/831/products/9a838605-2f18-44f0-8c90-2c7991e99183.jpg?v=1777125297243,storage/images/mini-serum-so-natural-white-red-peel-duong-trang-uc-che-nam-size-11ml-cty-vat/01.png|storage/images/mini-serum-so-natural-white-red-peel-duong-trang-uc-che-nam-size-11ml-cty-vat/02.jpg|storage/images/mini-serum-so-natural-white-red-peel-duong-trang-uc-che-nam-size-11ml-cty-vat/03.jpg,2026-07-12T17:04:08+00:00
https://mtd-global.com/san-pham-duong-da-sena-demar-be-glow-cushion-dang-kem-giup-duong-am-lam-trang-15g,san-pham-duong-da-sena-demar-be-glow-cushion-dang-kem-giup-duong-am-lam-trang-15g,"Sản phẩm dưỡng da SENA DEMAR BE GLOW CUSHION dạng kem,giúp dưỡng ẩm, làm trắng 15g","SENA DEMAR",8809136716326,makeup,out_of_stock,390000,590000,VND,"Cushion senademar – Quà Nội Bộ Mô tả dưới sản phẩm: 🔺Sản phẩm thuộc chương trình quà nội bộ tri ân đầu năm. Khách đặt hàng theo link và ib trực tiếp cho shop để được xác nhận quyền lợi ưu đãi riêng. Giá ưu đãi không hiển thị công khai trên hệ thống và chỉ áp dụng sau khi shop xác nhận đơn hợp lệ. Chương trình giới hạn",https://bizweb.dktcdn.net/100/660/831/products/227.png?v=1778075264020|https://bizweb.dktcdn.net/100/660/831/products/e7acbddd-9983-42f5-a3e8-64c687eb14fd.jpg?v=1778075264020|https://bizweb.dktcdn.net/100/660/831/products/sg-11134201-7rbm1-m60m9l5ab7wg16-1769939323491.jpg?v=1778075259073|https://bizweb.dktcdn.net/100/660/831/products/779da77c-4f31-44f2-8669-5be81e6e6993.jpg?v=1778075259073|https://bizweb.dktcdn.net/100/660/831/products/ff5af78a-5105-4761-a0a1-9c75fb48ac1f.jpg?v=1778075259073|https://bizweb.dktcdn.net/100/660/831/products/2f124029-c56c-41b3-ab54-548cd067115d.jpg?v=1778075259073,storage/images/san-pham-duong-da-sena-demar-be-glow-cushion-dang-kem-giup-duong-am-lam-trang-15g/01.png|storage/images/san-pham-duong-da-sena-demar-be-glow-cushion-dang-kem-giup-duong-am-lam-trang-15g/02.jpg|storage/images/san-pham-duong-da-sena-demar-be-glow-cushion-dang-kem-giup-duong-am-lam-trang-15g/03.jpg|storage/images/san-pham-duong-da-sena-demar-be-glow-cushion-dang-kem-giup-duong-am-lam-trang-15g/04.jpg|storage/images/san-pham-duong-da-sena-demar-be-glow-cushion-dang-kem-giup-duong-am-lam-trang-15g/05.jpg|storage/images/san-pham-duong-da-sena-demar-be-glow-cushion-dang-kem-giup-duong-am-lam-trang-15g/06.jpg,2026-07-12T17:04:12+00:00
https://mtd-global.com/san-pham-duong-da-sena-demar-s-o-s-skin-relief-cream-giup-phuc-hoi-duong-am-trang-da-50g,san-pham-duong-da-sena-demar-s-o-s-skin-relief-cream-giup-phuc-hoi-duong-am-trang-da-50g,"Kem dưỡng da SENA DEMAR S.O.S SKIN RELIEF HYDRATING CREAM, 50g","SENA DEMAR",8809136716661,"kem dưỡng",in_stock,350000,450000,VND,"Kem dưỡng phục hồi SOS SENA DERMA (S.O.S Skin Relief Cream 50g) Mô tả sản phẩm SENA DERMA S.O.S Skin Relief Cream là kem dưỡng phục hồi chuyên sâu thuộc nhóm SOS skincare , được thiết kế dành riêng cho làn da nhạy cảm, kích ứng hoặc đang tổn thương . Sản phẩm ứng dụng công nghệ Niosome B5 kết hợp hệ dưỡng ẩm đa tầng, g",https://bizweb.dktcdn.net/100/660/831/products/126.png?v=1777127821183|https://bizweb.dktcdn.net/100/660/831/products/2c6a68be-5cc7-4d82-bd94-649bb7d6bf7d.jpg?v=1777127821183|https://bizweb.dktcdn.net/100/660/831/products/z7384725042855-e53fd97991d5076aced3c1ea82021f9c-1767174628684.jpg?v=1777127821183|https://bizweb.dktcdn.net/100/660/831/products/1beffb6d-df89-4f33-8d04-a6b5bf8480f3.jpg?v=1777127821183|https://bizweb.dktcdn.net/100/660/831/products/be6a7dac-ecea-4e7e-b793-093e8a44a159.jpg?v=1777127821183,storage/images/san-pham-duong-da-sena-demar-s-o-s-skin-relief-cream-giup-phuc-hoi-duong-am-trang-da-50g/01.png|storage/images/san-pham-duong-da-sena-demar-s-o-s-skin-relief-cream-giup-phuc-hoi-duong-am-trang-da-50g/02.jpg|storage/images/san-pham-duong-da-sena-demar-s-o-s-skin-relief-cream-giup-phuc-hoi-duong-am-trang-da-50g/03.jpg|storage/images/san-pham-duong-da-sena-demar-s-o-s-skin-relief-cream-giup-phuc-hoi-duong-am-trang-da-50g/04.jpg|storage/images/san-pham-duong-da-sena-demar-s-o-s-skin-relief-cream-giup-phuc-hoi-duong-am-trang-da-50g/05.jpg,2026-07-12T17:04:16+00:00
https://mtd-global.com/bang-mat-2-tang-4-mau-gogo-tales-g05,bang-mat-2-tang-4-mau-gogo-tales-g05,"BẢNG MẮT 2 TẦNG 4 MÀU GOGO TALES #G05","GOGO TALES",6955416229474,Makeup,in_stock,110000,190000,VND,"Bảng phấn mắt 2 tầng 4 màu Gogo Tales #G05 (2-layer eyeshadow & blush palette) là bảng trang điểm đa năng thuộc thương hiệu Gogo Tales – mỹ phẩm nội địa Trung Quốc, thiết kế dạng 2 tầng nhỏ gọn gồm 4 ô màu dùng cho mắt và má. Thông tin cơ bản Thương hiệu: Gogo Tales Xuất xứ: Nội địa Trung Quốc Mã màu: #G05 Dạng sản phẩ",https://bizweb.dktcdn.net/100/660/831/products/1cd41922-298d-4304-8a5a-15a44586949f.jpg?v=1775184178163|https://bizweb.dktcdn.net/100/660/831/products/1cb8f69c-f578-4c30-b482-2b1a7c9428ad.jpg?v=1775184178163,storage/images/bang-mat-2-tang-4-mau-gogo-tales-g05/01.jpg|storage/images/bang-mat-2-tang-4-mau-gogo-tales-g05/02.jpg,2026-07-12T17:04:20+00:00
https://mtd-global.com/bang-ma-hong-gogo-tales-4-o-704-cty-vat,bang-ma-hong-gogo-tales-4-o-704-cty-vat,"BẢNG MÁ HỒNG GOGO TALES 4 Ô #704 ( CTY - VAT )","GOGO TALES",6955416228309,Makeup,in_stock,100000,190000,VND,"Bảng má hồng Gogo Tales 4 ô #704 (Soft Mist Naked Feeling Blush) là bảng má hồng dạng phấn nén gồm 4 ô màu trong cùng một palette, thiết kế nhỏ gọn, tiện mang theo và phù hợp trang điểm hằng ngày. Thương hiệu: Gogo Tales Xuất xứ: Nội địa Trung Dòng sản phẩm: Phấn má hồng dạng nén 4 ô màu Mô tả chi tiết: Mã màu: #704 (t",https://bizweb.dktcdn.net/100/660/831/products/980a03ae-d5e6-4f44-9d29-18b261596f29.jpg?v=1774337903200|https://bizweb.dktcdn.net/100/660/831/products/d60cf94c-7469-4864-afef-416dfdbdca6c.jpg?v=1776159804023,storage/images/bang-ma-hong-gogo-tales-4-o-704-cty-vat/01.jpg|storage/images/bang-ma-hong-gogo-tales-4-o-704-cty-vat/02.jpg,2026-07-12T17:04:22+00:00
https://mtd-global.com/bang-ma-hong-gogo-tales-4-o-701-cty-vat,bang-ma-hong-gogo-tales-4-o-701-cty-vat,"BẢNG MÁ HỒNG GOGO TALES 4 Ô #701 ( CTY - VAT )B","GOGO TALES",6955416223663,Makeup,in_stock,100000,180000,VND,"Bảng má hồng Gogo Tales 4 ô #701 (Soft Mist Naked Feeling Blush) là bảng phấn má hồng dạng nén gồm 4 ô màu trong cùng một palette, thuộc thương hiệu Gogo Tales – mỹ phẩm nội địa Trung Quốc. Thông tin cơ bản Thương hiệu: Gogo Tales Xuất xứ: Nội địa Trung Quốc Mã màu: #701 Dạng sản phẩm: Phấn má hồng 4 ô (multi-shade blu",https://bizweb.dktcdn.net/100/660/831/products/9bf5a527-4929-4146-9d79-c3c5068701cb.jpg?v=1776159585357|https://bizweb.dktcdn.net/100/660/831/products/da81958a-38af-42e9-8b89-acafbc22b921.jpg?v=1776159604273|https://bizweb.dktcdn.net/100/660/831/products/9a798d2e-5dd1-4919-8883-40721eda0a08.jpg?v=1776159761243,storage/images/bang-ma-hong-gogo-tales-4-o-701-cty-vat/01.jpg|storage/images/bang-ma-hong-gogo-tales-4-o-701-cty-vat/02.jpg|storage/images/bang-ma-hong-gogo-tales-4-o-701-cty-vat/03.jpg,2026-07-12T17:04:25+00:00
https://mtd-global.com/bang-phan-ma-hong-3-o-hold-live-105-cty-vat,bang-phan-ma-hong-3-o-hold-live-105-cty-vat,"BẢNG PHẤN MÁ HỒNG 3 Ô HOLD LIVE #105 ( CTY - VAT )","HOLD LIVE",6955416227852,Makeup,in_stock,96000,180000,VND,"Bảng phấn má hồng 3 ô Hold Live #105 là bảng má hồng thuộc thương hiệu Hold Live – mỹ phẩm nội địa Trung Quốc, thiết kế dạng hộp nhỏ gọn gồm 3 ô màu phối sẵn, giúp tạo hiệu ứng má hồng tự nhiên và dễ dàng mix màu. Thông tin cơ bản Thương hiệu: Hold Live Xuất xứ: Nội địa Trung Quốc Mã màu: #105 Dạng sản phẩm: Phấn má hồ",https://bizweb.dktcdn.net/100/660/831/products/e7c31bf7-a428-4f9c-88bf-8a1be1fe657b.jpg?v=1776160744490,storage/images/bang-phan-ma-hong-3-o-hold-live-105-cty-vat/01.jpg,2026-07-12T17:04:28+00:00
https://mtd-global.com/bang-phan-ma-hong-3-o-hold-live-107-cty-vat,bang-phan-ma-hong-3-o-hold-live-107-cty-vat,"BẢNG PHẤN MÁ HỒNG 3 Ô HOLD LIVE #107 ( CTY - VAT )","HOLD LIVE",6955416230562,Makeup,in_stock,96000,,VND,"Bảng phấn má hồng 3 ô Hold Live (Secret Garden Blush) là bảng má hồng dạng nén thuộc thương hiệu Hold Live – mỹ phẩm nội địa Trung Quốc, thiết kế gồm 3 ô màu phối sẵn giúp tạo hiệu ứng má hồng tự nhiên và dễ dàng mix màu. Thông tin cơ bản Thương hiệu: Hold Live Xuất xứ: Nội địa Trung Quốc Dòng sản phẩm: Secret Garden B",https://bizweb.dktcdn.net/100/660/831/products/b6921104-c1ef-4deb-afdc-2342003641d3.jpg?v=1776160960363,storage/images/bang-phan-ma-hong-3-o-hold-live-107-cty-vat/01.jpg,2026-07-12T17:04:33+00:00
https://mtd-global.com/bang-phan-ma-hong-3-o-hold-live-101-cty-vat,bang-phan-ma-hong-3-o-hold-live-101-cty-vat,"BẢNG PHẤN MÁ HỒNG 3 Ô HOLD LIVE #101 ( CTY - VAT )","HOLD LIVE",6955416218638,Makeup,in_stock,96000,190000,VND,"Bảng phấn má hồng 3 ô Hold Live #101 (Secret Garden Blush) là bảng má hồng dạng nén thuộc thương hiệu Hold Live – mỹ phẩm nội địa Trung Quốc, thiết kế gồm 3 ô màu phối sẵn giúp tạo hiệu ứng má hồng tự nhiên và dễ dàng mix màu. Thông tin cơ bản Thương hiệu: Hold Live Xuất xứ: Nội địa Trung Quốc Dòng sản phẩm: Secret Gar",https://bizweb.dktcdn.net/100/660/831/products/30eda8db-e621-477c-8754-43736f07e0b7.jpg?v=1776161022370,storage/images/bang-phan-ma-hong-3-o-hold-live-101-cty-vat/01.jpg,2026-07-12T17:04:35+00:00
https://mtd-global.com/bang-mat-7-o-hold-live-701-cty-vat,bang-mat-7-o-hold-live-701-cty-vat,"BẢNG MẮT 7 Ô HOLD LIVE #701 ( CTY - VAT )","GOGO TALES",6955416223588,Makeup,in_stock,125000,190000,VND,"Bảng phấn mắt 7 ô Hold Live #701 (Paris Garden Eyeshadow Palette) là bảng phấn mắt thuộc thương hiệu Hold Live – mỹ phẩm nội địa Trung Quốc, thiết kế 7 ô màu đa năng dùng để trang điểm mắt với nhiều phong cách khác nhau. Thông tin cơ bản Thương hiệu: Hold Live Xuất xứ: Nội địa Trung Quốc Dòng sản phẩm: Paris Garden Eye",https://bizweb.dktcdn.net/100/660/831/products/29ba1862-bd11-45b2-a057-8fd85cb4e817.jpg?v=1776161356353,storage/images/bang-mat-7-o-hold-live-701-cty-vat/01.jpg,2026-07-12T17:04:37+00:00
https://mtd-global.com/labonita-panthenol-repair-ampoule-50ml,labonita-panthenol-repair-ampoule-50ml,"VITAL PANTHENOL REPAIR CREAM LABONITA 50ML",LABONITA,8809177145017,"kem dưỡng",in_stock,360000,450000,VND,"Labonita Vital Panthenol Repair Cream 50ml Mô tả sản phẩm – Chuẩn chuyên nghiệp theo brand Labonita Vital Panthenol Repair Cream là kem dưỡng phục hồi và bảo vệ da chuyên sâu , được nghiên cứu phát triển dành cho làn da khô yếu, kích ứng hoặc tổn thương do môi trường, điều trị hay stress oxy hóa. Sản phẩm ứng dụng công",https://bizweb.dktcdn.net/100/660/831/products/119.png?v=1777125639507|https://bizweb.dktcdn.net/100/660/831/products/ade2817d-f304-45b6-b382-ea336eaadf64.jpg?v=1777125639507|https://bizweb.dktcdn.net/100/660/831/products/8af346a3-1765-4cce-9873-b34a0f1d7bcc.jpg?v=1777125639507,storage/images/labonita-panthenol-repair-ampoule-50ml/01.png|storage/images/labonita-panthenol-repair-ampoule-50ml/02.jpg|storage/images/labonita-panthenol-repair-ampoule-50ml/03.jpg,2026-07-12T17:04:40+00:00
https://mtd-global.com/mut-trang-diem-jary-s3,mut-trang-diem-jary-s3,"MÚT TRANG ĐIỂM JARY S3",JARY,8936228462837,"Phụ kiện",in_stock,30000,60000,VND,"Thương hiệu & Xuất xứ Thương hiệu: Jary Xuất xứ: Trung Quốc Dòng sản phẩm: Mút trang điểm S3 (Olive cắt lát) Giới thiệu sản phẩm Mút trang điểm Jary Makeup Sponge S3 Mút trang điểm Jary S3 là dụng cụ make up chuyên dụng giúp tán kem nền, cushion và kem che khuyết điểm một cách mịn màng, tự nhiên, mang lại lớp nền tiệp",https://bizweb.dktcdn.net/100/660/831/products/e841f0ad-7a39-456a-b44b-e47813786360.jpg?v=1774782641930,storage/images/mut-trang-diem-jary-s3/01.jpg,2026-07-12T17:04:43+00:00
https://mtd-global.com/kem-duong-chong-lao-hoa-maxclinic-time-return-melatonin-cream-50g,kem-duong-chong-lao-hoa-maxclinic-time-return-melatonin-cream-50g,"KEM DƯỠNG CHỐNG LÃO HÓA MAXCLINIC TIME RETURN MELATONIN CREAM(50G)",MAXCLINIC,8809525243051,"kem dưỡng",out_of_stock,580000,700000,VND,"Maxclinic Melatonin Liposome 5% Cream Mô tả sản phẩm – Chuẩn chuyên nghiệp theo thương hiệu Maxclinic Melatonin Liposome Cream là kem dưỡng da cao cấp ứng dụng Melatonin dạng Liposome , một hoạt chất chống oxy hóa mạnh mẽ tương tự như hormone Melatonin tự nhiên, được thiết kế để phục hồi, chống lão hóa và làm sáng da h",https://bizweb.dktcdn.net/100/660/831/products/ban-sao-cua-frame-sp-236.png?v=1778076357963|https://bizweb.dktcdn.net/100/660/831/products/z6109239875451-74402f7f56b07c241918f968035011aa-1733643216954.jpg?v=1778076357963|https://bizweb.dktcdn.net/100/660/831/products/and9gcsna4jl6ymrlpyrwfqft3sthb1feovxkg9i7btdzrvcfts0uz4msmc1efnde6aa15hdhh9mxk-rlpemht1dgj1h-ymbryt8lop-idollp9ss24-usqp-cac.jpg?v=1778076308893|https://bizweb.dktcdn.net/100/660/831/products/vn-11134258-81ztc-mnd7ib2ncqgz93.png?v=1778076343380,storage/images/kem-duong-chong-lao-hoa-maxclinic-time-return-melatonin-cream-50g/01.png|storage/images/kem-duong-chong-lao-hoa-maxclinic-time-return-melatonin-cream-50g/02.jpg|storage/images/kem-duong-chong-lao-hoa-maxclinic-time-return-melatonin-cream-50g/03.jpg|storage/images/kem-duong-chong-lao-hoa-maxclinic-time-return-melatonin-cream-50g/04.png,2026-07-12T17:04:45+00:00
https://mtd-global.com/phan-nach-hut-mo-hoi-sonatural-powder4room-peach-deo-pact-cty-vat,phan-nach-hut-mo-hoi-sonatural-powder4room-peach-deo-pact-cty-vat,"PHẤN NÁCH HÚT MỒ HÔI SONATURAL POWDER4ROOM PEACH DEO PACT ( CTY - VAT )","SO.NATURAL POWER 4 ROOM",8809263877778,body,in_stock,290000,350000,VND,"Phấn nách hút mồ hôi & khử mùi **So Natural Peach Deo Pact Hương Đào Mô tả sản phẩm: Phấn nách So Natural Peach Deo Pact là giải pháp dưỡng da dưới cánh tay khô thoáng, hút mồ hôi, khử mùi và nâng tone nhẹ nhàng mà không gây ố vàng áo – đặc biệt phù hợp cho những ngày hè oi bức hoặc khi hoạt động mạnh. Sản phẩm được th",https://bizweb.dktcdn.net/100/660/831/products/ban-sao-cua-frame-sp-237.png?v=1778076529597|https://bizweb.dktcdn.net/100/660/831/products/20-5-13bf261779604dfca137deaa01092020.png?v=1778076529597|https://bizweb.dktcdn.net/100/660/831/products/9ec28d04-1b66-463c-b0ec-9fc54f7c8622.jpg?v=1778076529597|https://bizweb.dktcdn.net/100/660/831/products/e197e48b-ab26-4ba4-97de-f41882edd08b.jpg?v=1778076525123|https://bizweb.dktcdn.net/100/660/831/products/6984b0bb-d33c-46fb-82af-1f09a615749e.jpg?v=1778076525123|https://bizweb.dktcdn.net/100/660/831/products/eaf3d1d1-949b-4500-9886-98855339f993.jpg?v=1778076525123|https://bizweb.dktcdn.net/100/660/831/products/63788402-caab-4182-add5-4e97a3a4376b.jpg?v=1778076525123,storage/images/phan-nach-hut-mo-hoi-sonatural-powder4room-peach-deo-pact-cty-vat/01.png|storage/images/phan-nach-hut-mo-hoi-sonatural-powder4room-peach-deo-pact-cty-vat/02.png|storage/images/phan-nach-hut-mo-hoi-sonatural-powder4room-peach-deo-pact-cty-vat/03.jpg|storage/images/phan-nach-hut-mo-hoi-sonatural-powder4room-peach-deo-pact-cty-vat/04.jpg|storage/images/phan-nach-hut-mo-hoi-sonatural-powder4room-peach-deo-pact-cty-vat/05.jpg|storage/images/phan-nach-hut-mo-hoi-sonatural-powder4room-peach-deo-pact-cty-vat/06.jpg|storage/images/phan-nach-hut-mo-hoi-sonatural-powder4room-peach-deo-pact-cty-vat/07.jpg,2026-07-12T17:04:48+00:00
https://mtd-global.com/serum-b5-5-sena-demar-size-50ml-cty-vat,serum-b5-5-sena-demar-size-50ml-cty-vat,"SERUM B5 5% SENA DEMAR SIZE 50ML ( CTY - VAT )","SENA DEMAR",8809136716388,"tinh chất",in_stock,299000,400000,VND,"Serum B5 5% Sena Demar (size 50ml) là tinh chất dưỡng da chuyên sâu đến từ thương hiệu Sena Demar. Thương hiệu: Sena Demar Xuất xứ: Hàn Quốc Dung tích: 50ml Dạng: Serum/ampoule Nhóm sản phẩm: Phục hồi – cấp ẩm – tái tạo da Sản phẩm nổi bật với công thức chứa Vitamin B5 nồng độ 5% kết hợp công nghệ Microneedle , giúp ph",https://bizweb.dktcdn.net/100/660/831/products/132.png?v=1777125755933|https://bizweb.dktcdn.net/100/660/831/products/096b37a7-8877-40b1-b121-64e5c2526fe8.jpg?v=1777125755933|https://bizweb.dktcdn.net/100/660/831/products/8bd179e7-27b4-4324-a2d8-41a7dcb94c12.jpg?v=1777125755933,storage/images/serum-b5-5-sena-demar-size-50ml-cty-vat/01.png|storage/images/serum-b5-5-sena-demar-size-50ml-cty-vat/02.jpg|storage/images/serum-b5-5-sena-demar-size-50ml-cty-vat/03.jpg,2026-07-12T17:04:53+00:00
https://mtd-global.com/serum-duong-da-dr-pepti-centella-dark-spot-soluglon-cty-vat,serum-duong-da-dr-pepti-centella-dark-spot-soluglon-cty-vat,"Tinh chất dưỡng ẩm cấp ẩm cho da CENTELLA DARK SPOT SOLUTION AMPOULE PRO. 30ml/lọ (1 lọ=1pce) Nhãn hàng: DR.PEPTI. HSD: 02/09/2028",DR.PEPTI,8809610272256,"tinh chất",in_stock,360000,460000,VND,"Mô tả sản phẩm: Dr.Pepti Centella Dark Spot Soluglon (Dark Spot Solution Ampoule) là serum dưỡng da chuyên sâu đến từ thương hiệu Dr.Pepti. Thương hiệu: Dr.Pepti Xuất xứ: Hàn Quốc Dung tích: 30ml Dạng: Ampoule/serum Nhóm sản phẩm: Dưỡng sáng – mờ nám – phục hồi da Sản phẩm nổi bật với công thức kết hợp Centella (rau má",https://bizweb.dktcdn.net/100/660/831/products/142.png?v=1777124543363|https://bizweb.dktcdn.net/100/660/831/products/488a62e0-13e8-438b-b232-d2e8c7b31e4d.jpg?v=1777124543363|https://bizweb.dktcdn.net/100/660/831/products/19457504-e7ad-44fc-ac97-d33c2504b3af.jpg?v=1777124543363|https://bizweb.dktcdn.net/100/660/831/products/7e6f6574-7bee-434d-8321-b4f8d2c863c9.jpg?v=1777124543363|https://bizweb.dktcdn.net/100/660/831/products/31bea0fb-a075-4932-aafb-b8498bac50f5.jpg?v=1777124543363,storage/images/serum-duong-da-dr-pepti-centella-dark-spot-soluglon-cty-vat/01.png|storage/images/serum-duong-da-dr-pepti-centella-dark-spot-soluglon-cty-vat/02.jpg|storage/images/serum-duong-da-dr-pepti-centella-dark-spot-soluglon-cty-vat/03.jpg|storage/images/serum-duong-da-dr-pepti-centella-dark-spot-soluglon-cty-vat/04.jpg|storage/images/serum-duong-da-dr-pepti-centella-dark-spot-soluglon-cty-vat/05.jpg,2026-07-12T17:04:57+00:00
https://mtd-global.com/tay-da-chet-rosette-cam-duong-sang-da-cty-vat,tay-da-chet-rosette-cam-duong-sang-da-cty-vat,"Tẩy tế bào chết dưỡng sáng da Rosette Gommage Bright Peel 120g.",ROSETTE,49016965422550,TDC,out_of_stock,150000,200000,VND,"Tẩy da chết dưỡng sáng da Tẩy Tế Bào Chết Dưỡng Sáng Da Rosette Gommage Bright Peel (Cam) – Nhật Bản Thông tin sản phẩm Thương hiệu: Rosette Nguồn gốc xuất xứ: Nhật Bản Loại sản phẩm: Gel tẩy tế bào chết da mặt/body Dung tích: khoảng 120–180 g (tuỳ phiên bản) Dạng: Gel lột/gel peeling dịu nhẹ Mô tả sản phẩm Rosette Gom",https://bizweb.dktcdn.net/100/660/831/products/85.png?v=1777129433113|https://bizweb.dktcdn.net/100/660/831/products/b5b01a63-d0dd-41a1-871b-6679b2c11890.jpg?v=1777129433113|https://bizweb.dktcdn.net/100/660/831/products/9484fffc-2d8d-4fdd-a5ef-d41cd7a282a0.jpg?v=1777129433113|https://bizweb.dktcdn.net/100/660/831/products/5e2dd7eb-09bc-44b2-8916-19451e6d62d7.jpg?v=1777129433113|https://bizweb.dktcdn.net/100/660/831/products/16bda999-e35f-41bf-b34d-30fb4ba70a7c.jpg?v=1777129433113,storage/images/tay-da-chet-rosette-cam-duong-sang-da-cty-vat/01.png|storage/images/tay-da-chet-rosette-cam-duong-sang-da-cty-vat/02.jpg|storage/images/tay-da-chet-rosette-cam-duong-sang-da-cty-vat/03.jpg|storage/images/tay-da-chet-rosette-cam-duong-sang-da-cty-vat/04.jpg|storage/images/tay-da-chet-rosette-cam-duong-sang-da-cty-vat/05.jpg,2026-07-12T17:05:01+00:00
https://mtd-global.com/tay-te-bao-chet-lam-thu-nho-lo-chan-long-rosette-gommage-clear-peel-120g,tay-te-bao-chet-lam-thu-nho-lo-chan-long-rosette-gommage-clear-peel-120g,"Tẩy tế bào chết làm thu nhỏ lỗ chân lông Rosette Gommage",ROSETTE,4901696542248,TDC,in_stock,150000,200000,VND,"Mô tả Tẩy tế bào chết Rosette Gommage Clear Peel 120g Thông tin sản phẩm Thương hiệu: Rosette Nguồn gốc xuất xứ: Nhật Bản Loại sản phẩm: Tẩy tế bào chết da mặt Dung tích: 120g Dạng: Gel peeling không hạt Mô tả sản phẩm Rosette Gommage Clear Peel 120g là gel tẩy tế bào chết đến từ Nhật Bản được thiết kế để làm sạch da,",https://bizweb.dktcdn.net/100/660/831/products/87.png?v=1777129446437|https://bizweb.dktcdn.net/100/660/831/products/56e1b2a5-f174-4d1d-9f8b-5a5ab94aa004.jpg?v=1777129446437|https://bizweb.dktcdn.net/100/660/831/products/1714dc97-dc91-4640-aaf9-179e4a578523.jpg?v=1777129446437|https://bizweb.dktcdn.net/100/660/831/products/49ad5c1e-54c8-46ee-b6c2-7139b361ced2.jpg?v=1777129446437|https://bizweb.dktcdn.net/100/660/831/products/44aaff1c-c84a-4f65-89f5-4847e1e36de0.jpg?v=1777129446437,storage/images/tay-te-bao-chet-lam-thu-nho-lo-chan-long-rosette-gommage-clear-peel-120g/01.png|storage/images/tay-te-bao-chet-lam-thu-nho-lo-chan-long-rosette-gommage-clear-peel-120g/02.jpg|storage/images/tay-te-bao-chet-lam-thu-nho-lo-chan-long-rosette-gommage-clear-peel-120g/03.jpg|storage/images/tay-te-bao-chet-lam-thu-nho-lo-chan-long-rosette-gommage-clear-peel-120g/04.jpg|storage/images/tay-te-bao-chet-lam-thu-nho-lo-chan-long-rosette-gommage-clear-peel-120g/05.jpg,2026-07-12T17:05:07+00:00
https://mtd-global.com/acnaut-active-cream-15ml-biotrade,acnaut-active-cream-15ml-biotrade,"Kem dưỡng da dầu ACNAUT Active cream 15ml",BIOTRADE,3800221842260,"kem dưỡng",in_stock,300000,400000,VND,"Acnaut Active Cream là kem dưỡng – điều trị mụn chuyên sâu được nghiên cứu dành riêng cho da dầu, da mụn và da có khuyết điểm rõ rệt . Sản phẩm có công thức đặc biệt chứa phức hợp PASC đã được cấp bằng sáng chế , vitamin A & E cùng thành phần làm dịu giúp hỗ trợ làm giảm mụn, kiểm soát bã nhờn và thúc đẩy phục hồi da C",https://bizweb.dktcdn.net/100/660/831/products/475.png?v=1783830320670|https://bizweb.dktcdn.net/100/660/831/products/42c0dfe8-f30b-4b3f-8247-9116b2bb4c89.jpg?v=1783830320670,storage/images/acnaut-active-cream-15ml-biotrade/01.png|storage/images/acnaut-active-cream-15ml-biotrade/02.jpg,2026-07-12T17:05:11+00:00
https://mtd-global.com/tay-trang-chacott-cty-vat,tay-trang-chacott-cty-vat,"TẨY TRANG CHACOTT ( CTY - VAT )",CHACOTT,4548863049492,"Tẩy trang",out_of_stock,350000,450000,VND,"Giới thiệu sản phẩm Nước tẩy trang Chacott Cleansing Water là dung dịch tẩy trang micellar cao cấp, thiết kế để loại bỏ lớp trang điểm, kem chống nắng, bụi bẩn và dầu thừa chỉ trong một bước. Sản phẩm mang lại cảm giác sạch sâu nhưng vẫn giữ được độ mềm mại, không gây căng khô da sau khi sử dụng. Thương hiệu: Chacott X",https://bizweb.dktcdn.net/100/660/831/products/94.png?v=1777127554113|https://bizweb.dktcdn.net/100/660/831/products/752e2e241e56be9b41ea9427b3721e29-jpg-v-1681814281987.jpg?v=1777127554113|https://bizweb.dktcdn.net/100/660/831/products/n-c-t-y-trang-cho-da-nh-y-c-m-1024x1024.png?v=1777127554113|https://bizweb.dktcdn.net/100/660/831/products/b9f505bc-b242-4275-9be6-dcf2afa70ac9.jpg?v=1777127554113,storage/images/tay-trang-chacott-cty-vat/01.png|storage/images/tay-trang-chacott-cty-vat/02.jpg|storage/images/tay-trang-chacott-cty-vat/03.png|storage/images/tay-trang-chacott-cty-vat/04.jpg,2026-07-12T17:05:14+00:00
https://mtd-global.com/kem-chong-nang-beplain-sunmuse-tim-nhat-cty-vat,kem-chong-nang-beplain-sunmuse-tim-nhat-cty-vat,"Kem chống nắng Beplain Sunmuse",BEPLAIN,8809623942764,"chống nắng",in_stock,320000,420000,VND,"Beplain Sunmuse Tone Up & Correcting Matte Sunscreen SPF50+ PA++++ – Kem chống nắng nâng tông tím nhạt Mô tả tổng quan sản phẩm Beplain Sunmuse Tone Up & Correcting Matte Sunscreen là kem chống nắng đa chức năng từ Hàn Quốc, kết hợp bảo vệ da trước tia UV và hiệu chỉnh màu da ngay tức thì với tông tím nhạt giúp da sáng",https://bizweb.dktcdn.net/100/660/831/products/6.png?v=1777449066070|https://bizweb.dktcdn.net/100/660/831/products/e0095909-25ae-4d79-a17d-8958e0b06b70.webp?v=1777449123703|https://bizweb.dktcdn.net/100/660/831/products/d2cbc459-8c75-4812-a979-5c5828500c9b.jpg?v=1777449123703|https://bizweb.dktcdn.net/100/660/831/products/4-mang-lc.jpg?v=1777449156610|https://bizweb.dktcdn.net/100/660/831/products/89d1d49b-b866-414a-861b-f87725444c78.webp?v=1777449196257,storage/images/kem-chong-nang-beplain-sunmuse-tim-nhat-cty-vat/01.png|storage/images/kem-chong-nang-beplain-sunmuse-tim-nhat-cty-vat/02.webp|storage/images/kem-chong-nang-beplain-sunmuse-tim-nhat-cty-vat/03.jpg|storage/images/kem-chong-nang-beplain-sunmuse-tim-nhat-cty-vat/04.jpg|storage/images/kem-chong-nang-beplain-sunmuse-tim-nhat-cty-vat/05.webp,2026-07-12T17:05:17+00:00
https://mtd-global.com/acnaut-active-lotion-15ml,acnaut-active-lotion-15ml,"ACNAUT ACTIVE LOTION 15ML",BIOTRADE,3800221842406,"kem dưỡng",out_of_stock,200000,350000,VND,"Acnaut Active Lotion 15ml (Biotrade) Mô tả sản phẩm Acnaut Active Lotion 15ml là sản phẩm hỗ trợ điều trị mụn chuyên sâu từ thương hiệu Biotrade Cosmeceuticals (Hàn Quốc) , được phát triển dành cho làn da dầu, mụn và dễ kích ứng . Với công thức hoạt tính cao, sản phẩm giúp kiểm soát bã nhờn, giảm viêm sưng mụn, hạn chế",https://bizweb.dktcdn.net/100/660/831/products/ban-sao-cua-frame-sp-238.png?v=1778076719717|https://bizweb.dktcdn.net/100/660/831/products/5dd4f76e-79cb-42ec-bb8b-b63d9bd583ec.jpg?v=1778076719717|https://bizweb.dktcdn.net/100/660/831/products/c975dd1b-bb42-4f39-986e-0c1d6c51b4b9.jpg?v=1778076719717|https://bizweb.dktcdn.net/100/660/831/products/abcdc70f-69f1-48ca-95db-e415d471ba5e.jpg?v=1778076719717|https://bizweb.dktcdn.net/100/660/831/products/lotion-tri-mun-biotrade-7b72766f8b1041148021f693b7706ad2.jpg?v=1778076719717,storage/images/acnaut-active-lotion-15ml/01.png|storage/images/acnaut-active-lotion-15ml/02.jpg|storage/images/acnaut-active-lotion-15ml/03.jpg|storage/images/acnaut-active-lotion-15ml/04.jpg|storage/images/acnaut-active-lotion-15ml/05.jpg,2026-07-12T17:05:21+00:00
https://mtd-global.com/serum-labonita-ho-tro-phuc-hoi-lam-diu-da-cty-vat,serum-labonita-ho-tro-phuc-hoi-lam-diu-da-cty-vat,"Labonita Panthenol Repair Ampoule 50ml (Serum B5)",LABONITA,8809177144812,"tinh chất",in_stock,320000,420000,VND,"Mô tả sản phẩm: Serum La Bonita Panthenol Repair Ampoule là tinh chất dưỡng da chuyên sâu đến từ thương hiệu La Bonita. Thương hiệu: La Bonita Xuất xứ: Hàn Quốc Dung tích: 50ml Dạng: Ampoule/serum Phục hồi – làm dịu – cấp ẩm da Sản phẩm nổi bật với công thức chứa Panthenol (Vitamin B5) kết hợp phức hợp Cica , giúp phục",https://bizweb.dktcdn.net/100/660/831/products/143.png?v=1777124793123|https://bizweb.dktcdn.net/100/660/831/products/tinh-chat-la-bonita-b5-ho-tro-phuc-hoi-lam-diu-da-50ml-8.jpg?v=1777124793123|https://bizweb.dktcdn.net/100/660/831/products/cd7a0b1a-09b8-4931-be90-bb3673d54b3e.jpg?v=1777124793123|https://bizweb.dktcdn.net/100/660/831/products/61344c0b-57a9-4ffa-9de3-78390038f459.jpg?v=1777124793123|https://bizweb.dktcdn.net/100/660/831/products/d581e312-5fdd-410f-a32e-19e0f426810c.jpg?v=1777124793123,storage/images/serum-labonita-ho-tro-phuc-hoi-lam-diu-da-cty-vat/01.png|storage/images/serum-labonita-ho-tro-phuc-hoi-lam-diu-da-cty-vat/02.jpg|storage/images/serum-labonita-ho-tro-phuc-hoi-lam-diu-da-cty-vat/03.jpg|storage/images/serum-labonita-ho-tro-phuc-hoi-lam-diu-da-cty-vat/04.jpg|storage/images/serum-labonita-ho-tro-phuc-hoi-lam-diu-da-cty-vat/05.jpg,2026-07-12T17:05:25+00:00
https://mtd-global.com/whisis-dung-dich-ve-sinh-ph-girl-feminine-wash-200ml,whisis-dung-dich-ve-sinh-ph-girl-feminine-wash-200ml,"WHISIS - Dung dịch vệ sinh Ph Girl Feminine Wash 200ml",WHISIS,8809803050777,"Chăm sóc vùng kín",out_of_stock,200000,350000,VND,"Giới thiệu sản phẩm Dung dịch vệ sinh phụ nữ Whisis pH Girl Feminine Wash là sản phẩm chăm sóc vùng kín nổi bật của thương hiệu Whisis (Hàn Quốc), được thiết kế với công thức dịu nhẹ giúp làm sạch – khử mùi – cân bằng pH và bảo vệ vùng nhạy cảm hàng ngày. Thương hiệu: WHISIS Xuất xứ: Hàn Quốc Dung tích: 200ml Thành phầ",https://bizweb.dktcdn.net/100/660/831/products/242.png?v=1778076909390|https://bizweb.dktcdn.net/100/660/831/products/2d0af9ff-ef64-4e51-8902-8318f968d3b9.jpg?v=1778076909390|https://bizweb.dktcdn.net/100/660/831/products/d0d22a78-7f67-4dc9-a4e3-3770f6c1dc41.jpg?v=1778076909390|https://bizweb.dktcdn.net/100/660/831/products/6b8bc748-0cac-4dfd-bf83-bcd99edee035.jpg?v=1778076909390|https://bizweb.dktcdn.net/100/660/831/products/8d1a98bf-3899-4784-b814-d39a755960ff.jpg?v=1778076909390|https://bizweb.dktcdn.net/100/660/831/products/5dfcd08e-16d4-4014-a765-e84af83ea49c.jpg?v=1778076909390,storage/images/whisis-dung-dich-ve-sinh-ph-girl-feminine-wash-200ml/01.png|storage/images/whisis-dung-dich-ve-sinh-ph-girl-feminine-wash-200ml/02.jpg|storage/images/whisis-dung-dich-ve-sinh-ph-girl-feminine-wash-200ml/03.jpg|storage/images/whisis-dung-dich-ve-sinh-ph-girl-feminine-wash-200ml/04.jpg|storage/images/whisis-dung-dich-ve-sinh-ph-girl-feminine-wash-200ml/05.jpg|storage/images/whisis-dung-dich-ve-sinh-ph-girl-feminine-wash-200ml/06.jpg,2026-07-12T17:05:29+00:00
https://mtd-global.com/kem-sang-da-mo-nam-dem-dr-melaxin-cty-vat,kem-sang-da-mo-nam-dem-dr-melaxin-cty-vat,"KEM SÁNG DA MỜ NÁM ĐÊM DR.MELAXIN ( CTY - VAT )",DR.MELAXIN,8809886481413,"kem dưỡng",in_stock,390000,490000,VND,"Kem sáng da mờ nám đêm Dr.Melaxin TX Cream là kem dưỡng ban đêm thuộc thương hiệu Dr.Melaxin (Hàn Quốc) , được thiết kế chuyên biệt cho da có vấn đề về nám, tàn nhang, thâm sạm và da không đều màu . Thông tin cơ bản Thương hiệu: Dr.Melaxin Xuất xứ: Hàn Quốc Dòng sản phẩm: TX Cream (Night Cream – kem đêm) Kết cấu: dạng",https://bizweb.dktcdn.net/100/660/831/products/ddb5ce06-f6d5-4569-8928-385c3da38219.jpg?v=1774337851123,,2026-07-12T17:05:34+00:00
https://mtd-global.com/tampon-nhat-ban-unicharm-ngay-thuong-xanh-da-troi-34-mieng,tampon-nhat-ban-unicharm-ngay-thuong-xanh-da-troi-34-mieng,"TAMPON NHẬT BẢN UNICHARM NGÀY THƯỜNG XANH DA TRỜI 34 MIẾNG",UNICHARM,4903111331314,"Chăm sóc vùng kín",in_stock,180000,220000,VND,"Tampon Nhật Bản Unicharm ngày thường xanh da trời 34 miếng (Unicharm Sofy/Charm Soft Tampon Regular) là sản phẩm băng vệ sinh dạng tampon nội địa Nhật, dùng cho những ngày kinh nguyệt. Thông tin sản phẩm Thương hiệu: Unicharm Xuất xứ: Nhật Bản Quy cách: Hộp 34 miếng Màu xanh da trời: loại dùng cho ngày thường (lượng vừ",https://bizweb.dktcdn.net/100/660/831/products/1bec42a5-5772-43a8-a31b-ce9fef3cd681.jpg?v=1774337850650,storage/images/tampon-nhat-ban-unicharm-ngay-thuong-xanh-da-troi-34-mieng/01.jpg,2026-07-12T17:05:36+00:00
https://mtd-global.com/serum-ekseption-hyaluronic-trx-duong-am-lam-sang-da-cty-vat,serum-ekseption-hyaluronic-trx-duong-am-lam-sang-da-cty-vat,"SERUM EKSEPTION HYALURONIC TRX DƯỠNG ẨM LÀM SÁNG DA ( CTY - VAT )",EKSEPTION,8436589290273,"tinh chất",in_stock,880000,1080000,VND,"Mô tả sản phẩm: Ekseption Hyaluronic TRX Serum là tinh chất dưỡng da chuyên sâu đến từ thương hiệu Ekseption (chuẩn dược mỹ phẩm châu Âu). Thương hiệu: Ekseption Xuất xứ: Tây Ban Nha Dung tích: 75ml Dạng: Serum Nhóm sản phẩm: Cấp ẩm – dưỡng sáng – mờ nám – cải thiện sắc tố da Sản phẩm nổi bật với công thức kết hợp Hyal",https://bizweb.dktcdn.net/100/660/831/products/144.png?v=1777124885420|https://bizweb.dktcdn.net/100/660/831/products/dc7bdb09-9d6c-4c2b-835d-847a7132866d.jpg?v=1777124885420|https://bizweb.dktcdn.net/100/660/831/products/265fe3ad-c736-4204-87f7-b86efc65357a.jpg?v=1777124885420|https://bizweb.dktcdn.net/100/660/831/products/d6c78b96-4bd8-4529-97bd-707b28c4982e.jpg?v=1777124885420,storage/images/serum-ekseption-hyaluronic-trx-duong-am-lam-sang-da-cty-vat/01.png|storage/images/serum-ekseption-hyaluronic-trx-duong-am-lam-sang-da-cty-vat/02.jpg|storage/images/serum-ekseption-hyaluronic-trx-duong-am-lam-sang-da-cty-vat/03.jpg|storage/images/serum-ekseption-hyaluronic-trx-duong-am-lam-sang-da-cty-vat/04.jpg,2026-07-12T17:05:38+00:00
https://mtd-global.com/serum-duong-am-mixlab-b5-ekseption-cty-vat,serum-duong-am-mixlab-b5-ekseption-cty-vat,"SERUM DƯỠNG ẨM MIXLAB B5 EKSEPTION ( CTY - VAT )",EKSEPTION,8436589290334,"tinh chất",out_of_stock,980000,1100000,VND,"Mô tả sản phẩm: Serum dưỡng ẩm Mixlab B5 Ekseption (Hyaluronic B5 Mixlab Serum) là tinh chất dưỡng da chuyên sâu thuộc thương hiệu dược mỹ phẩm Ekseption. Thương hiệu: Ekseption Xuất xứ: Tây Ban Nha Dung tích: 75ml Dạng: Serum Nhóm sản phẩm: Cấp ẩm – phục hồi – làm dịu da Sản phẩm nổi bật với công thức Hyaluronic Acid",https://bizweb.dktcdn.net/100/660/831/products/145.png?v=1777124959520|https://bizweb.dktcdn.net/100/660/831/products/014ae687-3619-4226-8164-e1fbb9d28036.jpg?v=1777124959520|https://bizweb.dktcdn.net/100/660/831/products/b965c60d-cdeb-4c5b-bd33-1430a85294ff.jpg?v=1777124959520|https://bizweb.dktcdn.net/100/660/831/products/45791640-6b7e-4e6e-ad1a-c2e9abf80648.jpg?v=1777124959520|https://bizweb.dktcdn.net/100/660/831/products/1d36f55e-372f-4ab2-ad28-274c08bbd70a.jpg?v=1777124959520|https://bizweb.dktcdn.net/100/660/831/products/6ed14d99-8417-4951-8326-7467141e1890.jpg?v=1777124959520,storage/images/serum-duong-am-mixlab-b5-ekseption-cty-vat/01.png|storage/images/serum-duong-am-mixlab-b5-ekseption-cty-vat/02.jpg|storage/images/serum-duong-am-mixlab-b5-ekseption-cty-vat/03.jpg||storage/images/serum-duong-am-mixlab-b5-ekseption-cty-vat/05.jpg|storage/images/serum-duong-am-mixlab-b5-ekseption-cty-vat/06.jpg,2026-07-12T17:05:42+00:00
https://mtd-global.com/serum-tinh-chat-bi-dao-n7-the-cocoon-vn-size-70ml,serum-tinh-chat-bi-dao-n7-the-cocoon-vn-size-70ml,"SERUM TINH CHẤT BÍ ĐAO N7 THE COCOON VN SIZE 70ML",COCOON,8936217700230,"tinh chất",in_stock,160000,250000,VND,"Mô tả sản phẩm: Serum tinh chất bí đao N7 The Cocoon (size 70ml) là sản phẩm dưỡng da nổi bật của thương hiệu mỹ phẩm thuần chay Cocoon Việt Nam. Thương hiệu: Cocoon Xuất xứ: Việt Nam Dung tích: 70ml Dạng: Serum Nhóm sản phẩm: Giảm mụn – mờ thâm – dưỡng sáng – kiểm soát dầu Sản phẩm được phát triển với công thức 7% Nia",https://bizweb.dktcdn.net/100/660/831/products/ban-sao-cua-frame-sp-128.png?v=1776853724103|https://bizweb.dktcdn.net/100/660/831/products/43590112-e943-47d4-af6e-018ec3c55e20.jpg?v=1776853724103|https://bizweb.dktcdn.net/100/660/831/products/7f9ff9b3-3d67-417e-b035-5095f854481b.jpg?v=1776853724103|https://bizweb.dktcdn.net/100/660/831/products/117e13b3-22f6-4cef-8745-d3ca63f04101.jpg?v=1776853724103,storage/images/serum-tinh-chat-bi-dao-n7-the-cocoon-vn-size-70ml/01.png|storage/images/serum-tinh-chat-bi-dao-n7-the-cocoon-vn-size-70ml/02.jpg|storage/images/serum-tinh-chat-bi-dao-n7-the-cocoon-vn-size-70ml/03.jpg|storage/images/serum-tinh-chat-bi-dao-n7-the-cocoon-vn-size-70ml/04.jpg,2026-07-12T17:05:46+00:00
https://mtd-global.com/serum-tinh-chat-nghe-hung-yen-c22-the-cocoon-vn,serum-tinh-chat-nghe-hung-yen-c22-the-cocoon-vn,"SERUM TINH CHẤT NGHỆ HƯNG YÊN C22 THE COCOON VN",COCOON,8936217700537,"tinh chất",out_of_stock,220000,330000,VND,"Mô tả sản phẩm: Serum tinh chất Nghệ Hưng Yên C22 The Cocoon (VN) là sản phẩm dưỡng da thuần chay của thương hiệu Cocoon. Sản phẩm được phát triển với công thức nổi bật từ chiết xuất nghệ tươi Hưng Yên , kết hợp các thành phần thiên nhiên giúp làm dịu – phục hồi – đều màu da hiệu quả. Thương hiệu: Cocoon Xuất xứ: Việt",https://bizweb.dktcdn.net/100/660/831/products/f596cb38-c1c4-400f-8cd0-0f5f98ac3806.jpg?v=1775709350380|https://bizweb.dktcdn.net/100/660/831/products/24dd842c-f9ff-4054-8e0e-e2a60df4f5eb.jpg?v=1775709350380,storage/images/serum-tinh-chat-nghe-hung-yen-c22-the-cocoon-vn/01.jpg|storage/images/serum-tinh-chat-nghe-hung-yen-c22-the-cocoon-vn/02.jpg,2026-07-12T17:05:49+00:00
https://mtd-global.com/mat-na-duong-da-histo-lightening-cream-mask-250g,mat-na-duong-da-histo-lightening-cream-mask-250g,"Mặt nạ dưỡng da Histo Lightening Cream Mask 250G",HISTOLAB,8809412752642,"mặt nạ",out_of_stock,390000,490000,VND,"Histo Lightening Cream Mask Thương hiệu: HISTOLAB Nguồn gốc xuất xứ: Hàn Quốc Histo Lightening Cream Mask là mặt nạ kem dưỡng da dạng ủ với công thức giàu dưỡng chất giúp làm sáng da, dưỡng ẩm sâu và cải thiện sắc tố da . Sản phẩm phù hợp sử dụng cho nhiều loại da, đặc biệt là da xỉn màu, sạm, thiếu sức sống hoặc cần t",https://bizweb.dktcdn.net/100/660/831/products/ban-sao-cua-frame-sp-177.png?v=1777964773967|https://bizweb.dktcdn.net/100/660/831/products/mat-na-kem-u-trang-histolab-11-jpg-v-1711352889194.jpg?v=1777964773967|https://bizweb.dktcdn.net/100/660/831/products/2b7e1af7-3ca7-4278-af17-f0fce4b45fd4.jpg?v=1777964772340|https://bizweb.dktcdn.net/100/660/831/products/78fd1c4f-bba5-4757-b7cf-03992309143c.jpg?v=1777964772340,storage/images/mat-na-duong-da-histo-lightening-cream-mask-250g/01.png|storage/images/mat-na-duong-da-histo-lightening-cream-mask-250g/02.jpg|storage/images/mat-na-duong-da-histo-lightening-cream-mask-250g/03.jpg|storage/images/mat-na-duong-da-histo-lightening-cream-mask-250g/04.jpg,2026-07-12T17:05:53+00:00
https://mtd-global.com/phan-phu-collagen-enough-twoway-cake-13g-cty-vat,phan-phu-collagen-enough-twoway-cake-13g-cty-vat,"PHẤN PHỦ COLLAGEN ENOUGH TWOWAY CAKE 13G ( CTY - VAT )",ENOUGH,8809347960303,makeup,out_of_stock,220000,330000,VND,"Mô tả sản phẩm chuẩn brand mỹ phẩm Tên sản phẩm: Phấn phủ Collagen Enough Twoway Cake 13g Thương hiệu: Enough Xuất xứ: Hàn Quốc Mô tả sản phẩm Phấn phủ Collagen Enough Twoway Cake là dòng phấn nén đa năng kết hợp giữa phấn phủ và phấn nền, giúp mang lại lớp nền mịn mượt, tự nhiên và bền màu. Kết cấu phấn mỏng nhẹ, dễ t",https://bizweb.dktcdn.net/100/660/831/products/272b5519-801b-4c1e-adc3-603b38c851b0.jpg?v=1775989392367|https://bizweb.dktcdn.net/100/660/831/products/53cedcd0-49f4-4c23-9301-c730c7866b6d.jpg?v=1775989392387|https://bizweb.dktcdn.net/100/660/831/products/99032a6c-ddb9-46fd-b8c4-00979851a888.jpg?v=1775989392367,storage/images/phan-phu-collagen-enough-twoway-cake-13g-cty-vat/01.jpg|storage/images/phan-phu-collagen-enough-twoway-cake-13g-cty-vat/02.jpg|storage/images/phan-phu-collagen-enough-twoway-cake-13g-cty-vat/03.jpg,2026-07-12T17:05:56+00:00
https://mtd-global.com/mascara-enough-collagen-waterproof-cty-vat,mascara-enough-collagen-waterproof-cty-vat,"MASCARA ENOUGH COLLAGEN WATERPROOF ( CTY - VAT )",ENOUGH,8809527482021,makeup,in_stock,140000,200000,VND,"Mô tả sản phẩm chuẩn brand mỹ phẩm Tên sản phẩm: Mascara Collagen Enough Waterproof Thương hiệu: Enough Xuất xứ: Hàn Quốc Mô tả sản phẩm Mascara Collagen Enough Waterproof là dòng mascara chống nước giúp định hình hàng mi cong vút, dày và dài tự nhiên chỉ sau một lần chuốt. Kết cấu kem mịn bao phủ từng sợi mi, giúp tác",https://bizweb.dktcdn.net/100/660/831/products/ban-sao-cua-frame-sp-288.png?v=1778578607690|https://bizweb.dktcdn.net/100/660/831/products/z6171160539335-a34776ead7ab80a985648d9e8acb9f73-jpg-v-1735282621533.jpg?v=1778578672870|https://bizweb.dktcdn.net/100/660/831/products/z4955525776745-73f53f8af206ad6d69640f93a73f9d82-9de1ce25c1cf43d794e3705edd0624af-grande.jpg?v=1778578758333|https://bizweb.dktcdn.net/100/660/831/products/6bfbbab1-37b9-451e-ae0f-86756707d339.jpg?v=1778578758333|https://bizweb.dktcdn.net/100/660/831/products/ed0c6ae8-0dd1-41be-9fb5-40624ac149c4.jpg?v=1778578758333,storage/images/mascara-enough-collagen-waterproof-cty-vat/01.png|storage/images/mascara-enough-collagen-waterproof-cty-vat/02.jpg||storage/images/mascara-enough-collagen-waterproof-cty-vat/04.jpg|storage/images/mascara-enough-collagen-waterproof-cty-vat/05.jpg,2026-07-12T17:05:59+00:00
https://mtd-global.com/mat-na-wonjin-water-toning,mat-na-wonjin-water-toning,"Mặt nạ Wonjin","WONJIN EFFECT",8809544633482,"Mặt nạ",in_stock,30000,40000,VND,"Mặt nạ dưỡng da Wonjin Effect Water Toning Concentrated Essence Mask (màu vàng – Water Toning Thương hiệu: Wonjin Effect Nguồn gốc xuất xứ: Hàn Quốc Dung tích: ~30 g/miếng – dạng mặt nạ giấy dưỡng da cao cấp Mô tả sản phẩm Mặt nạ Water Toning màu vàng từ Wonjin là sản phẩm dưỡng da dạng mặt nạ giấy giàu tinh chất đậm đ",https://bizweb.dktcdn.net/100/660/831/products/264.png?v=1777381689537|https://bizweb.dktcdn.net/100/660/831/products/vn-11134207-7r98o-lzbkognxhky521-resize-w900-nl.webp?v=1777381747500|https://bizweb.dktcdn.net/100/660/831/products/25547-na-wonjin-vang-phu-photoroom-20241029112356-1.jpg?v=1777381838027,storage/images/mat-na-wonjin-water-toning/01.png|storage/images/mat-na-wonjin-water-toning/02.webp|storage/images/mat-na-wonjin-water-toning/03.jpg,2026-07-12T17:06:06+00:00
https://mtd-global.com/anessa-whitening-sunscreen-milk-60ml-xanh,anessa-whitening-sunscreen-milk-60ml-xanh,"Sữa Chống Nắng Dưỡng Da ANESSA Perfect 60ml",ANESSA,4909978147105,"chống nắng",in_stock,490000,590000,VND,"Kem Chống Nắng Anessa Whitening Sunscreen Milk 60ml (Xanh) Thương hiệu: Anessa Xuất xứ: Nhật Bản Dung tích: 60ml Loại da phù hợp: da thường – da hỗn hợp – da dầu Kết cấu: dạng sữa (milk), mỏng nhẹ Mô tả sản phẩm Anessa Whitening Sunscreen Milk (màu xanh) là dòng chống nắng dưỡng da nổi bật giúp bảo vệ da toàn diện trướ",https://bizweb.dktcdn.net/100/660/831/products/10.png?v=1777128399597|https://bizweb.dktcdn.net/100/660/831/products/0479217638-1339215574766576672-n-jpeg-5c1ed33706d64716a7166f2fdb43d708-41f24c5eb9a14b4cb7314a34ed338e5e-master.jpg?v=1778579241723|https://bizweb.dktcdn.net/100/660/831/products/5eba22d9-9af1-44f4-abaf-ba83c1753488.jpg?v=1778579241723|https://bizweb.dktcdn.net/100/660/831/products/22793cf3-820b-42b1-9b8c-9a11465e7429.jpg?v=1778579241723|https://bizweb.dktcdn.net/100/660/831/products/anh-mo-ta.png?v=1778579321093,storage/images/anessa-whitening-sunscreen-milk-60ml-xanh/01.png|storage/images/anessa-whitening-sunscreen-milk-60ml-xanh/02.jpg|storage/images/anessa-whitening-sunscreen-milk-60ml-xanh/03.jpg|storage/images/anessa-whitening-sunscreen-milk-60ml-xanh/04.jpg|storage/images/anessa-whitening-sunscreen-milk-60ml-xanh/05.png,2026-07-12T17:06:09+00:00
https://mtd-global.com/kem-chong-nang-beplain-sunmuse-xanh-la-cty-vat,kem-chong-nang-beplain-sunmuse-xanh-la-cty-vat,"KEM CHỐNG NẮNG BEPLAIN SUNMUSE XANH LÁ ( CTY - VAT )",BEPLAIN,88096239420230,"chống nắng",out_of_stock,320000,420000,VND,"Beplain Sunmuse Tone Up & Correcting Sunscreen Mild Green SPF50+ PA++++ Beplain Sunmuse Mild Green là kem chống nắng nâng tông nhẹ màu xanh lá , kết hợp giữa bảo vệ da trước tia nắng mạnh và hiệu chỉnh sắc tố da , đặc biệt hữu ích để giảm đỏ – cân bằng tone da không đều màu . Sản phẩm phù hợp dùng hàng ngày, dùng làm b",https://bizweb.dktcdn.net/100/660/831/products/77.png?v=1777127980223|https://bizweb.dktcdn.net/100/660/831/products/f6862155-9b7d-4580-8ca3-d074f438ea70.jpg?v=1777127980223|https://bizweb.dktcdn.net/100/660/831/products/2230fa29-7cf8-4141-a966-7aac5f50598a.jpg?v=1777127980223|https://bizweb.dktcdn.net/100/660/831/products/1722107164467.jpg?v=1778579483967,storage/images/kem-chong-nang-beplain-sunmuse-xanh-la-cty-vat/01.png|storage/images/kem-chong-nang-beplain-sunmuse-xanh-la-cty-vat/02.jpg|storage/images/kem-chong-nang-beplain-sunmuse-xanh-la-cty-vat/03.jpg|storage/images/kem-chong-nang-beplain-sunmuse-xanh-la-cty-vat/04.jpg,2026-07-12T17:06:13+00:00
https://mtd-global.com/vien-biotin-men-bia-kho-1000,vien-biotin-men-bia-kho-1000,"Thực phẩm Brewer's Yeast Biotin 10000","SEJONG BIOPHARM",8809648835256,"THỰC PHẨM CHỨC NĂNG",out_of_stock,450000,550000,VND,"Brewer’s Yeast Biotin 10000 là thực phẩm bổ sung cao cấp từ Hàn Quốc, kết hợp biotin hàm lượng cao (vitamin B7) cùng men bia và acid amin , giúp nuôi dưỡng tóc – da – móng khỏe mạnh từ bên trong. Sản phẩm được thiết kế dành cho những người gặp tình trạng rụng tóc, tóc yếu, móng giòn , hoặc muốn cải thiện vẻ ngoài theo",https://bizweb.dktcdn.net/100/660/831/products/ban-sao-cua-frame-sp-239.png?v=1778077541060|https://bizweb.dktcdn.net/100/660/831/products/vien-uoc-moc-toc-han-quoc-biotin-men-bia-kho-1.jpg?v=1778077541060|https://bizweb.dktcdn.net/100/660/831/products/vn-11134201-7r98o-lswyx1e058blb2.jpg?v=1778077580747,storage/images/vien-biotin-men-bia-kho-1000/01.png|storage/images/vien-biotin-men-bia-kho-1000/02.jpg|storage/images/vien-biotin-men-bia-kho-1000/03.jpg,2026-07-12T17:06:16+00:00
https://mtd-global.com/tinh-chat-duong-da-ekseption-hyaluronic-znpca-mixlab-serum,tinh-chat-duong-da-ekseption-hyaluronic-znpca-mixlab-serum,"Tinh Chất Dưỡng Da (Ekseption Hyaluronic Znpca Mixlab Serum)",EKSEPTION,8436589290280,"tinh chất",in_stock,880000,990000,VND,"Mô tả sản phẩm: Ekseption Hyaluronic ZNPCA Mixlab Serum là tinh chất dưỡng da chuyên sâu đến từ thương hiệu Ekseption (Tây Ban Nha), được thiết kế dành cho da dầu – da mụn – da tiết nhờn nhiều. Serum kết hợp những hoạt chất hiệu quả giúp cấp ẩm sâu – kiềm dầu – hỗ trợ giảm mụn và cải thiện hàng rào bảo vệ da mà không g",https://bizweb.dktcdn.net/100/660/831/products/146.png?v=1777124924207|https://bizweb.dktcdn.net/100/660/831/products/3cd0138a-5c6f-47a3-b86a-cd632f001c04.jpg?v=1777124926070|https://bizweb.dktcdn.net/100/660/831/products/861169a3-97fc-41da-8948-c160309a67a8.jpg?v=1777124926070|https://bizweb.dktcdn.net/100/660/831/products/c22d04cb-0ef0-46ff-9c10-4e13dd3532a4.jpg?v=1777124926070,storage/images/tinh-chat-duong-da-ekseption-hyaluronic-znpca-mixlab-serum/01.png|storage/images/tinh-chat-duong-da-ekseption-hyaluronic-znpca-mixlab-serum/02.jpg|storage/images/tinh-chat-duong-da-ekseption-hyaluronic-znpca-mixlab-serum/03.jpg|storage/images/tinh-chat-duong-da-ekseption-hyaluronic-znpca-mixlab-serum/04.jpg,2026-07-12T17:06:19+00:00
https://mtd-global.com/sua-rua-mat-laboratorios-babe-stop-akn-purifying-cleansing-gel,sua-rua-mat-laboratorios-babe-stop-akn-purifying-cleansing-gel,"Sữa rửa mặt (LABORATORIOS BABÉ - STOP AKN PURIFYING CLEANSING GEL)","BABE LABORATORIOS",8436571632272,"sữa rửa mặt",in_stock,350000,450000,VND,"Gel rửa mặt dịu nhẹ cho da dầu mụn BABE Stop AKN Purifying Cleansing Gel Thương hiệu: Laboratorios Babé – thương hiệu dược mỹ phẩm từ Tây Ban Nha nổi tiếng với những sản phẩm chăm sóc da lành tính, phù hợp cả da nhạy cảm và da dễ nổi mụn. Xuất xứ: Tây Ban Nha – sản xuất theo tiêu chuẩn nghiêm ngặt của mỹ phẩm dược phẩm",https://bizweb.dktcdn.net/100/660/831/products/51.png?v=1777129023130|https://bizweb.dktcdn.net/100/660/831/products/452e976d-0258-435d-ab93-d41be063c53a.jpg?v=1777129023130|https://bizweb.dktcdn.net/100/660/831/products/52161822-cc4a-4324-9b8e-bcbb61761367.jpg?v=1777129023130,storage/images/sua-rua-mat-laboratorios-babe-stop-akn-purifying-cleansing-gel/01.png|storage/images/sua-rua-mat-laboratorios-babe-stop-akn-purifying-cleansing-gel/02.jpg|storage/images/sua-rua-mat-laboratorios-babe-stop-akn-purifying-cleansing-gel/03.jpg,2026-07-12T17:06:23+00:00
https://mtd-global.com/duong-chat-chong-nang-loreal-paris-uv-defender-invisible-resist-daily-sunscreen,duong-chat-chong-nang-loreal-paris-uv-defender-invisible-resist-daily-sunscreen,"DƯỠNG CHẤT CHỐNG NẮNG LOREAL PARIS UV DEFENDER INVISIBLE RESIST DAILY SUNSCREEN",L'ORÉAL,8994993018086,"chống nắng",in_stock,340000,440000,VND,"Kem Chống Nắng L’Oréal Paris UV Defender Invisible Resist Daily Sunscreen Thương hiệu: L’Oréal Paris Xuất xứ: Pháp Dung tích: 50ml Loại da phù hợp: mọi loại da Kết cấu: dạng sữa Mô tả sản phẩm L’Oréal Paris UV Defender Invisible Resist Daily Sunscreen là kem chống nắng dạng SỮA với công nghệ tiên tiến giúp bảo vệ da to",https://bizweb.dktcdn.net/100/660/831/products/ban-sao-cua-frame-sp-240-577ff569-1d8f-4bae-882b-28c12ebe1ffd.png?v=1778077957507|https://bizweb.dktcdn.net/100/660/831/products/410e3dde-4061-4c6b-8c0e-2556e352b085-a6f2c933f33a4c308fbe1677c96a1f80.jpg?v=1778077957507|https://bizweb.dktcdn.net/100/660/831/products/357756958-824610969026322-3100456776204123244-n.jpg?v=1778077957507|https://bizweb.dktcdn.net/100/660/831/products/ban-sao-cua-frame-sp-240.png?v=1778077957507,storage/images/duong-chat-chong-nang-loreal-paris-uv-defender-invisible-resist-daily-sunscreen/01.png|storage/images/duong-chat-chong-nang-loreal-paris-uv-defender-invisible-resist-daily-sunscreen/02.jpg|storage/images/duong-chat-chong-nang-loreal-paris-uv-defender-invisible-resist-daily-sunscreen/03.jpg|storage/images/duong-chat-chong-nang-loreal-paris-uv-defender-invisible-resist-daily-sunscreen/04.png,2026-07-12T17:06:26+00:00
https://mtd-global.com/nuoc-tay-trang-jmsolution-jp-h9-ampoule-water-aqua-500ml,nuoc-tay-trang-jmsolution-jp-h9-ampoule-water-aqua-500ml,"Nước tẩy trang JMSOLUTION JP H9 AMPOULE WATER AQUA 500ml",JMSOLUTION,8809505547773,"Tẩy trang",in_stock,180000,250000,VND,"Giới thiệu sản phẩm JMsolution H9 Ampoule Water Aqua là nước tẩy trang ứng dụng công nghệ micellar kết hợp tinh chất dưỡng ẩm giúp làm sạch lớp trang điểm, bụi bẩn và dầu thừa chỉ trong một bước. Sản phẩm nổi bật với khả năng vừa làm sạch vừa cấp ẩm, mang lại làn da mềm mịn sau khi sử dụng. Thương hiệu: JMsolution Xuất",https://bizweb.dktcdn.net/100/660/831/products/96.png?v=1777127434843|https://bizweb.dktcdn.net/100/660/831/products/thanh-phan-e920025adada47c5b7071b67e475a1f0-grande-jpeg.jpg?v=1777127434843|https://bizweb.dktcdn.net/100/660/831/products/ee73271d-4736-4248-8ad3-32aa2436646a.jpg?v=1777127434843,storage/images/nuoc-tay-trang-jmsolution-jp-h9-ampoule-water-aqua-500ml/01.png|storage/images/nuoc-tay-trang-jmsolution-jp-h9-ampoule-water-aqua-500ml/02.jpg|storage/images/nuoc-tay-trang-jmsolution-jp-h9-ampoule-water-aqua-500ml/03.jpg,2026-07-12T17:06:34+00:00
https://mtd-global.com/tay-te-bao-chet-dr-pepti-cty-vat,tay-te-bao-chet-dr-pepti-cty-vat,"GEL TẨY TẾ BÀO CHẾT HERB NATURAL PEELING GEL 130ML/LỌ (1 LỌ = 1PCE). NHÃN HÀNG: DR.PEPTI",DR.PEPTI,8809451338005,TDC,in_stock,220000,329000,VND,"TẨY TẾ BÀO CHẾT DR.PEPTI PEELING GEL 🔹 1. Thông tin nhãn hàng hóa Tên hàng hóa: Tẩy tế bào chết Dr.Pepti Peeling Gel Thương hiệu: Dr.Pepti Xuất xứ: Hàn Quốc Tổ chức chịu trách nhiệm về sản phẩm tại Việt Nam: Công Ty TNHH Xuất Nhập Khẩu BEPOS Việt Nam Địa chỉ: N010-LK26 - Khu đất dịch vụ 20A-20B Khu đô thị Dương Nội, P",https://bizweb.dktcdn.net/100/660/831/products/73.png?v=1777129299433|https://bizweb.dktcdn.net/100/660/831/products/f2179c48-96be-489b-8627-88b5c5bf69a0.jpg?v=1777129299433|https://bizweb.dktcdn.net/100/660/831/products/87a3b064-d461-4455-bf2e-04e024fda600.jpg?v=1777129299433,storage/images/tay-te-bao-chet-dr-pepti-cty-vat/01.png|storage/images/tay-te-bao-chet-dr-pepti-cty-vat/02.jpg|storage/images/tay-te-bao-chet-dr-pepti-cty-vat/03.jpg,2026-07-12T17:06:36+00:00
https://mtd-global.com/kem-chong-nang-uv-plus-tone-up-sunscreen-dr-pepti-50ml,kem-chong-nang-uv-plus-tone-up-sunscreen-dr-pepti-50ml,"Kem chống nắng DR.PEPTI UV PLUS TONE-UP SUNSCREEN 50ml/lọ (1 lọ = 1pce). Nhãn hàng: DR.PEPTI",DR.PEPTI,8809610272584,"chống nắng",in_stock,390000,490000,VND,"Dr.Pepti UV Plus Tone‑Up Sunscreen SPF50+ PA++++ Mô tả tổng quát: Kem chống nắng Dr.Pepti UV Plus Tone‑Up Sunscreen là sản phẩm bảo vệ da đa năng từ thương hiệu Dr.Pepti (Hàn Quốc), kết hợp giữa lớp màng chống nắng mạnh mẽ và hiệu ứng làm đẹp da. Sản phẩm không chỉ bảo vệ da khỏi tác hại môi trường mà còn nâng tông nhẹ",https://bizweb.dktcdn.net/100/660/831/products/611f1ca7-5fd3-454e-9111-5f0c1ac2a5a9.jpg?v=1775029064020|https://bizweb.dktcdn.net/100/660/831/products/cf6914dd-aefe-4f89-ade1-a843a83c9531.jpg?v=1775029064020|https://bizweb.dktcdn.net/100/660/831/products/c76afbc0-2a60-4ff3-89cd-6bf449c77c57.jpg?v=1775029068850,storage/images/kem-chong-nang-uv-plus-tone-up-sunscreen-dr-pepti-50ml/01.jpg|storage/images/kem-chong-nang-uv-plus-tone-up-sunscreen-dr-pepti-50ml/02.jpg|storage/images/kem-chong-nang-uv-plus-tone-up-sunscreen-dr-pepti-50ml/03.jpg,2026-07-12T17:06:41+00:00
https://mtd-global.com/mat-na-duong-am-danh-cho-da-hieu-wonjin-effect-wonjin-effect-nourishing-supplement-concentrated-essence-mask-skin-nutrition-30g,mat-na-duong-am-danh-cho-da-hieu-wonjin-effect-wonjin-effect-nourishing-supplement-concentrated-essence-mask-skin-nutrition-30g,"MẶT NẠ WONJIN EFFECT NOURISHING SUPPLEMENT CONCENTRATED ESSENCE MASK 30G","WONJIN EFFECT",88095446334680,"Mặt nạ",out_of_stock,30000,40000,VND,"Mặt Nạ Dưỡng Ẩm WONJIN EFFECT Nourishing Supplement Concentrated Essence Mask – Skin Nutrition (30g) Thương hiệu: Wonjin Effect Xuất xứ: Hàn Quốc Mô tả sản phẩm Mặt nạ Wonjin Effect Nourishing Supplement Concentrated Essence Mask là dòng mặt nạ dưỡng chất chuyên sâu giúp cung cấp dinh dưỡng, phục hồi và cải thiện làn d",https://bizweb.dktcdn.net/100/660/831/products/180803c8-b2f2-4d8e-abf0-046217191bfc.jpg?v=1774852432970,storage/images/mat-na-duong-am-danh-cho-da-hieu-wonjin-effect-wonjin-effect-nourishing-supplement-concentrated-essence-mask-skin-nutrit/01.jpg,2026-07-12T17:06:44+00:00
https://mtd-global.com/mat-na-wonjin-edel-rejuvenation,mat-na-wonjin-edel-rejuvenation,"Mặt nạ Wonjin Edel Rejuvenation","WONJIN EFFECT",88095446312979,"mặt nạ",out_of_stock,30000,40000,VND,"Mặt Nạ Wonjin Effect Edel Rejuvenation Thương hiệu: Wonjin Effect | Xuất xứ: Hàn Quốc Mô tả sản phẩm Mặt nạ Wonjin Effect Edel Rejuvenation Concentrated Essence Mask là dòng mặt nạ chuyên sâu giúp trẻ hóa làn da, cải thiện nếp nhăn và tăng độ đàn hồi . Sản phẩm chứa tinh chất cô đặc kết hợp công nghệ Liposome Delivery",https://bizweb.dktcdn.net/100/660/831/products/161.png?v=1777124725853|https://bizweb.dktcdn.net/100/660/831/products/5a2001ca-98f4-4008-bea1-87969bf4eba6.jpg?v=1777124725853,|storage/images/mat-na-wonjin-edel-rejuvenation/02.jpg,2026-07-12T17:06:47+00:00
https://mtd-global.com/ddvs-femfresh-cam-cty-vat,ddvs-femfresh-cam-cty-vat,"DDVS FEMFRESH CAM ( CTY - VAT )",FEMFRESH,50167623,"Chăm sóc vùng kín",in_stock,99000,200000,VND,"Dung Dịch Vệ Sinh Femfresh Daily Intimate Wash (Màu Cam) Thương hiệu: Femfresh Xuất xứ: Anh Mô tả sản phẩm Dung dịch vệ sinh Femfresh màu cam (Daily Intimate Wash) là sản phẩm chăm sóc vùng kín dịu nhẹ, giúp làm sạch hiệu quả, khử mùi và duy trì độ pH tự nhiên . Với công thức thân thiện cho vùng da nhạy cảm, sản phẩm m",https://bizweb.dktcdn.net/100/660/831/products/05917cda-f2fa-4ad8-845f-0f56719e0b09.jpg?v=1774937036943|https://bizweb.dktcdn.net/100/660/831/products/8b436607-3db9-48c6-84c3-872936b52133.jpg?v=1774937036943,storage/images/ddvs-femfresh-cam-cty-vat/01.jpg|storage/images/ddvs-femfresh-cam-cty-vat/02.jpg,2026-07-12T17:06:49+00:00
https://mtd-global.com/kem-chong-nang-anessa-hong-cty-vat,kem-chong-nang-anessa-hong-cty-vat,"Sữa Chống Nắng Anessa Perfect UV Sunscreen Mild Milk For Sensitive Skin 60ml (Hồng)",ANESSA,4909978131586,"chống nắng",out_of_stock,500000,600000,VND,"Kem chống nắng Anessa 60 ml hồng nhạt (phiên bản hồng nhẹ) Kem chống nắng Anessa là dòng SPF50+ PA++++ từ Nhật Bản nổi tiếng với khả năng bảo vệ da mạnh mẽ dưới tia UVB và UVA trong mọi điều kiện sinh hoạt hằng ngày – kể cả hoạt động ngoài trời, đi biển hay vận động nhiều. Phiên bản hồng nhạt thường thuộc dòng “Mild” –",https://bizweb.dktcdn.net/100/660/831/products/ban-sao-cua-frame-sp-241.png?v=1778078375163|https://bizweb.dktcdn.net/100/660/831/products/90195883-0d30-4d16-b939-0d7cfd9247ca.jpg?v=1778078375163|https://bizweb.dktcdn.net/100/660/831/products/cee163dd-b45c-43c8-aa27-c27768a399c4.webp?v=1778078373320,storage/images/kem-chong-nang-anessa-hong-cty-vat/01.png|storage/images/kem-chong-nang-anessa-hong-cty-vat/02.jpg|storage/images/kem-chong-nang-anessa-hong-cty-vat/03.webp,2026-07-12T17:06:52+00:00
https://mtd-global.com/serum-kyunglab-pdrn-therapy-ampoule-cty-vat,serum-kyunglab-pdrn-therapy-ampoule-cty-vat,"SERUM KYUNGLAB PDRN THERAPY AMPOULE ( CTY - VAT )",KYUNGLAB,8809801692979,"tinh chất",out_of_stock,590000,690000,VND,"Mô tả sản phẩm: Serum KyungLab PDRN Therapy Ampoule là tinh chất dưỡng da chuyên sâu đến từ thương hiệu KyungLab – dược mỹ phẩm Hàn Quốc tập trung vào phục hồi da và chống lão hóa. Serum sử dụng công nghệ PDRN (Polydeoxyribonucleotide) giúp hỗ trợ tái tạo da từ sâu bên trong, tăng cường phục hồi hàng rào bảo vệ, đồng t",https://bizweb.dktcdn.net/100/660/831/products/147.png?v=1777124981653|https://bizweb.dktcdn.net/100/660/831/products/0a52beee-e9e7-4be6-be40-0893c56dd975.jpg?v=1777124981653|https://bizweb.dktcdn.net/100/660/831/products/46613266-ca7e-4d42-ad61-afabdec0990f.jpg?v=1777124981653|https://bizweb.dktcdn.net/100/660/831/products/e7e65a94-85b1-4838-a3b8-f7cd484170fb.jpg?v=1777124981653|https://bizweb.dktcdn.net/100/660/831/products/15ca192c-774f-42bd-9107-648408c9308b.jpg?v=1777124981653|https://bizweb.dktcdn.net/100/660/831/products/9bf5d073-8993-4a8d-84e4-535cd574a76e.jpg?v=1777124981653|https://bizweb.dktcdn.net/100/660/831/products/936108b6-f1b2-4d5b-8be3-33969659a135.jpg?v=1777124981653,storage/images/serum-kyunglab-pdrn-therapy-ampoule-cty-vat/01.png|storage/images/serum-kyunglab-pdrn-therapy-ampoule-cty-vat/02.jpg|storage/images/serum-kyunglab-pdrn-therapy-ampoule-cty-vat/03.jpg|storage/images/serum-kyunglab-pdrn-therapy-ampoule-cty-vat/04.jpg|storage/images/serum-kyunglab-pdrn-therapy-ampoule-cty-vat/05.jpg|storage/images/serum-kyunglab-pdrn-therapy-ampoule-cty-vat/06.jpg|storage/images/serum-kyunglab-pdrn-therapy-ampoule-cty-vat/07.jpg,2026-07-12T17:06:57+00:00
https://mtd-global.com/sua-rua-mat-b5-prettyskin-cty-vat,sua-rua-mat-b5-prettyskin-cty-vat,"Sữa rửa mặt sạch sâu, phục hồi, cấp ẩm (PRETTYSKIN MULTI HYDRA B5 PURIFYING FOAMING GEL) dung tích: 300 ml, dạng chai lọ, hiệu PRETTYSKIN",PRETTYSKIN,8809733219091,"sữa rửa mặt",in_stock,360000,480000,VND,"Sữa rửa mặt B5 Prettyskin – Phục hồi & Dưỡng Ẩm Dịu Nhẹ Thương hiệu: PrettySkin – thương hiệu chăm sóc da xuất xứ Hàn Quốc , nổi bật với các sản phẩm làm sạch – dưỡng ẩm nhẹ nhàng, phù hợp cho nhiều loại da kể cả da nhạy cảm và da đang điều trị. Xuất xứ: Hàn Quốc – sản phẩm được sản xuất theo tiêu chuẩn mỹ phẩm Hàn Quố",https://bizweb.dktcdn.net/100/660/831/products/ban-sao-cua-frame-sp-286.png?v=1778573925573|https://bizweb.dktcdn.net/100/660/831/products/vn-11134207-7ras8-m4rokdz1igz47a-resize-w900-nl.webp?v=1778573961683|https://bizweb.dktcdn.net/100/660/831/products/9dd4ccbe-c7af-4088-8a51-17fccd1363d2.jpg?v=1778573963207|https://bizweb.dktcdn.net/100/660/831/products/18683f9c-f218-40c5-916d-6e3b3eedd5b2.jpg?v=1778573963207|https://bizweb.dktcdn.net/100/660/831/products/0c531e8a-859f-4244-bcc4-85ec9a9ea76b.jpg?v=1778573963207,storage/images/sua-rua-mat-b5-prettyskin-cty-vat/01.png|storage/images/sua-rua-mat-b5-prettyskin-cty-vat/02.webp|storage/images/sua-rua-mat-b5-prettyskin-cty-vat/03.jpg|storage/images/sua-rua-mat-b5-prettyskin-cty-vat/04.jpg|storage/images/sua-rua-mat-b5-prettyskin-cty-vat/05.jpg,2026-07-12T17:07:02+00:00
https://mtd-global.com/sua-tam-trang-da-batious-b3-500ml,sua-tam-trang-da-batious-b3-500ml,"Sữa Tắm trắng da Batious B3+ 500ml",BATIOUS,5061014615166,"Dầu gội - Sữa tắm",in_stock,280000,380000,VND,"Sữa tắm Batious nổi tiếng với dòng sữa tắm hương nước hoa cao cấp, chứa Niacinamide (B3+) và Vitamin C, giúp dưỡng trắng, làm mờ vết thâm, phục hồi da cháy nắng và giảm mụn lưng. Sản phẩm có kết cấu 3 tầng hương quyến rũ, lưu hương lâu, phù hợp cho mọi loại da và được ưa chuộng nhờ khả năng làm sạch sâu nhưng không gây",https://bizweb.dktcdn.net/100/660/831/products/34.png?v=1777128293347|https://bizweb.dktcdn.net/100/660/831/products/st-batious-1772603348558.jpg?v=1777128293347|https://bizweb.dktcdn.net/100/660/831/products/vn-11134201-7r98o-luu39xxp5dktc0.webp?v=1778575737473|https://bizweb.dktcdn.net/100/660/831/products/25808-sua-tam-batious-phu-photoroom-2-20241123101620.png?v=1778575788780,storage/images/sua-tam-trang-da-batious-b3-500ml/01.png|storage/images/sua-tam-trang-da-batious-b3-500ml/02.jpg|storage/images/sua-tam-trang-da-batious-b3-500ml/03.webp|storage/images/sua-tam-trang-da-batious-b3-500ml/04.png,2026-07-12T17:07:06+00:00
https://mtd-global.com/kem-rmon-white-label-dia-tone-up-cream-200ml,kem-rmon-white-label-dia-tone-up-cream-200ml,"KEM RMON WHITE LABEL DIA TONE UP CREAM (200ML)",RMON,8809165334607,Body,in_stock,370000,470000,VND,"Mô tả sản phẩm: RMON White Label Dia Tone Up Cream là kem dưỡng thể cao cấp giúp dưỡng trắng toàn thân và nâng tone da tự nhiên ngay sau khi sử dụng. Sản phẩm ứng dụng công nghệ Nano‑tech siêu phân tử thẩm thấu nhanh , đưa dưỡng chất sâu vào da để nuôi dưỡng từ bên trong, đồng thời hỗ trợ làm mờ thâm sạm và tăng độ sán",https://bizweb.dktcdn.net/100/660/831/products/ban-sao-cua-frame-sp-271.png?v=1778163598463|https://bizweb.dktcdn.net/100/660/831/products/thanh-phan-va-cong-dung-kem-body-rmon.webp?v=1778575053617|https://bizweb.dktcdn.net/100/660/831/products/kem-duong-trang-da-body-rmon-4.jpg?v=1778575112877|https://bizweb.dktcdn.net/100/660/831/products/9a9e59e6-b2d1-44b9-bf62-2b605fa477a4.jpg?v=1778575112877|https://bizweb.dktcdn.net/100/660/831/products/96108617-4508-4e38-874b-b7f72a4ada54.jpg?v=1778575112877,storage/images/kem-rmon-white-label-dia-tone-up-cream-200ml/01.png|storage/images/kem-rmon-white-label-dia-tone-up-cream-200ml/02.webp|storage/images/kem-rmon-white-label-dia-tone-up-cream-200ml/03.jpg|storage/images/kem-rmon-white-label-dia-tone-up-cream-200ml/04.jpg|storage/images/kem-rmon-white-label-dia-tone-up-cream-200ml/05.jpg,2026-07-12T17:07:12+00:00
https://mtd-global.com/nuoc-hoa-hong-phuc-hoi-duong-trang-prettyskin-multi-hydra-b5-calming-repairing-toner-dung-tich-205ml-dang-chai-hieu-prettyskin,nuoc-hoa-hong-phuc-hoi-duong-trang-prettyskin-multi-hydra-b5-calming-repairing-toner-dung-tich-205ml-dang-chai-hieu-prettyskin,"Nước hoa hồng phục hồi, dưỡng trắng (PRETTYSKIN MULTI HYDRA B5 CALMING & REPAIRING TONER) dung tích 205ml, dạng chai, hiệu PRETTYSKIN",PRETTYSKIN,8809733218728,Toner,in_stock,390000,490000,VND,"PrettySkin Multi Hydra B5 Calming & Repairing Toner 205ml – Nước hoa hồng phục hồi & dưỡng trắng Thông tin sản phẩm Thương hiệu: PrettySkin Nguồn gốc xuất xứ: Hàn Quốc Loại sản phẩm: Nước hoa hồng / Toner cân bằng da Mô tả sản phẩm PrettySkin Multi Hydra B5 Calming & Repairing Toner là nước hoa hồng dưỡng ẩm, phục hồi",https://bizweb.dktcdn.net/100/660/831/products/168.png?v=1777124608710|https://bizweb.dktcdn.net/100/660/831/products/92c54c35-eb34-4146-ab60-bb19bbda19c8.jpg?v=1777360070193|https://bizweb.dktcdn.net/100/660/831/products/a4b3556a-628c-4a1c-a93f-3cd21e5ddbef.jpg?v=1777360070193|https://bizweb.dktcdn.net/100/660/831/products/vn-11134207-7r98o-lrzhu2pc6ricbc.jpg?v=1778574072723,storage/images/nuoc-hoa-hong-phuc-hoi-duong-trang-prettyskin-multi-hydra-b5-calming-repairing-toner-dung-tich-205ml-dang-chai-hieu-pret/01.png|storage/images/nuoc-hoa-hong-phuc-hoi-duong-trang-prettyskin-multi-hydra-b5-calming-repairing-toner-dung-tich-205ml-dang-chai-hieu-pret/02.jpg|storage/images/nuoc-hoa-hong-phuc-hoi-duong-trang-prettyskin-multi-hydra-b5-calming-repairing-toner-dung-tich-205ml-dang-chai-hieu-pret/03.jpg|storage/images/nuoc-hoa-hong-phuc-hoi-duong-trang-prettyskin-multi-hydra-b5-calming-repairing-toner-dung-tich-205ml-dang-chai-hieu-pret/04.jpg,2026-07-12T17:07:15+00:00
https://mtd-global.com/sua-rua-mat-sena-demar-medical-cty-vat,sua-rua-mat-sena-demar-medical-cty-vat,"Sữa rửa mặt SENA DEMAR PH BALANCED ADVANCED DEEP CLEANSING FOAM, 150ml","SENA DEMAR",8809136718801,"sữa rửa mặt",in_stock,230000,350000,VND,"Sữa Rửa Mặt Sena Demar PH Balanced Deep Cleansing Foam 150ml Thương hiệu: Sena Demar – thương hiệu mỹ phẩm Hàn Quốc tập trung vào các sản phẩm chăm sóc da làm sạch, dịu nhẹ, cân bằng pH và hỗ trợ phòng ngừa mụn. Xuất xứ: Hàn Quốc – sản phẩm được nghiên cứu và sản xuất theo tiêu chuẩn mỹ phẩm Hàn Quốc. Mô tả sản phẩm Sữ",https://bizweb.dktcdn.net/100/660/831/products/48.png?v=1777128197950|https://bizweb.dktcdn.net/100/660/831/products/172507415453.jpg?v=1778574673463|https://bizweb.dktcdn.net/100/660/831/products/491778229-3936753619967979-2260905914924890043-n-8ba8da2b16a048dfae4aa2b160edb47e-master.jpg?v=1778574681517|https://bizweb.dktcdn.net/100/660/831/products/07d99ae8-d7bd-4195-ac57-f4fa6bc70aad.jpg?v=1778574681517|https://bizweb.dktcdn.net/100/660/831/products/93c0da5a-f205-42c2-86b1-12746eca89c7.jpg?v=1778574681517|https://bizweb.dktcdn.net/100/660/831/products/ef05fc76-5668-4656-a15c-7ccaeddda66e.jpg?v=1778574681517,storage/images/sua-rua-mat-sena-demar-medical-cty-vat/01.png|storage/images/sua-rua-mat-sena-demar-medical-cty-vat/02.jpg|storage/images/sua-rua-mat-sena-demar-medical-cty-vat/03.jpg|storage/images/sua-rua-mat-sena-demar-medical-cty-vat/04.jpg|storage/images/sua-rua-mat-sena-demar-medical-cty-vat/05.jpg|storage/images/sua-rua-mat-sena-demar-medical-cty-vat/06.jpg,2026-07-12T17:07:19+00:00
https://mtd-global.com/sena-demar-10x-white-body-lotion-300ml,sena-demar-10x-white-body-lotion-300ml,"Sản phẩm dưỡng da toàn thân SENA DEMAR 10X WHITE BODY LOTION giúp dưỡng trắng da 300ml","SENA DEMAR",8809638306087,Body,in_stock,390000,500000,VND,"Sena Demar 10X White Body Lotion 300ml – Dưỡng Thể Trắng Sáng & Nâng Tông Da Toàn Thân Mô tả sản phẩm: Sữa dưỡng thể Sena Demar 10X White Body Lotion là sản phẩm dưỡng da toàn thân cao cấp đến từ Hàn Quốc, được thiết kế để nâng tone da trắng sáng tự nhiên và nuôi dưỡng da mềm mịn mỗi ngày. Công thức độc đáo kết hợp nhi",https://bizweb.dktcdn.net/100/660/831/products/ban-sao-cua-frame-sp-270.png?v=1778163000493|https://bizweb.dktcdn.net/100/660/831/products/df449380-71a5-4daf-8e3b-a4c35d3ef41e.jpg?v=1778163002450|https://bizweb.dktcdn.net/100/660/831/products/and9gcs3ymptn-glw5ikbpiztngowbdqb3whe-wvwwh3nvapouabg-tervajcx-gpg6tdyotmftmg-yi62tphwq37hq-uulg-xrq0ztbuj5q8qc5-usqp-cac.jpg?v=1778574876873|https://bizweb.dktcdn.net/100/660/831/products/z7585783126905-6723449dcda44557fd8fd7043095629e-1772624263444.jpg?v=1778574876873|https://bizweb.dktcdn.net/100/660/831/products/8e2aae91-9418-45aa-a165-bd63af090a9a.jpg?v=1778574876873|https://bizweb.dktcdn.net/100/660/831/products/62f1353e-5500-4110-8db6-7f13f7d9ac4a.jpg?v=1778574876873|https://bizweb.dktcdn.net/100/660/831/products/0ac1c0d5-4362-4835-a3e9-f807ed6f3391.jpg?v=1778574876873,storage/images/sena-demar-10x-white-body-lotion-300ml/01.png|storage/images/sena-demar-10x-white-body-lotion-300ml/02.jpg|storage/images/sena-demar-10x-white-body-lotion-300ml/03.jpg|storage/images/sena-demar-10x-white-body-lotion-300ml/04.jpg|storage/images/sena-demar-10x-white-body-lotion-300ml/05.jpg|storage/images/sena-demar-10x-white-body-lotion-300ml/06.jpg|storage/images/sena-demar-10x-white-body-lotion-300ml/07.jpg,2026-07-12T17:07:23+00:00
https://mtd-global.com/kem-nen-maybelline-fitme-matte-poreless-115,kem-nen-maybelline-fitme-matte-poreless-115,"KEM NỀN MAYBELLINE FITME MATTE+ PORELESS 115",MAYBELLINE,6902395774235,Makeup,out_of_stock,220000,330000,VND,"KEM NỀN MAYBELLINE FIT ME MATTE + PORELESS #115 IVORY Thương hiệu Maybelline New York là thương hiệu mỹ phẩm nổi tiếng đến từ Mỹ, trực thuộc tập đoàn L’Oréal, được ưa chuộng với các dòng sản phẩm nền chất lượng, giá hợp lý. Xuất xứ Mỹ (USA) Tên sản phẩm Maybelline Fit Me Matte + Poreless Foundation Màu #115 Ivory Dạng",https://bizweb.dktcdn.net/100/660/831/products/8f249c9c-dee7-4058-ba35-83911b6f5ca0.jpg?v=1774693398653,storage/images/kem-nen-maybelline-fitme-matte-poreless-115/01.jpg,2026-07-12T17:07:28+00:00
https://mtd-global.com/whisis-kem-duong-da-rose-tone-up-cream-50ml-kem-luoi,whisis-kem-duong-da-rose-tone-up-cream-50ml-kem-luoi,"WHISIS - KEM DƯỠNG DA ROSE TONE UP CREAM 50ML (KEM LƯỜI)",WHISIS,8809803050821,"kem dưỡng",out_of_stock,249000,350000,VND,"✨ Kem dưỡng tone up WHISIS – dưỡng sáng nâng tone tức thì Em này là dòng kem dưỡng vừa dưỡng da vừa nâng tone nhẹ , dùng xong da sáng hồng liền mà trông vẫn tự nhiên. 💧 Thành phần nổi bật: Niacinamide + Arbutin : hỗ trợ làm sáng da, đều màu, mờ thâm Hyaluronic Acid : cấp ẩm giúp da mềm mịn, căng bóng EGF + Panthenol :",https://bizweb.dktcdn.net/100/660/831/products/104.png?v=1777125925727|https://bizweb.dktcdn.net/100/660/831/products/and9gcqmurhuipcsv5phtshthuqh1jr2nxhlx3cava-s.jpg?v=1778575325663|https://bizweb.dktcdn.net/100/660/831/products/f246b8ec-e114-48c8-b9a7-ac6dacdc0d24.jpg?v=1778575325663|https://bizweb.dktcdn.net/100/660/831/products/51fc7510-6511-4737-b1b4-a4de21ae24b6.jpg?v=1778575355133,storage/images/whisis-kem-duong-da-rose-tone-up-cream-50ml-kem-luoi/01.png|storage/images/whisis-kem-duong-da-rose-tone-up-cream-50ml-kem-luoi/02.jpg|storage/images/whisis-kem-duong-da-rose-tone-up-cream-50ml-kem-luoi/03.jpg|storage/images/whisis-kem-duong-da-rose-tone-up-cream-50ml-kem-luoi/04.jpg,2026-07-12T17:07:30+00:00
https://mtd-global.com/ke-mat-browit-nongchat-aurora-long-stay,ke-mat-browit-nongchat-aurora-long-stay,"Bút kẻ mắt lâu trôi Browit Aurora Long Stay Eyeliner Super Black 0.5 g -3020402190012-8858842052662",BROWIT,8858842052662,makeup,in_stock,140000,190000,VND,"Browit Aurora Long Stay Eyeliner là dòng bút kẻ mắt nổi bật của BROWIT by Nongchat – thương hiệu makeup đình đám Thái Lan được sáng lập bởi makeup artist nổi tiếng Nongchat. Sản phẩm gây ấn tượng với đầu bút siêu mảnh, nét mực sắc nét cùng khả năng chống nước – chống lem cực tốt, giúp tạo đôi mắt sâu và cuốn hút chuẩn",https://bizweb.dktcdn.net/100/660/831/products/ban-sao-cua-frame-sp-287.png?v=1778574375887|https://bizweb.dktcdn.net/100/660/831/products/469471169-122128942568452576-600447954410920078-n-1769326291095.jpg?v=1778574375887|https://bizweb.dktcdn.net/100/660/831/products/vn-11134207-7ras8-m3vp2to79q64dc-resize-w900-nl.webp?v=1778574392493,storage/images/ke-mat-browit-nongchat-aurora-long-stay/01.png|storage/images/ke-mat-browit-nongchat-aurora-long-stay/02.jpg|storage/images/ke-mat-browit-nongchat-aurora-long-stay/03.webp,2026-07-12T17:07:33+00:00
https://mtd-global.com/kyung-lab-ha-plus-hydra-ampoule-50ml,kyung-lab-ha-plus-hydra-ampoule-50ml,"KYUNGLAB HA PLUS [HA + B5] HYDRA AMPOULE 50ml",KYUNGLAB,8809801692962,"tinh chất",out_of_stock,550000,660000,VND,"Tinh Chất Dưỡng Ẩm Kyung Lab HA Plus Hydra Ampoule 50 ml Thương hiệu: Kyung Lab Xuất xứ: Hàn Quốc Mô tả sản phẩm Tinh chất Kyung Lab HA Plus Hydra Ampoule là sản phẩm dưỡng da chuyên sâu với Hyaluronic Acid (HA) được thiết kế để cấp ẩm tối ưu, phục hồi da khô mất nước và củng cố hàng rào độ ẩm tự nhiên . Với kết cấu ti",https://bizweb.dktcdn.net/100/660/831/products/155.png?v=1777124682987|https://bizweb.dktcdn.net/100/660/831/products/b46deff4-2af4-4c26-8d85-111671deb7e9.jpg?v=1777124684803|https://bizweb.dktcdn.net/100/660/831/products/204ddee8-814a-4d74-8164-4838df1fe746.jpg?v=1777124684803,storage/images/kyung-lab-ha-plus-hydra-ampoule-50ml/01.png|storage/images/kyung-lab-ha-plus-hydra-ampoule-50ml/02.jpg|storage/images/kyung-lab-ha-plus-hydra-ampoule-50ml/03.jpg,2026-07-12T17:07:36+00:00
https://mtd-global.com/kyung-lab-ultra-hydrating-cream-50ml,kyung-lab-ultra-hydrating-cream-50ml,"KYUNG LAB ULTRA HYDRATING CREAM 50ML",KYUNGLAB,8809801692917,"kem dưỡng",out_of_stock,550000,650000,VND,"KYUNG LAB Ultra Hydrating Cream 50ml Mô tả sản phẩm : KYUNG LAB Ultra Hydrating Cream 50ml là kem dưỡng ẩm cao cấp từ Hàn Quốc , được thiết kế với công thức dưỡng ẩm chuyên sâu giúp cấp nước tức thì, khóa ẩm lâu dài và củng cố hàng rào bảo vệ da . Sản phẩm phù hợp với mọi loại da, đặc biệt là da khô, mất nước, da nhạy",https://bizweb.dktcdn.net/100/660/831/products/ban-sao-cua-frame-sp-272.png?v=1778163855070|https://bizweb.dktcdn.net/100/660/831/products/444485878-7852485921498146-6341197701185677954-n-2.jpg?v=1778576040413|https://bizweb.dktcdn.net/100/660/831/products/cd32120e-fa9a-41d4-baf6-bac8bdbce885.jpg?v=1778576075633|https://bizweb.dktcdn.net/100/660/831/products/z4998309441873-3fb2a4455e04ee2039347cbc009e4a87.jpg?v=1778576263503,storage/images/kyung-lab-ultra-hydrating-cream-50ml/01.png|storage/images/kyung-lab-ultra-hydrating-cream-50ml/02.jpg|storage/images/kyung-lab-ultra-hydrating-cream-50ml/03.jpg|storage/images/kyung-lab-ultra-hydrating-cream-50ml/04.jpg,2026-07-12T17:07:39+00:00
https://mtd-global.com/kyunglab-day-cream-50ml,kyunglab-day-cream-50ml,"KYUNGLAB DAY CREAM 50ML",KYUNGLAB,8809801692870,"kem dưỡng",in_stock,390000,490000,VND,"KYUNGLAB DAY CREAM 50ml Kem dưỡng ban ngày nâng tone – Công thức chăm sóc da phong cách Hàn Quốc TINH TẾ TỪ THIÊN NHIÊN – TIN CẬY VÌ KHOA HỌC KyungLab Day Cream là kem dưỡng ban ngày thế hệ mới , được nghiên cứu để mang lại hiệu quả cấp ẩm sâu, nuôi dưỡng da đều màu và nâng tone nhẹ nhàng – tất cả trong một. Công thức",https://bizweb.dktcdn.net/100/660/831/products/ban-sao-cua-frame-sp-274.png?v=1778164702907|https://bizweb.dktcdn.net/100/660/831/products/93b95f2e-cf97-41d2-9e89-60b979af4a0e.jpg?v=1778576428340|https://bizweb.dktcdn.net/100/660/831/products/9701ba01-89fa-4b87-b18a-c3a58df980de.jpg?v=1778576428340|https://bizweb.dktcdn.net/100/660/831/products/6ee99b70-e067-4cad-b3b7-a6dc05febf44.jpg?v=1778164702907|https://bizweb.dktcdn.net/100/660/831/products/sg-11134201-825ai-mftnybcbedqid3.webp?v=1778164643737,storage/images/kyunglab-day-cream-50ml/01.png|storage/images/kyunglab-day-cream-50ml/02.jpg|storage/images/kyunglab-day-cream-50ml/03.jpg|storage/images/kyunglab-day-cream-50ml/04.jpg|storage/images/kyunglab-day-cream-50ml/05.webp,2026-07-12T17:07:43+00:00
https://mtd-global.com/kem-mat-prettyskin-wrinkle-eraser-roll-on-eye-retinol,kem-mat-prettyskin-wrinkle-eraser-roll-on-eye-retinol,"KEM MẮT PRETTYSKIN WRINKLE ERASER ROLL ON EYE RETINOL",PRETTYSKIN,8809733216076,"kem dưỡng",in_stock,239000,350000,VND,"PRETTYSKIN Wrinkle Eraser Roll On Eye Cream Retinol – Chăm sóc vùng mắt chống lão hóa chuyên sâu Kem dưỡng mắt chống nhăn dạng lăn với Retinol – công thức tối ưu để phục hồi, làm mờ nếp nhăn, cải thiện độ đàn hồi và nuôi dưỡng vùng da mắt nhạy cảm – một bước must‑have trong routine chống lão hóa hiện đại. Tinh chất chố",https://bizweb.dktcdn.net/100/660/831/products/ban-sao-cua-frame-sp-273.png?v=1778164423463|https://bizweb.dktcdn.net/100/660/831/products/kem-duong-mat-pretty-skin-wrinkle-eraser-roll-eye-cream-retinol-3-c111d6b018ba4575916131cb8cde9c37-grande-jpeg.jpg?v=1778576712093|https://bizweb.dktcdn.net/100/660/831/products/288041a9-689a-49fa-9509-be71254e15b9.jpg?v=1778576712093|https://bizweb.dktcdn.net/100/660/831/products/4340bc94-2cd1-4506-9636-e402d6ab9ebc.jpg?v=1778576712093|https://bizweb.dktcdn.net/100/660/831/products/vn-11134207-7ras8-m52ugf5btgqrcd-resize-w900-nl.webp?v=1778576712093,storage/images/kem-mat-prettyskin-wrinkle-eraser-roll-on-eye-retinol/01.png|storage/images/kem-mat-prettyskin-wrinkle-eraser-roll-on-eye-retinol/02.jpg|storage/images/kem-mat-prettyskin-wrinkle-eraser-roll-on-eye-retinol/03.jpg|storage/images/kem-mat-prettyskin-wrinkle-eraser-roll-on-eye-retinol/04.jpg|storage/images/kem-mat-prettyskin-wrinkle-eraser-roll-on-eye-retinol/05.webp,2026-07-12T17:07:47+00:00
https://mtd-global.com/kem-danh-rang-jasmin-mint-marvis-tim,kem-danh-rang-jasmin-mint-marvis-tim,"KEM ĐÁNH RĂNG JASMIN MINT MARVIS TÍM",MARVIS,8004395111756,"Chăm sóc răng miệng",out_of_stock,159000,300000,VND,"– Kem Đánh Răng Hương Hoa Nhài & Bạc Hà (Màu Tím)** Mô tả sản phẩm Kem đánh răng Marvis Jasmin Mint là sản phẩm chăm sóc răng miệng cao cấp đến từ thương hiệu Ý Marvis nổi tiếng với những vị kem độc đáo và trải nghiệm đánh răng tinh tế. Phiên bản Jasmin Mint (màu tím) kết hợp hương hoa nhài thanh lịch cùng bạc hà tươi",https://bizweb.dktcdn.net/100/660/831/products/65988caf-bba6-4e88-84b0-90ae9af7db5e.jpg?v=1774692601327,storage/images/kem-danh-rang-jasmin-mint-marvis-tim/01.jpg,2026-07-12T17:07:51+00:00
https://mtd-global.com/dau-goi-biotin-collagen-essence-phuc-hoi-pink,dau-goi-biotin-collagen-essence-phuc-hoi-pink,"DẦU GỘI BIOTIN & COLLAGEN ESSENCE PHỤC HỒI PINK","BIOTIN & COLLAGEN",5061014613414,"Dầu gội - Sữa tắm",out_of_stock,150000,250000,VND,"Thương hiệu: Biotin & Collagen Essence Xuất xứ: Hong Kong Dung tích: 500ml (tùy phiên bản) Dòng sản phẩm: Essence Pink – Phục hồi siêu cấp Dầu gội Biotin & Collagen Essence Pink phục hồi tóc hư tổn Dầu gội Biotin & Collagen Essence Pink là dòng chăm sóc tóc chuyên sâu, được thiết kế để phục hồi tóc hư tổn, nuôi dưỡng s",https://bizweb.dktcdn.net/100/660/831/products/264a8f9e-c6e4-4a7f-ac97-5816de4fc128.jpg?v=1774337775517,storage/images/dau-goi-biotin-collagen-essence-phuc-hoi-pink/01.jpg,2026-07-12T17:07:53+00:00
https://mtd-global.com/dau-goi-biotin-collagen-eserce-phuc-hoi-xanh,dau-goi-biotin-collagen-eserce-phuc-hoi-xanh,"Gội VOUDIOTY NOURISHING SHAMPOO 500ML","BIOTIN & COLLAGEN",5060808887284,"Dầu gội - Sữa tắm",out_of_stock,150000,,VND,"Dầu gội Biotin & Collagen Essence Xanh phục hồi tóc hư tổn Dầu gội Biotin & Collagen Essence màu xanh là dòng chăm sóc tóc chuyên sâu, hỗ trợ phục hồi tóc yếu – khô xơ – gãy rụng , đồng thời giúp làm sạch da đầu dịu nhẹ và nuôi dưỡng tóc chắc khỏe từ gốc đến ngọn. Thành phần chính Biotin (Vitamin B7) : hỗ trợ nuôi dưỡn",https://bizweb.dktcdn.net/100/660/831/products/e0fe7203-f61a-4d30-9d42-54a690ddc26b.jpg?v=1774337774543,storage/images/dau-goi-biotin-collagen-eserce-phuc-hoi-xanh/01.jpg,2026-07-12T17:07:56+00:00
https://mtd-global.com/kem-duong-da-tay-whisis,kem-duong-da-tay-whisis,"KEM DƯỠNG DA TAY WHISIS",WHISIS,8809803050814,body,out_of_stock,79000,150000,VND,"WHISIS Deep Moisture Hand & Nail Cream – Kem dưỡng da tay & móng mềm mịn Mô tả sản phẩm: Kem dưỡng da tay WHISIS Deep Moisture Hand & Nail Cream là sản phẩm chăm sóc tay cao cấp đến từ Hàn Quốc, được thiết kế đặc biệt để cung cấp độ ẩm sâu, làm mềm da tay và nuôi dưỡng vùng da quanh móng , giúp đôi tay luôn mềm mại, kh",https://bizweb.dktcdn.net/100/660/831/products/bb6e3235-c48b-44eb-b077-e8fa6464b9ed.jpg?v=1774764429017|https://bizweb.dktcdn.net/100/660/831/products/b2b75ee0-1733-4a2b-8791-7c5c4298257b.jpg?v=1774764429057|https://bizweb.dktcdn.net/100/660/831/products/8dd8db8c-d3ac-4e8f-95ab-0db961db5990.jpg?v=1774764429057|https://bizweb.dktcdn.net/100/660/831/products/6c1e84f5-6345-46fa-ae72-5a898f17adde.jpg?v=1774764429017,storage/images/kem-duong-da-tay-whisis/01.jpg|storage/images/kem-duong-da-tay-whisis/02.jpg|storage/images/kem-duong-da-tay-whisis/03.jpg|storage/images/kem-duong-da-tay-whisis/04.jpg,2026-07-12T17:07:58+00:00
https://mtd-global.com/thuc-pham-bao-ve-suc-khoe-elasten-duc,thuc-pham-bao-ve-suc-khoe-elasten-duc,"Thực phẩm bảo vệ sức khỏe ELASTEN ( ELASTEN COLLAGEN )",ELASTEN,4260619720003,"THỰC PHẨM CHỨC NĂNG",in_stock,2200000,2500000,VND,"ELASTEN COLLAGEN ELASTEN Collagen là sản phẩm bổ sung collagen dạng nước cao cấp đến từ Đức, nổi bật với công thức Bioactive Collagen Peptides® giúp nuôi dưỡng làn da từ bên trong, cải thiện độ đàn hồi và làm chậm quá trình lão hóa. Được nghiên cứu theo tiêu chuẩn châu Âu, ELASTEN hướng đến hiệu quả “inner beauty” – đẹ",https://bizweb.dktcdn.net/100/660/831/products/275.png?v=1778079398853|https://bizweb.dktcdn.net/100/660/831/products/thuc-uong-bo-sung-collagen-elasten-3-dep-xinh.jpg?v=1778143064860|https://bizweb.dktcdn.net/100/660/831/products/and9gcroo-7vsvkghlu3lay6ohhaqw2ntb6jxtnhda-s.jpg?v=1778143066287|https://bizweb.dktcdn.net/100/660/831/products/d01e2322-64bd-42c9-91b0-c3f5ca014120.jpg?v=1778143066287,storage/images/thuc-pham-bao-ve-suc-khoe-elasten-duc/01.png|storage/images/thuc-pham-bao-ve-suc-khoe-elasten-duc/02.jpg|storage/images/thuc-pham-bao-ve-suc-khoe-elasten-duc/03.jpg|storage/images/thuc-pham-bao-ve-suc-khoe-elasten-duc/04.jpg,2026-07-12T17:08:01+00:00
https://mtd-global.com/kem-chong-nang-la-roche-posay-vach-xanh-ban-moi,kem-chong-nang-la-roche-posay-vach-xanh-ban-moi,"KEM CHỐNG NẮNG LA ROCHE-POSAY VẠCH XANH BẢN MỚI","LA ROCHE-POSAY",3337875546430,"chống nắng",out_of_stock,390000,500000,VND,"La Roche‑Posay Anthelios UVMune 400 Oil Control Fluid – Kem chống nắng vạch xanh lá bản mới La Roche‑Posay Anthelios UVMune 400 Oil Control Fluid là sản phẩm kem chống nắng phiên bản mới vạch xanh lá từ thương hiệu uy tín La Roche‑Posay (Pháp), thiết kế chuyên biệt cho da dầu / hỗn hợp thiên dầu – da dễ nổi mụn và da n",https://bizweb.dktcdn.net/100/660/831/products/76.png?v=1777127995260|https://bizweb.dktcdn.net/100/660/831/products/laposay-1.jpg?v=1778577567980|https://bizweb.dktcdn.net/100/660/831/products/e2ea5e0a-d275-4755-92bf-b9446646d52f.jpg?v=1778577582293|https://bizweb.dktcdn.net/100/660/831/products/354949236-581687264081633-3073934735198453920-n.jpg?v=1778577668037|https://bizweb.dktcdn.net/100/660/831/products/ea043bb8-7ef0-477c-b8be-33b464a2ab33.jpg?v=1778577668037,storage/images/kem-chong-nang-la-roche-posay-vach-xanh-ban-moi/01.png|storage/images/kem-chong-nang-la-roche-posay-vach-xanh-ban-moi/02.jpg|storage/images/kem-chong-nang-la-roche-posay-vach-xanh-ban-moi/03.jpg|storage/images/kem-chong-nang-la-roche-posay-vach-xanh-ban-moi/04.jpg|storage/images/kem-chong-nang-la-roche-posay-vach-xanh-ban-moi/05.jpg,2026-07-12T17:08:05+00:00
https://mtd-global.com/nhvk-whisis-nuoc-hoa-sweet-girl-inner-perfume-5ml,nhvk-whisis-nuoc-hoa-sweet-girl-inner-perfume-5ml,"WHISIS - Nước hoa Sweet Girl Inner Perfume 5ml",WHISIS,8809803050784,"Chăm sóc vùng kín",in_stock,250000,350000,VND,"Nước Hoa Vùng Kín WHISIS – Sweet Girl Inner Perfume 5ml Thương hiệu: WHISIS Xuất xứ: Hàn Quốc Mô tả sản phẩm WHISIS Sweet Girl Inner Perfume là nước hoa vùng kín dạng tinh chất giúp khử mùi, tạo hương thơm nhẹ nhàng và mang lại cảm giác tự tin suốt cả ngày. Sản phẩm được thiết kế chuyên biệt cho vùng da nhạy cảm với cô",https://bizweb.dktcdn.net/100/660/831/products/205.png?v=1778165074010|https://bizweb.dktcdn.net/100/660/831/products/205-08dbe18b-fe0d-4d58-9169-decf27893897.png?v=1778165074010|https://bizweb.dktcdn.net/100/660/831/products/205-ccabe13d-1099-49c1-8cb6-c1268e9744b8.png?v=1778165074010|https://bizweb.dktcdn.net/100/660/831/products/13b3e15f-63a3-4d87-9732-13057069a460.jpg?v=1778165074010|https://bizweb.dktcdn.net/100/660/831/products/7dc8ae0a-6fc6-45a9-9464-e7034dddb8bb.jpg?v=1778165074010|https://bizweb.dktcdn.net/100/660/831/products/vn-11134207-820l4-mfs240tfl3ih5b-resize-w900-nl.webp?v=1778165061870,|storage/images/nhvk-whisis-nuoc-hoa-sweet-girl-inner-perfume-5ml/02.png||storage/images/nhvk-whisis-nuoc-hoa-sweet-girl-inner-perfume-5ml/04.jpg|storage/images/nhvk-whisis-nuoc-hoa-sweet-girl-inner-perfume-5ml/05.jpg|storage/images/nhvk-whisis-nuoc-hoa-sweet-girl-inner-perfume-5ml/06.webp,2026-07-12T17:08:10+00:00
https://mtd-global.com/tay-trang-pretty-skin-b5,tay-trang-pretty-skin-b5,"Tẩy trang cho da nhạy cảm B5 (PRETTYSKIN B5 CLEANSING WATER) dung tích 500ml, dạng chai, hiệu PRETTYSKIN",PRETTYSKIN,8809733217653,"Tẩy trang",in_stock,280000,380000,VND,"Pretty Skin B5 Cleansing Water 500ml – Nước Tẩy Trang B5 Phục Hồi Da Nhạy Cảm Mô tả sản phẩm Pretty Skin B5 Cleansing Water là nước tẩy trang dạng nước micellar được thiết kế làm sạch sâu mà vẫn cực kỳ dịu nhẹ , phù hợp với da nhạy cảm, da đang treatment và da khô thiếu nước. Sản phẩm sử dụng công nghệ micellar giúp hú",https://bizweb.dktcdn.net/100/660/831/products/92.png?v=1777126239840|https://bizweb.dktcdn.net/100/660/831/products/ntt-b5-cleansing-water-03.webp?v=1778577930983|https://bizweb.dktcdn.net/100/660/831/products/vn-11134207-7r98o-lsquxwbzm1msfe.jpg?v=1778578021027|https://bizweb.dktcdn.net/100/660/831/products/12ebdfef-c31a-4ac4-8f7c-692a018023f1.jpg?v=1778578021027|https://bizweb.dktcdn.net/100/660/831/products/683828be-28db-4640-be68-4df94fe2af4d.jpg?v=1778578021027,storage/images/tay-trang-pretty-skin-b5/01.png|storage/images/tay-trang-pretty-skin-b5/02.webp|storage/images/tay-trang-pretty-skin-b5/03.jpg|storage/images/tay-trang-pretty-skin-b5/04.jpg|storage/images/tay-trang-pretty-skin-b5/05.jpg,2026-07-12T17:08:15+00:00
https://mtd-global.com/kem-chong-nang-regeness-intensive-sun-block-nhan-hieu-regeness,kem-chong-nang-regeness-intensive-sun-block-nhan-hieu-regeness,"Kem chống nắng-REGENESS INTENSIVE SUN BLOCK, nhãn hiệu Regeness",REGENESS,8809222849631,"chống nắng",in_stock,320000,390000,VND,"Kem chống nắng Regeness Intensive Sunblock Kem chống nắng Regeness Intensive Sunblock là sản phẩm bảo vệ da phổ rộng với chỉ số SPF50+ PA++++ từ Hàn Quốc, được phát triển theo tiêu chuẩn cao, phù hợp cho nhiều loại da — kể cả da nhạy cảm, da đang điều trị sau lazer hay lăn kim. Công thức kết hợp nhiều lớp màng lọc tiên",https://bizweb.dktcdn.net/100/660/831/products/ban-sao-cua-frame-sp-269.png?v=1778162703373|https://bizweb.dktcdn.net/100/660/831/products/9b407d2a-ed36-4527-82f8-5b489b9125fb.jpg?v=1778162703373|https://bizweb.dktcdn.net/100/660/831/products/3c3ef328-fdce-4f76-bbc9-ffe16cb8e3f3.jpg?v=1778162703373|https://bizweb.dktcdn.net/100/660/831/products/8ec0d12f-627b-4da9-9fb3-fa3d1e04e061.jpg?v=1778162692707,storage/images/kem-chong-nang-regeness-intensive-sun-block-nhan-hieu-regeness/01.png|storage/images/kem-chong-nang-regeness-intensive-sun-block-nhan-hieu-regeness/02.jpg|storage/images/kem-chong-nang-regeness-intensive-sun-block-nhan-hieu-regeness/03.jpg|storage/images/kem-chong-nang-regeness-intensive-sun-block-nhan-hieu-regeness/04.jpg,2026-07-12T17:08:19+00:00
https://mtd-global.com/xit-khoa-make-up-catrice-longlasting,xit-khoa-make-up-catrice-longlasting,"Xịt khoá nền Catrice Prime And Fine Multitalent Fixing Spray, 50ml",CATRICE,4250947598368,makeup,in_stock,190000,290000,VND,"Xịt khóa nền Catrice Prime And Fine Multitalent Fixing Spray là dòng setting spray nổi bật của Catrice – thương hiệu makeup đình đám từ Đức, được yêu thích nhờ khả năng cố định lớp makeup lâu trôi, hạn chế xuống tone và giúp lớp nền tự nhiên hơn . Với tia xịt phun sương siêu mịn cùng công thức khô nhanh, sản phẩm tạo l",https://bizweb.dktcdn.net/100/660/831/products/ban-sao-cua-frame-sp-285.png?v=1778573657440|https://bizweb.dktcdn.net/100/660/831/products/4b387626-5392-4a0e-b435-6fc3961e222d.jpg?v=1778573657440|https://bizweb.dktcdn.net/100/660/831/products/untitled-a68d9a9648bb403682b5fa772433aaa7-master.png?v=1778573634447,storage/images/xit-khoa-make-up-catrice-longlasting/01.png|storage/images/xit-khoa-make-up-catrice-longlasting/02.jpg|storage/images/xit-khoa-make-up-catrice-longlasting/03.png,2026-07-12T17:08:23+00:00
https://mtd-global.com/kem-phuc-hoi-duong-trang-prettyskin-hydra-b5-derma-repair-cream-dung-tich-52ml-dang-hu-hieu-prettyskin,kem-phuc-hoi-duong-trang-prettyskin-hydra-b5-derma-repair-cream-dung-tich-52ml-dang-hu-hieu-prettyskin,"KEM PHỤC HỒI DƯỠNG TRẮNG ( PRETTYSKIN HYDRA B5 DERMA REPAIR CREAM ), DUNG TÍCH 52ML, DẠNG HŨ, HIỆU PRETTYSKIN",PRETTYSKIN,8809733215116,"kem dưỡng",in_stock,350000,490000,VND,"Kem Dưỡng Phục Hồi & Dưỡng Trắng Hydr­a B5 Der­ma Repair Cream – Kem dưỡng phục hồi & dưỡng trắng da . Mô tả sản phẩm Kem dưỡng PrettySkin Hydra B5 Derma Repair Cream là bước dưỡng cuối cùng trong quy trình chăm sóc da hàng ngày. Sản phẩm được thiết kế để phục hồi da tổn thương, cấp ẩm sâu, nuôi dưỡng da trắng sáng và",https://bizweb.dktcdn.net/100/660/831/products/125.png?v=1777125688357|https://bizweb.dktcdn.net/100/660/831/products/56257a99-762b-498c-a067-3ece4d08bbef.jpg?v=1777125688357|https://bizweb.dktcdn.net/100/660/831/products/c11d8cfb-3212-46ab-83d6-f056a88812de.jpg?v=1777125688357|https://bizweb.dktcdn.net/100/660/831/products/ba7f6a20-464c-47fc-98e6-2098fdc1d3f8.jpg?v=1777125688357,storage/images/kem-phuc-hoi-duong-trang-prettyskin-hydra-b5-derma-repair-cream-dung-tich-52ml-dang-hu-hieu-prettyskin/01.png|storage/images/kem-phuc-hoi-duong-trang-prettyskin-hydra-b5-derma-repair-cream-dung-tich-52ml-dang-hu-hieu-prettyskin/02.jpg|storage/images/kem-phuc-hoi-duong-trang-prettyskin-hydra-b5-derma-repair-cream-dung-tich-52ml-dang-hu-hieu-prettyskin/03.jpg|storage/images/kem-phuc-hoi-duong-trang-prettyskin-hydra-b5-derma-repair-cream-dung-tich-52ml-dang-hu-hieu-prettyskin/04.jpg,2026-07-12T17:08:26+00:00
https://mtd-global.com/kem-nen-collagen-enough-no-13,kem-nen-collagen-enough-no-13,"KEM NỀN COLLAGEN ENOUGH NO.13",ENOUGH,8809280062362,Makeup,in_stock,180000,280000,VND,"KEM NỀN COLLAGEN ENOUGH MOISTURE FOUNDATION SPF15 #13 Thương hiệu Enough là thương hiệu mỹ phẩm đến từ Hàn Quốc, nổi tiếng với các dòng kem nền collagen giá hợp lý, dưỡng ẩm tốt và phù hợp nhiều loại da. Xuất xứ Hàn Quốc Sản phẩm được sản xuất theo tiêu chuẩn mỹ phẩm Hàn Quốc. Tên sản phẩm Enough Collagen Moisture Foun",https://bizweb.dktcdn.net/100/660/831/products/249.png?v=1778161860430|https://bizweb.dktcdn.net/100/660/831/products/9ac738a1-2804-4f9c-8e46-9bed9f0fe9e1.jpg?v=1778161860430|https://bizweb.dktcdn.net/100/660/831/products/1b2bccd4-8237-4984-8544-a993792bff7c.jpg?v=1778161860430|https://bizweb.dktcdn.net/100/660/831/products/bcac8b72-e5a1-4e04-81c5-d39a11be8c66.jpg?v=1778161822437|https://bizweb.dktcdn.net/100/660/831/products/6c5c814e-9949-49a7-815c-d77a38f4ab94.jpg?v=1778161822437|https://bizweb.dktcdn.net/100/660/831/products/98a063b7-8c34-4d18-93e2-65c050ffad3c.jpg?v=1778161822437,storage/images/kem-nen-collagen-enough-no-13/01.png|storage/images/kem-nen-collagen-enough-no-13/02.jpg|storage/images/kem-nen-collagen-enough-no-13/03.jpg|storage/images/kem-nen-collagen-enough-no-13/04.jpg|storage/images/kem-nen-collagen-enough-no-13/05.jpg|storage/images/kem-nen-collagen-enough-no-13/06.jpg,2026-07-12T17:08:30+00:00
https://mtd-global.com/tinh-chat-duong-da-vita-c-complex-ampoule-47-50-ml,tinh-chat-duong-da-vita-c-complex-ampoule-47-50-ml,"Tinh chất dưỡng da Vita C Complex Ampoule 47% 50 ml",HISTOLAB,8809412751959,"tinh chất",out_of_stock,450000,490000,VND,"Tinh Chất Dưỡng Da Vita C Complex Ampoule 47% – 50ml Thương hiệu: HISTOLAB Xuất xứ: Hàn Quốc Dung tích: 50ml Loại da phù hợp: da xỉn màu, da thâm nám, da không đều màu Kết cấu: ampoule thấm nhanh Mô tả sản phẩm Tinh chất Vita C Complex Ampoule 47% là serum dưỡng da mạnh mẽ chứa Vitamin C ở nồng độ cao (47%) , được nghi",https://bizweb.dktcdn.net/100/660/831/products/152.png?v=1777125151733|https://bizweb.dktcdn.net/100/660/831/products/shopping-7-jpeg.jpg?v=1777125151733|https://bizweb.dktcdn.net/100/660/831/products/c6400b61-7457-4b11-89d3-de868eba017c.jpg?v=1777125151733,storage/images/tinh-chat-duong-da-vita-c-complex-ampoule-47-50-ml/01.png|storage/images/tinh-chat-duong-da-vita-c-complex-ampoule-47-50-ml/02.jpg|storage/images/tinh-chat-duong-da-vita-c-complex-ampoule-47-50-ml/03.jpg,2026-07-12T17:08:34+00:00
https://mtd-global.com/tinh-chat-duong-da-hyaluron-complex-ampoule-62-50-ml,tinh-chat-duong-da-hyaluron-complex-ampoule-62-50-ml,"Hyaluron Complex Ampoule 62% 50 ml",HISTOLAB,8809412751935,"tinh chất",in_stock,450000,490000,VND,"Hyaluron Complex Ampoule 62% là tinh chất dưỡng da chuyên sâu với nồng độ cao Hyaluronic Acid (62 %) , giúp cấp nước sâu, phục hồi hàng rào bảo vệ da và cải thiện độ đàn hồi . Sản phẩm hỗ trợ làm da mịn màng, căng mọng và mềm mại. Thương hiệu: Histolab Xuất xứ: Hàn Quốc Dung tích: 50 ml Loại da phù hợp: mọi loại da, đặ",https://bizweb.dktcdn.net/100/660/831/products/153.png?v=1777125163313|https://bizweb.dktcdn.net/100/660/831/products/3d5a9ea1-a130-4a13-8bf6-b3f539b7e042.jpg?v=1777125163313|https://bizweb.dktcdn.net/100/660/831/products/7af8a6e9-d5c9-4163-bf3a-383205a339a2.jpg?v=1777125163313|https://bizweb.dktcdn.net/100/660/831/products/718e72a7-226d-4045-9ad6-5e918c70fc5f.jpg?v=1777125163313,storage/images/tinh-chat-duong-da-hyaluron-complex-ampoule-62-50-ml/01.png|storage/images/tinh-chat-duong-da-hyaluron-complex-ampoule-62-50-ml/02.jpg|storage/images/tinh-chat-duong-da-hyaluron-complex-ampoule-62-50-ml/03.jpg|storage/images/tinh-chat-duong-da-hyaluron-complex-ampoule-62-50-ml/04.jpg,2026-07-12T17:08:37+00:00
https://mtd-global.com/phan-phu-bot-3ce,phan-phu-bot-3ce,"Phấn phủ bột 3CE Natural Finish Loose Powder",3CE,8809664983528,Makeup,out_of_stock,350000,,VND,"Mô tả sản phẩm chuẩn brand mỹ phẩm Tên sản phẩm: Phấn phủ bột 3CE Natural Finish Loose Powder Thương hiệu: 3CE (3 Concept Eyes) Xuất xứ: Hàn Quốc Mô tả sản phẩm Phấn phủ bột 3CE Natural Finish Loose Powder là dòng phấn phủ dạng bột siêu mịn đến từ thương hiệu 3CE, giúp cố định lớp nền và mang lại hiệu ứng da mịn lì tự",https://bizweb.dktcdn.net/100/660/831/products/4d5b0da5-3665-4c8a-8970-85417385d90d.jpg?v=1775879560320|https://bizweb.dktcdn.net/100/660/831/products/39d32b81-744f-495c-b90f-57528f7dc9e6.jpg?v=1775879560320|https://bizweb.dktcdn.net/100/660/831/products/7c94add8-8692-4d4e-a3dd-3c48a3d4432c.jpg?v=1775879698333|https://bizweb.dktcdn.net/100/660/831/products/9eb99b52-8fcf-4795-b4fc-39fea97ec8eb.jpg?v=1775879611917|https://bizweb.dktcdn.net/100/660/831/products/b6b0e195-86f7-4b80-99e3-a102b849e3c6.jpg?v=1775879699143|https://bizweb.dktcdn.net/100/660/831/products/77c150d3-7799-4232-8040-27487a55241b.jpg?v=1775879722867,storage/images/phan-phu-bot-3ce/01.jpg|storage/images/phan-phu-bot-3ce/02.jpg|storage/images/phan-phu-bot-3ce/03.jpg|storage/images/phan-phu-bot-3ce/04.jpg|storage/images/phan-phu-bot-3ce/05.jpg|storage/images/phan-phu-bot-3ce/06.jpg,2026-07-12T17:08:40+00:00
https://mtd-global.com/whisis-premium-glutathione-whiteninh-body-lotion-200ml,whisis-premium-glutathione-whiteninh-body-lotion-200ml,"WHISIS - Kem dưỡng thể Premium Glutathione Whitening Body Lotion 200ml",WHISIS,8809803050371,Body,in_stock,260000,450000,VND,"Whisis Premium Glutathione Whitening Body Lotion – Kem Dưỡng Thể Trắng Da Ban Đêm 200ml Mô tả sản phẩm: Whisis Premium Glutathione Whitening Body Lotion là sữa dưỡng thể ban đêm dưỡng trắng và nuôi dưỡng làn da toàn thân với công thức giàu dưỡng chất từ glutathione , niacinamide và arbutin – những thành phần nổi tiếng",https://bizweb.dktcdn.net/100/660/831/products/15.png?v=1777128860393|https://bizweb.dktcdn.net/100/660/831/products/631d588b-8eb4-4644-a3d5-447c18f2efac.jpg?v=1777128860393,storage/images/whisis-premium-glutathione-whiteninh-body-lotion-200ml/01.png|storage/images/whisis-premium-glutathione-whiteninh-body-lotion-200ml/02.jpg,2026-07-12T17:08:46+00:00
https://mtd-global.com/kem-chong-nang-dbh-egf-fgf-dna-uv-shield-spf47-pa-60-ml,kem-chong-nang-dbh-egf-fgf-dna-uv-shield-spf47-pa-60-ml,"Kem chống nắng EGF/FGF/DNA UV SHIELD SPF47+ PA+++ 60 ml",DBH,873948000070,"chống nắng",in_stock,1350000,1500000,VND,"KEM CHỐNG NẮNG DBH DBH UV Shield là sản phẩm kem chống nắng cao cấp từ thương hiệu Dermaesthetics Beverly Hills (DBH) , nổi bật với công thức phổ rộng SPF50+ PA+++ , bảo vệ tối ưu khỏi tác động của tia UVA/UVB , ô nhiễm môi trường và stress oxy hóa. Sản phẩm được phát triển dành cho da nhạy cảm, da đang điều trị hoặc m",https://bizweb.dktcdn.net/100/660/831/products/ban-sao-cua-frame-sp-268.png?v=1778162315090|https://bizweb.dktcdn.net/100/660/831/products/6a8845fa-264c-4336-a0c6-52a559148d4e.jpg?v=1778162317557|https://bizweb.dktcdn.net/100/660/831/products/6061f5a8-4fbb-4d13-869b-5079d74eb3ec.jpg?v=1778162317557,|storage/images/kem-chong-nang-dbh-egf-fgf-dna-uv-shield-spf47-pa-60-ml/02.jpg|storage/images/kem-chong-nang-dbh-egf-fgf-dna-uv-shield-spf47-pa-60-ml/03.jpg,2026-07-12T17:08:49+00:00
https://mtd-global.com/kem-duong-da-mela-m-whitening-magic-cream-giup-cap-am-duong-trang-chong-lao-hoa-cho-da-hieu-mela-m-dung-tich-50g,kem-duong-da-mela-m-whitening-magic-cream-giup-cap-am-duong-trang-chong-lao-hoa-cho-da-hieu-mela-m-dung-tich-50g,"KEM DƯỠNG DA MELA M WHITENING MAGIC CREAM, GIÚP CẤP ẨM, DƯỠNG TRẮNG, CHỐNG LÃO HÓA CHO DA, HIỆU: MELA M, DUNG TÍCH 50G","MELA M",8809781950557,"kem dưỡng",out_of_stock,580000,700000,VND,"Kem Nám Mela M – Giải pháp dưỡng trắng & giảm nám chuyên sâu Định nghĩa sản phẩm: Một kem dưỡng da mặt đa công dụng từ Hàn Quốc được nghiên cứu để giảm nám da, làm mờ thâm sạm, dưỡng trắng da và cải thiện sắc tố không đều màu — phù hợp cho người muốn thay đổi sắc thái da một cách bền vững mà vẫn nhẹ dịu. Dung tích: ~50",https://bizweb.dktcdn.net/100/660/831/products/113.png?v=1777125589963|https://bizweb.dktcdn.net/100/660/831/products/89114c34-4e1d-4604-a035-b29ba15dfecd.jpg?v=1777125589963|https://bizweb.dktcdn.net/100/660/831/products/8335aa7a-448f-45fd-9da9-b3ad2058c878.jpg?v=1777125589963|https://bizweb.dktcdn.net/100/660/831/products/6904b9f2-bebe-41bf-87e8-0d50e552b992.jpg?v=1777125589963|https://bizweb.dktcdn.net/100/660/831/products/8763b975-0201-4540-8675-a8db48685ed8.jpg?v=1777125589963,storage/images/kem-duong-da-mela-m-whitening-magic-cream-giup-cap-am-duong-trang-chong-lao-hoa-cho-da-hieu-mela-m-dung-tich-50g/01.png|storage/images/kem-duong-da-mela-m-whitening-magic-cream-giup-cap-am-duong-trang-chong-lao-hoa-cho-da-hieu-mela-m-dung-tich-50g/02.jpg|storage/images/kem-duong-da-mela-m-whitening-magic-cream-giup-cap-am-duong-trang-chong-lao-hoa-cho-da-hieu-mela-m-dung-tich-50g/03.jpg|storage/images/kem-duong-da-mela-m-whitening-magic-cream-giup-cap-am-duong-trang-chong-lao-hoa-cho-da-hieu-mela-m-dung-tich-50g/04.jpg|storage/images/kem-duong-da-mela-m-whitening-magic-cream-giup-cap-am-duong-trang-chong-lao-hoa-cho-da-hieu-mela-m-dung-tich-50g/05.jpg,2026-07-12T17:08:52+00:00
https://mtd-global.com/kem-duong-phuc-hoi-embryolisse-75ml,kem-duong-phuc-hoi-embryolisse-75ml,"KEM DƯỠNG PHỤC HỒI EMBRYOLISSE 75ML",EMBRYOLISSE,3350900000011,"kem dưỡng",in_stock,350000,460000,VND,"Kem Dưỡng Phục Hồi Da Embryolisse 75ml Thương hiệu: Embryolisse Xuất xứ: Pháp Dung tích: 75ml Loại da phù hợp: mọi loại da, đặc biệt da khô, da nhạy cảm, da thiếu ẩm Kết cấu: kem sữa mềm mịn Mô tả sản phẩm Embryolisse Lait-Crème Concentré 75ml là dòng kem dưỡng “quốc dân” nổi tiếng toàn cầu, giúp cấp ẩm – phục hồi – là",https://bizweb.dktcdn.net/100/660/831/products/130.png?v=1777125775620|https://bizweb.dktcdn.net/100/660/831/products/4c518cf6-8571-4c03-9820-fb0dae37710c.jpg?v=1777125775620|https://bizweb.dktcdn.net/100/660/831/products/df2f94e2-7e31-45b9-8cb5-9a290a4c76e0.jpg?v=1777125775620|https://bizweb.dktcdn.net/100/660/831/products/03f4cf9a-7901-4967-863a-0a10709552fd.jpg?v=1777125775620|https://bizweb.dktcdn.net/100/660/831/products/0addf190-5619-4ce4-9a5b-08fba67f36cb.jpg?v=1777125775620|https://bizweb.dktcdn.net/100/660/831/products/e409f1e5-db1d-44a6-98b3-96aab20da08a.jpg?v=1777125775620,storage/images/kem-duong-phuc-hoi-embryolisse-75ml/01.png|storage/images/kem-duong-phuc-hoi-embryolisse-75ml/02.jpg|storage/images/kem-duong-phuc-hoi-embryolisse-75ml/03.jpg|storage/images/kem-duong-phuc-hoi-embryolisse-75ml/04.jpg|storage/images/kem-duong-phuc-hoi-embryolisse-75ml/05.jpg|storage/images/kem-duong-phuc-hoi-embryolisse-75ml/06.jpg,2026-07-12T17:08:56+00:00
https://mtd-global.com/serum-b5-max-hydra-prettyskin-xanh-nhat,serum-b5-max-hydra-prettyskin-xanh-nhat,"Tinh chất dưỡng da B5 (PRETTYSKIN HYDRA B5 MAX SERUM ), dung tích: 50ml, dạng chai lọ, giúp cung cấp độ ẩm cho da, giúp da mịn màng, hiệu: PRETTYSKIN",PRETTYSKIN,8809733214317,"tinh chất",in_stock,350000,490000,VND,"Tinh Chất PrettySkin Hydra B5 Max Serum — Serum B5 Phục Hồi & Dưỡng Trắng (Xanh Nhạt, 50 ml ) Thương hiệu: PrettySkin — Xuất xứ: Hàn Quốc Mô tả sản phẩm Serum PrettySkin Hydra B5 Max Serum là tinh chất dưỡng da chuyên sâu dành cho mọi loại da, đặc biệt phù hợp với da khô, mất nước, da xỉn màu hoặc da cần phục hồi . Sản",https://bizweb.dktcdn.net/100/660/831/products/131.png?v=1777125707787|https://bizweb.dktcdn.net/100/660/831/products/0c25fc84d6868dd27aeb68fd62cbef30.jpg?v=1777125707787|https://bizweb.dktcdn.net/100/660/831/products/21e10431-ad0e-4880-945d-97248f0b8b6c.jpg?v=1777125707787|https://bizweb.dktcdn.net/100/660/831/products/2b9e3c34-f6d1-4edd-be55-87f1a90111bd.jpg?v=1777125707787,storage/images/serum-b5-max-hydra-prettyskin-xanh-nhat/01.png|storage/images/serum-b5-max-hydra-prettyskin-xanh-nhat/02.jpg|storage/images/serum-b5-max-hydra-prettyskin-xanh-nhat/03.jpg|storage/images/serum-b5-max-hydra-prettyskin-xanh-nhat/04.jpg,2026-07-12T17:09:01+00:00
https://mtd-global.com/nuoc-hoa-hong-duong-trang-diamond-prettyskin-pure-brightening-diamond-toner-dung-tich-150ml-hieu-prettyskin,nuoc-hoa-hong-duong-trang-diamond-prettyskin-pure-brightening-diamond-toner-dung-tich-150ml-hieu-prettyskin,"Nước hoa hồng dưỡng trắng diamond (PRETTYSKIN PURE BRIGHTENING DIAMOND TONER), dung tích 150ml .hiệu PRETTYSKIN",PRETTYSKIN,8809733211149,toner,in_stock,300000,400000,VND,"Nước Hoa Hồng Kim Cương PRETTYSKIN Pure Brightening Diamond — Nước hoa hồng dưỡng trắng & cân bằng da Thông tin sản phẩm Thương hiệu: PrettySkin Nguồn gốc xuất xứ: Hàn Quốc Loại sản phẩm: Nước hoa hồng (Toner) Dạng: Dung dịch trắng sữa, kết cấu dưỡng ẩm sâu Mô tả sản phẩm Nước hoa hồng PrettySkin Pure Brightening Diamo",https://bizweb.dktcdn.net/100/660/831/products/170.png?v=1777362828693|https://bizweb.dktcdn.net/100/660/831/products/nhh-duong-trang-kim-cuong-02.webp?v=1777362828693|https://bizweb.dktcdn.net/100/660/831/products/321333108-881040369996671-6317358523253651744-n-a13d7978b8f54b84bd025b1fdabc9f74.jpg?v=1777362828693,storage/images/nuoc-hoa-hong-duong-trang-diamond-prettyskin-pure-brightening-diamond-toner-dung-tich-150ml-hieu-prettyskin/01.png|storage/images/nuoc-hoa-hong-duong-trang-diamond-prettyskin-pure-brightening-diamond-toner-dung-tich-150ml-hieu-prettyskin/02.webp|storage/images/nuoc-hoa-hong-duong-trang-diamond-prettyskin-pure-brightening-diamond-toner-dung-tich-150ml-hieu-prettyskin/03.jpg,2026-07-12T17:09:04+00:00
https://mtd-global.com/tay-trang-garnier-xanh-da-troi-cho-da-dau-va-mun,tay-trang-garnier-xanh-da-troi-cho-da-dau-va-mun,"G4454402 - 019670 - GRN Nước Tẩy Trang Salicylic BHA Blue 400ML",GARNIER,89949930196700,"Tẩy trang",out_of_stock,180000,300000,VND,"Garnier Micellar Cleansing Water For Oily & Acne‑Prone Skin – Nước Tẩy Trang Xanh Da Trời Cho Da Dầu & Mụn Giới thiệu sản phẩm Sản phẩm là nước tẩy trang dạng micellar được thiết kế riêng cho da dầu, da hỗn hợp thiên dầu và da mụn , giúp làm sạch sâu lớp trang điểm, kem chống nắng, bụi bẩn và dầu thừa chỉ trong một bướ",https://bizweb.dktcdn.net/100/660/831/products/97.png?v=1777125953020|https://bizweb.dktcdn.net/100/660/831/products/b6d31801-4a02-4457-b0da-8b0e7a148bc6.jpg?v=1777125953020|https://bizweb.dktcdn.net/100/660/831/products/b83dad56-49f7-4847-937d-767e24796551.jpg?v=1777125953020,storage/images/tay-trang-garnier-xanh-da-troi-cho-da-dau-va-mun/01.png|storage/images/tay-trang-garnier-xanh-da-troi-cho-da-dau-va-mun/02.jpg|storage/images/tay-trang-garnier-xanh-da-troi-cho-da-dau-va-mun/03.jpg,2026-07-12T17:09:08+00:00
https://mtd-global.com/tay-trang-prettyskin-rau-ma,tay-trang-prettyskin-rau-ma,"TẨY TRANG PRETTYSKIN RAU MÁ",PRETTYSKIN,8809733212818,"tẩy trang",in_stock,280000,350000,VND,"PrettySkin Centella (Rau Má) Micellar Cleansing Water – Nước Tẩy Trang Rau Má Giới thiệu sản phẩm PrettySkin Centella Micellar Cleansing Water là nước tẩy trang nhẹ dịu có chiết xuất rau má (Centella Asiatica) , được thiết kế để làm sạch lớp trang điểm, bụi bẩn và dầu thừa trên da một cách hiệu quả mà vẫn giữ được độ ẩ",https://bizweb.dktcdn.net/100/660/831/products/93.png?v=1777126269793|https://bizweb.dktcdn.net/100/660/831/products/e0313777-1137-437d-a3ab-85d494f0201e.jpg?v=1777126272250|https://bizweb.dktcdn.net/100/660/831/products/5fdd9b21-7613-459e-a528-1e11e036221d.jpg?v=1777126272250|https://bizweb.dktcdn.net/100/660/831/products/3f09ef47-3b04-42c0-924c-5ebbb60d89eb.jpg?v=1777126272250|https://bizweb.dktcdn.net/100/660/831/products/38ed0d32-628c-426e-8267-84518f02e3dc.jpg?v=1777126272250,storage/images/tay-trang-prettyskin-rau-ma/01.png|storage/images/tay-trang-prettyskin-rau-ma/02.jpg|storage/images/tay-trang-prettyskin-rau-ma/03.jpg|storage/images/tay-trang-prettyskin-rau-ma/04.jpg|storage/images/tay-trang-prettyskin-rau-ma/05.jpg,2026-07-12T17:09:10+00:00
https://mtd-global.com/sua-rua-mat-prettyskin-rau-ma,sua-rua-mat-prettyskin-rau-ma,"Sữa rửa mặt rau má ( PRETTYSKIN THE PURE JEJU CICA CLEANSING FOAM ), dung tích 150 ml, dạng tuýp, hiệu PRETTYSKIN",PRETTYSKIN,8809733213242,"sữa rửa mặt",in_stock,220000,330000,VND,"Giới thiệu sản phẩm Sữa Rửa Mặt Rau Má PrettySkin The Pure Jeju Cica Cleansing Foam là sữa rửa mặt dạng bọt dịu nhẹ, chiết xuất từ rau má (Centella Asiatica) giúp làm sạch sâu, làm dịu da nhạy cảm và hỗ trợ ngừa mụn mà không gây khô căng da sau khi rửa mặt. Thương hiệu: Pretty Skin — thương hiệu mỹ phẩm đến từ Hàn Quốc",https://bizweb.dktcdn.net/100/660/831/products/ban-sao-cua-frame-sp-275.png?v=1778165414783|https://bizweb.dktcdn.net/100/660/831/products/9afe701f-8d26-4979-beed-d3e22a4c3467.jpg?v=1778165414783|https://bizweb.dktcdn.net/100/660/831/products/0546faa0-646d-46ba-bb24-bedac16e0252.jpg?v=1778165414783|https://bizweb.dktcdn.net/100/660/831/products/3d230d41-0dc0-470b-92c7-7e15b551624c.jpg?v=1778165414783,storage/images/sua-rua-mat-prettyskin-rau-ma/01.png|storage/images/sua-rua-mat-prettyskin-rau-ma/02.jpg|storage/images/sua-rua-mat-prettyskin-rau-ma/03.jpg|storage/images/sua-rua-mat-prettyskin-rau-ma/04.jpg,2026-07-12T17:09:14+00:00
https://mtd-global.com/tay-da-chet-prettyskin-cty-vat,tay-da-chet-prettyskin-cty-vat,"Gel tẩy da chết JEJU CICA chiết xuất rau má (PRETTYSKIN THE PURE JEJU CICA PEELING GEL), dung tích150ml, hiệu PRETTYSKIN",PRETTYSKIN,8809733213259,TDC,in_stock,250000,350000,VND,"Mô tả Tẩy Tế Bào Chết PrettySkin Thông tin sản phẩm Thương hiệu: PrettySkin Nguồn gốc xuất xứ: Hàn Quốc Loại sản phẩm: Tẩy tế bào chết da mặt Dạng: Gel peeling Mô tả sản phẩm Tẩy tế bào chết PrettySkin là dòng sản phẩm chăm sóc da giúp loại bỏ lớp tế bào chết già cỗi, dầu thừa và cặn bẩn , từ đó giúp lỗ chân lông thông",https://bizweb.dktcdn.net/100/660/831/products/82.png?v=1777127913413|https://bizweb.dktcdn.net/100/660/831/products/fbe127f5-4658-4f14-afbe-05c5c428f085.jpg?v=1777127913413|https://bizweb.dktcdn.net/100/660/831/products/68d5a8c6-ca69-4324-8062-e61d9935c75a.jpg?v=1777127913413|https://bizweb.dktcdn.net/100/660/831/products/155f449d-4d4d-45a3-b9db-2e9ae6699269.jpg?v=1777127913413,storage/images/tay-da-chet-prettyskin-cty-vat/01.png|storage/images/tay-da-chet-prettyskin-cty-vat/02.jpg|storage/images/tay-da-chet-prettyskin-cty-vat/03.jpg|storage/images/tay-da-chet-prettyskin-cty-vat/04.jpg,2026-07-12T17:09:17+00:00
https://mtd-global.com/xit-khoang-kyunglab-150ml-pdrn-therapy-mist-cty-vat,xit-khoang-kyunglab-150ml-pdrn-therapy-mist-cty-vat,"KYUNGLAB PDRN THERAPY MIST 150ml",KYUNGLAB,8809801690999,Toner,in_stock,350000,450000,VND,"Xịt Khoáng Kyung Lab PDRN Therapy Mist 150ml — Nước xịt khoáng phục hồi, dưỡng ẩm Thông tin sản phẩm Thương hiệu: KyungLab Nguồn gốc xuất xứ: Hàn Quốc Dung tích: 150 ml Dạng: Xịt khoáng dạng sương nhẹ Mô tả sản phẩm Xịt khoáng Kyung Lab PDRN Therapy Mist là sản phẩm chăm sóc da đa năng với công thức chứa PDRN – Sodium",https://bizweb.dktcdn.net/100/660/831/products/171.png?v=1777363903433|https://bizweb.dktcdn.net/100/660/831/products/af89639a-1a4a-4e8a-9426-10757dfe095b-3252-jpeg.jpg?v=1777363903433|https://bizweb.dktcdn.net/100/660/831/products/kyung-lab2-jpg-v-1705057768753.jpg?v=1777363864453,storage/images/xit-khoang-kyunglab-150ml-pdrn-therapy-mist-cty-vat/01.png|storage/images/xit-khoang-kyunglab-150ml-pdrn-therapy-mist-cty-vat/02.jpg|storage/images/xit-khoang-kyunglab-150ml-pdrn-therapy-mist-cty-vat/03.jpg,2026-07-12T17:09:20+00:00
https://mtd-global.com/kem-tay-da-chet-toan-than-ca-phe-dinh-huong-que-the-tich-380g-hieu-bg-lab,kem-tay-da-chet-toan-than-ca-phe-dinh-huong-que-the-tich-380g-hieu-bg-lab,"Kem tẩy da chết toàn thân cà phê đinh hương quế thể tích 380g, hiệu bg.Lab",BG.LAB,4810072000039,TDC,out_of_stock,110000,220000,VND,"Thông tin sản phẩm Thương hiệu: bg.Lab Mô tả sản phẩm Kem tẩy da chết toàn thân cà phê – đinh hương – quế bg.Lab là sản phẩm body scrub với công thức kết hợp giữa hạt cà phê xay mịn và các chiết xuất từ quế, đinh hương , giúp loại bỏ tế bào chết, dầu thừa và bụi bẩn trên da một cách hiệu quả mà không gây khô căng. Khi",https://bizweb.dktcdn.net/100/660/831/products/54d2a81d-0493-4a22-8f9b-8b77217c3863.jpg?v=1774758979460|https://bizweb.dktcdn.net/100/660/831/products/57e578bd-8d77-4fc8-953f-b5e0c1ec7783.jpg?v=1774758979463,storage/images/kem-tay-da-chet-toan-than-ca-phe-dinh-huong-que-the-tich-380g-hieu-bg-lab/01.jpg|storage/images/kem-tay-da-chet-toan-than-ca-phe-dinh-huong-que-the-tich-380g-hieu-bg-lab/02.jpg,2026-07-12T17:09:23+00:00
https://mtd-global.com/kem-chong-nang-martiderm-proteos-screen-spf-50-fluid-cream-40ml,kem-chong-nang-martiderm-proteos-screen-spf-50-fluid-cream-40ml,"Kem chống nắng Martiderm Proteos Screen SPF 50+",MARTIDERM,8437019178062,"chống nắng",in_stock,650000,750000,VND,"KEM CHỐNG NẮNG MartiDerm Proteos Screen SPF 50+ Fluid Cream 40 ml MartiDerm Proteos Screen SPF 50+ Fluid Cream 40 ml là kem chống nắng cao cấp đến từ thương hiệu MartiDerm – một trong những dòng sunscreen được đánh giá cao bởi khả năng bảo vệ da toàn diện , chống lão hoá và dưỡng da mỗi ngày . Sản phẩm nổi bật ở kết cấ",https://bizweb.dktcdn.net/100/660/831/products/kcn-mtd.png?v=1777112401293|https://bizweb.dktcdn.net/100/660/831/products/59a1cf59-70bb-43d3-b4fa-cbcfbc5b22c9.jpg?v=1777112401293|https://bizweb.dktcdn.net/100/660/831/products/19b073ab-ea9e-4a90-8256-6e78d8448073.jpg?v=1777112401293|https://bizweb.dktcdn.net/100/660/831/products/8d0201e3-91e4-4702-bb8f-a326d4a30e66.jpg?v=1777112401293,storage/images/kem-chong-nang-martiderm-proteos-screen-spf-50-fluid-cream-40ml/01.png|storage/images/kem-chong-nang-martiderm-proteos-screen-spf-50-fluid-cream-40ml/02.jpg|storage/images/kem-chong-nang-martiderm-proteos-screen-spf-50-fluid-cream-40ml/03.jpg|storage/images/kem-chong-nang-martiderm-proteos-screen-spf-50-fluid-cream-40ml/04.jpg,2026-07-12T17:09:26+00:00
https://mtd-global.com/tra-orihiro-genpi,tra-orihiro-genpi,"Trà Orihiro Genpi-Orihiro Genpi Tea, loại: (3g x 60 gói nhỏ) 180g/gói, HSD: 03/2029",ORIHIRO,4971493001880,"THỰC PHẨM",in_stock,190000,280000,VND,"🍵 Trà Genpi Nhật Bản (Orihiro) – hỗ trợ kiểm soát cân nặng & chuyển hoá mỡ tự nhiên Trà Genpi là dòng trà thảo mộc chức năng nội địa Nhật , được phối hợp từ nhiều loại trà và dược liệu tự nhiên, hướng tới cơ chế hỗ trợ chuyển hoá – giảm hấp thu chất béo – thanh lọc cơ thể , giúp kiểm soát cân nặng . 💧 Thành phần & cơ",https://bizweb.dktcdn.net/100/660/831/products/176.png?v=1777367591910|https://bizweb.dktcdn.net/100/660/831/products/tra-ohirio-genpi-tea-ho-tro-giam-mo-thua-60-goi-bd6ea911-f3aa-4686-adb3-783c756459ab.jpg?v=1777367599007|https://bizweb.dktcdn.net/100/660/831/products/4971493001880-jpeg-1663831989013-jpg-v-1760000662883.jpg?v=1777368438063,storage/images/tra-orihiro-genpi/01.png|storage/images/tra-orihiro-genpi/02.jpg|storage/images/tra-orihiro-genpi/03.jpg,2026-07-12T17:09:30+00:00
https://mtd-global.com/kem-chong-nang-corthe-dermo-protection-ultra-sun-block-spf-50-pa-50g-ea,kem-chong-nang-corthe-dermo-protection-ultra-sun-block-spf-50-pa-50g-ea,"Kem chống nắng Corthe dermo protection ultra sun block SPF 50+ PA+++50g/EA",CORTHE,8809264455333,"chống nắng",out_of_stock,450000,550000,VND,"Corthe Dermo Protection Ultra Sun Block SPF50+ PA+++ Corthe Dermo Protection Ultra Sun Block là kem chống nắng SPF50+ PA+++ với công thức sunblock vật lý (sun block) bảo vệ da trước tia UVA/UVB – nguyên nhân chính gây cháy nắng, sạm màu và lão hóa sớm. Sản phẩm được phát triển để bảo vệ mạnh mẽ và đồng thời chăm sóc da",https://bizweb.dktcdn.net/100/660/831/products/kcn-corthe.png?v=1777125083967|https://bizweb.dktcdn.net/100/660/831/products/0b6f434e-5410-4f1c-ac37-58893e618f44.jpg?v=1777125083967|https://bizweb.dktcdn.net/100/660/831/products/cced25ea-5161-47e1-9964-0bd0f2637407.jpg?v=1777125083967,storage/images/kem-chong-nang-corthe-dermo-protection-ultra-sun-block-spf-50-pa-50g-ea/01.png||storage/images/kem-chong-nang-corthe-dermo-protection-ultra-sun-block-spf-50-pa-50g-ea/03.jpg,2026-07-12T17:09:33+00:00
https://mtd-global.com/kem-duong-da-ban-dem-forencos-peptide-redensifying-intensive-cream,kem-duong-da-ban-dem-forencos-peptide-redensifying-intensive-cream,"KEM DƯỠNG DA BAN ĐÊM FORENCOS PEPTIDE REDENSIFYING INTENSIVE CREAM",FORENCOS,8809058916309,"kem dưỡng",in_stock,490000,590000,VND,"Kem Dưỡng Da Ban Đêm Forencos Peptide Redensifying Intensive Cream Thương hiệu: Forencos Xuất xứ: Hàn Quốc Dung tích: 50ml Loại da phù hợp: da khô, da lão hóa, da cần phục hồi và tăng đàn hồi Kết cấu: kem mềm mịn , thấm nhanh Mô tả sản phẩm Forencos Peptide Redensifying Intensive Cream là kem dưỡng ban đêm chuyên sâu g",https://bizweb.dktcdn.net/100/660/831/products/105.png?v=1777125564340|https://bizweb.dktcdn.net/100/660/831/products/c69e64e6-bcbe-4cae-b3b8-b6704172142a.jpg?v=1777125564340|https://bizweb.dktcdn.net/100/660/831/products/24a052c7-8b15-4c97-9097-008a358c64a1.jpg?v=1777125564340,storage/images/kem-duong-da-ban-dem-forencos-peptide-redensifying-intensive-cream/01.png|storage/images/kem-duong-da-ban-dem-forencos-peptide-redensifying-intensive-cream/02.jpg|storage/images/kem-duong-da-ban-dem-forencos-peptide-redensifying-intensive-cream/03.jpg,2026-07-12T17:09:36+00:00
https://mtd-global.com/kem-duong-da-ban-ngay-forencos-wonderwerk-marula-tone-up,kem-duong-da-ban-ngay-forencos-wonderwerk-marula-tone-up,"Kem dưỡng da ban ngày Forencos Wonderwerk Marula Tone Up,",FORENCOS,8809058911618,"kem dưỡng",in_stock,490000,590000,VND,"🌿 Giới thiệu sản phẩm Kem dưỡng Forencos trắng (kem ban ngày) là dòng kem dưỡng trắng – nâng tone tức thì – cấp ẩm nhẹ đến từ Hàn Quốc. Sản phẩm giúp da trắng hồng ngay sau khi thoa , đồng thời nuôi dưỡng da mềm mịn và đều màu hơn . 👉 Có thể dùng như kem dưỡng + kem lót trang điểm rất tiện lợi. 💛 Công dụng chính Nân",https://bizweb.dktcdn.net/100/660/831/products/107.png?v=1777125554413|https://bizweb.dktcdn.net/100/660/831/products/0e39f034-0c71-4208-bed7-e3ba6798a96b.jpg?v=1777125554413|https://bizweb.dktcdn.net/100/660/831/products/fc08eb1b-45ee-4459-8ce5-c1de680ad243.jpg?v=1777125554413|https://bizweb.dktcdn.net/100/660/831/products/dbc86a70-7fb5-4950-ac33-ef16627d88e2.jpg?v=1777125554413,storage/images/kem-duong-da-ban-ngay-forencos-wonderwerk-marula-tone-up/01.png|storage/images/kem-duong-da-ban-ngay-forencos-wonderwerk-marula-tone-up/02.jpg|storage/images/kem-duong-da-ban-ngay-forencos-wonderwerk-marula-tone-up/03.jpg|storage/images/kem-duong-da-ban-ngay-forencos-wonderwerk-marula-tone-up/04.jpg,2026-07-12T17:09:40+00:00
https://mtd-global.com/kem-duong-trang-da-chuyen-sau-ban-dem-forencos-wonderweek-marula-cream,kem-duong-trang-da-chuyen-sau-ban-dem-forencos-wonderweek-marula-cream,"KEM DƯỠNG TRẮNG DA CHUYÊN SÂU BAN ĐÊM FORENCOS WONDERWEEK MARULA CREAM",FORENCOS,8809058911533,"kem dưỡng",in_stock,490000,590000,VND,"Kem Dưỡng Trắng Da Chuyên Sâu Ban Đêm Forencos Wonderweek Marula Cream Thương hiệu: Forencos Xuất xứ: Hàn Quốc Dung tích: 50 ml Loại da phù hợp: mọi loại da, đặc biệt da khô, da xỉn màu, da cần phục hồi Thời gian sử dụng: ban đêm Mô tả sản phẩm Kem dưỡng Forencos Wonderweek Marula Cream là sản phẩm chăm sóc da ban đêm",https://bizweb.dktcdn.net/100/660/831/products/106.png?v=1777125536703|https://bizweb.dktcdn.net/100/660/831/products/e3abacb6-7f36-4ec0-adbe-054ff3562573.jpg?v=1777125536703|https://bizweb.dktcdn.net/100/660/831/products/669a5a2d-5d63-466c-b40e-65bb70c35609.jpg?v=1777125536703,storage/images/kem-duong-trang-da-chuyen-sau-ban-dem-forencos-wonderweek-marula-cream/01.png|storage/images/kem-duong-trang-da-chuyen-sau-ban-dem-forencos-wonderweek-marula-cream/02.jpg|storage/images/kem-duong-trang-da-chuyen-sau-ban-dem-forencos-wonderweek-marula-cream/03.jpg,2026-07-12T17:09:43+00:00
https://mtd-global.com/kem-duong-trang-toan-than-secret-key-snow-white-milky-pack,kem-duong-trang-toan-than-secret-key-snow-white-milky-pack,"Kem dưỡng trắng da Snow White Milky Pack hiệu SecretKey","SECRET KEY",8809305995989,BODY,out_of_stock,350000,360000,VND,"Kem trắng da body Snow White Milky Pack",https://bizweb.dktcdn.net/100/660/831/products/31.png?v=1777127735740|https://bizweb.dktcdn.net/100/660/831/products/098441c1-6544-43bb-b73e-a748055fabeb.jpg?v=1777127735740|https://bizweb.dktcdn.net/100/660/831/products/b692d566-d03c-49b5-afa6-4ddd3240fd20.jpg?v=1777127735740|https://bizweb.dktcdn.net/100/660/831/products/258b22d2-f1c1-4542-9519-87f892264026.jpg?v=1777127735740,storage/images/kem-duong-trang-toan-than-secret-key-snow-white-milky-pack/01.png|storage/images/kem-duong-trang-toan-than-secret-key-snow-white-milky-pack/02.jpg|storage/images/kem-duong-trang-toan-than-secret-key-snow-white-milky-pack/03.jpg|storage/images/kem-duong-trang-toan-than-secret-key-snow-white-milky-pack/04.jpg,2026-07-12T17:09:46+00:00
https://mtd-global.com/sua-rua-mat-galacto-cleansing-foam-110ml-lo-1-lo-1pce-nhan-hang-dr-pepti-hsd-23-09-2028,sua-rua-mat-galacto-cleansing-foam-110ml-lo-1-lo-1pce-nhan-hang-dr-pepti-hsd-23-09-2028,"Sữa rửa mặt GALACTO CLEANSING FOAM 110ml/lọ (1 lọ = 1pce). Nhãn hàng: DR.PEPTI",DR.PEPTI,8809331318561,"Dầu gội - Sữa tắm",in_stock,180000,280000,VND,"DR.PEPTI+ Galacto Cleansing Foam 110ml Galactomyces Ferment Filtrate All Skins",https://bizweb.dktcdn.net/100/660/831/products/46.png?v=1777128229750|https://bizweb.dktcdn.net/100/660/831/products/bc05b81a-109e-47c4-bab6-cfadf791e0a1.jpg?v=1777128229750|https://bizweb.dktcdn.net/100/660/831/products/5ecf2632-4c68-466d-987f-96ac089e0a9a.jpg?v=1777128229750,storage/images/sua-rua-mat-galacto-cleansing-foam-110ml-lo-1-lo-1pce-nhan-hang-dr-pepti-hsd-23-09-2028/01.png|storage/images/sua-rua-mat-galacto-cleansing-foam-110ml-lo-1-lo-1pce-nhan-hang-dr-pepti-hsd-23-09-2028/02.jpg|storage/images/sua-rua-mat-galacto-cleansing-foam-110ml-lo-1-lo-1pce-nhan-hang-dr-pepti-hsd-23-09-2028/03.jpg,2026-07-12T17:09:50+00:00
https://mtd-global.com/tay-trang-sach-sau-400ml-oil-g3767009,tay-trang-sach-sau-400ml-oil-g3767009,"G3767009 - 502005 - GRN NƯỚC TẨY TRANG SẠCH SÂU OIL 400ML",GARNIER,69023955020059,"Tẩy trang",out_of_stock,180000,,VND,"Garnier Micellar Water Oil‑Infused Cleansing Water 400ml – Tẩy Trang Sạch Sâu (Màu Vàng) Mô tả sản phẩm: Sản phẩm là nước tẩy trang dạng micellar kết hợp với dầu (oil‑infused) , được thiết kế để làm sạch sâu lớp trang điểm, bụi bẩn và dầu thừa trên da mà không gây khô căng hay nhờn rít. Công thức đặc biệt với hạt micel",https://bizweb.dktcdn.net/100/660/831/products/98.png?v=1777126016110|https://bizweb.dktcdn.net/100/660/831/products/b79eaada-5380-4fa9-96db-db99dfe6fca7.jpg?v=1777126016110,storage/images/tay-trang-sach-sau-400ml-oil-g3767009/01.png|storage/images/tay-trang-sach-sau-400ml-oil-g3767009/02.jpg,2026-07-12T17:09:53+00:00
https://mtd-global.com/tay-trang-loreal-hong,tay-trang-loreal-hong,"TAY TRANG DUONG AM 400ML (LP MICELLAR) (G2897605)",L'ORÉAL,6928820030240,"Tẩy trang",out_of_stock,200000,300000,VND,"LOréal Paris Micellar Water 3‑in‑1 Dưỡng Ẩm – Nước Tẩy Trang L’Oréal Hồng 400ml Sản phẩm là nước tẩy trang dạng Micellar Water 3‑in‑1 với phiên bản hồng (Moisturizing/Even For Sensitive Skin) , được thiết kế để làm sạch lớp trang điểm, dầu thừa và bụi bẩn nhẹ nhàng trên da trong một bước mà không gây căng khô. Công thứ",https://bizweb.dktcdn.net/100/660/831/products/99.png?v=1777126122583|https://bizweb.dktcdn.net/100/660/831/products/d47fbea6-124b-46bf-9f5c-7dcd24969285.jpg?v=1777126122583,storage/images/tay-trang-loreal-hong/01.png|storage/images/tay-trang-loreal-hong/02.jpg,2026-07-12T17:09:56+00:00
https://mtd-global.com/nuoc-tay-trang-l-oreal-mat-da-400ml-xanh-nhat,nuoc-tay-trang-l-oreal-mat-da-400ml-xanh-nhat,"NƯỚC TẨY TRANG 3 IN 1 LOREAL PARIS MICELLAR WATER 400ML - TƯƠI MÁT",L'ORÉAL,6928820030226,"Tẩy trang",in_stock,200000,300000,VND,"Nước tẩy trang LOréal mát da 400ml",https://bizweb.dktcdn.net/100/660/831/products/100.png?v=1777126106117|https://bizweb.dktcdn.net/100/660/831/products/4218d0e3-5a8e-4064-a01d-16177c4e3978.jpg?v=1777126106117,storage/images/nuoc-tay-trang-l-oreal-mat-da-400ml-xanh-nhat/01.png|storage/images/nuoc-tay-trang-l-oreal-mat-da-400ml-xanh-nhat/02.jpg,2026-07-12T17:09:59+00:00
https://mtd-global.com/nuoc-tay-trang-l-oreal-3-in-1-micellar-lam-sach-sau-400ml-xanh-dam,nuoc-tay-trang-l-oreal-3-in-1-micellar-lam-sach-sau-400ml-xanh-dam,"TTLPSẠCH SÂU 400ML- XANH ĐẬM",L'ORÉAL,6902395498919,"Tẩy trang",out_of_stock,200000,300000,VND,"Nước Tẩy Trang LOreal 3 In 1 Micellar Làm Sạch Sâu (400ml) mang đến các tẩy trang, làm sạch, giữ ẩm và dưỡng mềm da đồng thời chỉ trong một sản phẩm. Sản phẩm giúp lấy đi sạch cặn trang điểm nhưng không làm khô da. Hơn thế, thành phần an toàn và công nghệ tiên tiến giúp da giữ nước, thông thoáng, mềm mượt chỉ trong một",https://bizweb.dktcdn.net/100/660/831/products/95.png?v=1777126088940|https://bizweb.dktcdn.net/100/660/831/products/38282d2c-e74d-4031-88d7-66c766ea554f.jpg?v=1777126088940,storage/images/nuoc-tay-trang-l-oreal-3-in-1-micellar-lam-sach-sau-400ml-xanh-dam/01.png|storage/images/nuoc-tay-trang-l-oreal-3-in-1-micellar-lam-sach-sau-400ml-xanh-dam/02.jpg,2026-07-12T17:10:02+00:00
https://mtd-global.com/gel-kobayashi-50g,gel-kobayashi-50g,"Gel khử mùi vùng dưới cánh tay Wakiguard",KOBAYASHI,4987072070352,"Lăn khử mùi",in_stock,170000,280000,VND,"Gel khử mùi hôi nách Kobayashi 50g",https://bizweb.dktcdn.net/100/660/831/products/243.png?v=1778572978937|https://bizweb.dktcdn.net/100/660/831/products/cloud-image-1754382043495-05082025152043-lan-gel-khu-mui-hoi-nach-nhat-ban-kobayashi-50gr-nho-gon-vua-khu-mui-hieu-qua.jpg?v=1778572991607|https://bizweb.dktcdn.net/100/660/831/products/01fce89e-3e25-46a9-a301-19a35213459d.jpg?v=1778572991607|https://bizweb.dktcdn.net/100/660/831/products/0fd9f7ff-b310-4d9d-b75c-fafa90454292.jpg?v=1778572991607,storage/images/gel-kobayashi-50g/01.png|storage/images/gel-kobayashi-50g/02.jpg|storage/images/gel-kobayashi-50g/03.jpg|storage/images/gel-kobayashi-50g/04.jpg,2026-07-12T17:10:06+00:00
https://mtd-global.com/chuot-mi-nongchat-browit-cty-vat,chuot-mi-nongchat-browit-cty-vat,"Mascara Browit My Everyday Mascara #01 Endless Night 5.5g-3020501590012-8858842084090.",BROWT,8858842084090,makeup,in_stock,120000,190000,VND,"Chuốt mi NongChat Browit (Browit by NongChat Mascara) là dòng mascara đến từ thương hiệu Browit by NongChat – Thái Lan , được phát triển bởi chuyên gia trang điểm nổi tiếng Nong Chat, chuyên dùng để làm dài, cong và tách sợi mi tự nhiên. Thông tin cơ bản Thương hiệu: Browit by NongChat Xuất xứ: Thái Lan Dạng sản phẩm:",https://bizweb.dktcdn.net/100/660/831/products/dd343d0b-923f-4384-bbc6-8d4f036d1f60.jpg?v=1774757280340|https://bizweb.dktcdn.net/100/660/831/products/361c88d0-74c4-4c35-96e2-945d1062d42d.jpg?v=1774757280363|https://bizweb.dktcdn.net/100/660/831/products/99b8503e-2c27-4fe7-8da9-b7817729b539.jpg?v=1774757280340,storage/images/chuot-mi-nongchat-browit-cty-vat/01.jpg|storage/images/chuot-mi-nongchat-browit-cty-vat/02.jpg|storage/images/chuot-mi-nongchat-browit-cty-vat/03.jpg,2026-07-12T17:10:09+00:00
https://mtd-global.com/sua-rua-mat-y-di-size-170g,sua-rua-mat-y-di-size-170g,"SỮA RỬA MẶT Ý DĨ SIZE 170G",HATOMUGI,45135740295909,"sữa rửa mặt",out_of_stock,100000,200000,VND,"Giới thiệu sản phẩm Sữa rửa mặt Ý dĩ Hatomugi 170g là sản phẩm chăm sóc da nổi tiếng đến từ Nhật Bản, chứa chiết xuất hạt ý dĩ – một thành phần thiên nhiên giàu vitamin và khoáng chất giúp làm sạch da kết hợp dưỡng sáng và dưỡng ẩm hiệu quả. Thương hiệu: Hatomugi Xuất xứ: Nhật Bản Dung tích: 170g Thành phần chính Chiết",https://bizweb.dktcdn.net/100/660/831/products/79-3af8a52f-4922-4a00-96b6-adb06dff5656.png?v=1777129377950|https://bizweb.dktcdn.net/100/660/831/products/e7842c3a-1963-4e19-a8b6-c7611b73bb24.jpg?v=1777129377950|https://bizweb.dktcdn.net/100/660/831/products/12b49dc8-0c1b-4743-897e-c57009384bf0.jpg?v=1777129377950,|storage/images/sua-rua-mat-y-di-size-170g/02.jpg|storage/images/sua-rua-mat-y-di-size-170g/03.jpg,2026-07-12T17:10:12+00:00
https://mtd-global.com/nuoc-hoa-hong-klairs-supple-preparation-unscented-toner-180ml,nuoc-hoa-hong-klairs-supple-preparation-unscented-toner-180ml,"Nước hoa hồng Klairs Supple Preparation Unscented Toner 180ml","DEAR KLAIRS",8809115029119,toner,in_stock,280000,380000,VND,"Nước Hoa Hồng Klairs Supple Preparation Unscented Toner 180ml Nước hoa hồng cấp ẩm & làm dịu da Thông tin sản phẩm Thương hiệu: Dear, Klairs (Hàn Quốc) Nguồn gốc xuất xứ: Hàn Quốc Loại sản phẩm: Nước hoa hồng (toner), không mùi Dạng: Dung dịch lỏng, trong, thấm nhanh vào da Mô tả sản phẩm Klairs Supple Preparation Unsc",https://bizweb.dktcdn.net/100/660/831/products/164.png?v=1777125064617|https://bizweb.dktcdn.net/100/660/831/products/b92df18e-c75f-4fad-be6e-a44dd26e0e3c.jpg?v=1777125064617|https://bizweb.dktcdn.net/100/660/831/products/2be52846-87ef-4cb2-bf60-3627f862103d.jpg?v=1777125064617,storage/images/nuoc-hoa-hong-klairs-supple-preparation-unscented-toner-180ml/01.png|storage/images/nuoc-hoa-hong-klairs-supple-preparation-unscented-toner-180ml/02.jpg|storage/images/nuoc-hoa-hong-klairs-supple-preparation-unscented-toner-180ml/03.jpg,2026-07-12T17:10:16+00:00
https://mtd-global.com/sua-rua-mat-skin1004-madagascar-centella-ampoule-foam-125ml,sua-rua-mat-skin1004-madagascar-centella-ampoule-foam-125ml,"SỮA RỬA MẶT SKIN1004 MADAGASCAR CENTELLA AMPOULE FOAM 125ML","SKIN 1004",8809576261127,"sữa rửa mặt",out_of_stock,250000,360000,VND,"Giới thiệu sản phẩm Sữa Rửa Mặt Skin1004 Madagascar Centella Ampoule Foam 125ml là sữa rửa mặt tạo bọt dịu nhẹ đến từ thương hiệu Skin1004 (Hàn Quốc) — nổi tiếng với các sản phẩm chăm sóc da lành tính chiết xuất từ rau má Centella Asiatica . Sản phẩm được thiết kế để làm sạch sâu bụi bẩn, dầu thừa và tạp chất mà vẫn gi",https://bizweb.dktcdn.net/100/660/831/products/47.png?v=1777124409730|https://bizweb.dktcdn.net/100/660/831/products/0e9f0b03-20eb-48d8-8f00-59b98087b942.jpg?v=1777124411977|https://bizweb.dktcdn.net/100/660/831/products/1749dab4-e246-476a-834c-942a1be3368d.jpg?v=1777124411977|https://bizweb.dktcdn.net/100/660/831/products/e41e535e-028f-411b-8b98-ebee299e591d.jpg?v=1777124411977,storage/images/sua-rua-mat-skin1004-madagascar-centella-ampoule-foam-125ml/01.png|storage/images/sua-rua-mat-skin1004-madagascar-centella-ampoule-foam-125ml/02.jpg|storage/images/sua-rua-mat-skin1004-madagascar-centella-ampoule-foam-125ml/03.jpg|storage/images/sua-rua-mat-skin1004-madagascar-centella-ampoule-foam-125ml/04.jpg,2026-07-12T17:10:18+00:00
https://mtd-global.com/kem-duong-da-la-roche-posay-laboratoire-dermatologique-cicaplast-baume-b5-40ml,kem-duong-da-la-roche-posay-laboratoire-dermatologique-cicaplast-baume-b5-40ml,"75816809 CICAPLAST CREAM B5+ 40ML(FA)","LA ROCHE-POSAY",3337875816809,"kem dưỡng",in_stock,300000,400000,VND,"Kem Dưỡng Phục Hồi La Roche‑Posay Cicaplast Baume B5+ – Kem Dưỡng Da Phục Hồi & Làm Dịu Thương hiệu: La Roche‑Posay • Xuất xứ: Pháp Mô tả sản phẩm Kem dưỡng La Roche‑Posay Cicaplast Baume B5+ là sản phẩm phục hồi da chuyên sâu được các bác sĩ da liễu khuyên dùng giúp làm dịu, nuôi dưỡng và bảo vệ làn da nhạy cảm, tổn t",https://bizweb.dktcdn.net/100/660/831/products/124.png?v=1777125662317|https://bizweb.dktcdn.net/100/660/831/products/kem-duong-la-roche-posay-lam-diu-ho-tro-phuc-hoi-da-1-1db5077ac39842ff824057cd5a56eaee-grande.jpg?v=1777125662317,storage/images/kem-duong-da-la-roche-posay-laboratoire-dermatologique-cicaplast-baume-b5-40ml/01.png|storage/images/kem-duong-da-la-roche-posay-laboratoire-dermatologique-cicaplast-baume-b5-40ml/02.jpg,2026-07-12T17:10:22+00:00
https://mtd-global.com/sua-tam-nuoc-hoa-thanh-long-500ml,sua-tam-nuoc-hoa-thanh-long-500ml,"SỮA TẮM NƯỚC HOA THANH LONG 500ML","TESORI D'ORIENTE",8008970008783,"Dầu gội - Sữa tắm",in_stock,250000,350000,VND,"Giới thiệu sản phẩm Sữa tắm nước hoa thanh long 500ml (phổ biến là dòng Tesori d’Oriente – Dragon Flower ) là sản phẩm kết hợp giữa sữa tắm và hương nước hoa cao cấp , giúp làm sạch da đồng thời mang lại mùi hương ngọt ngào – bí ẩn – quyến rũ . Thương hiệu: Tesori d’Oriente Xuất xứ: Ý Dung tích: 500ml Thành phần Chiết",https://bizweb.dktcdn.net/100/660/831/products/38.png?v=1777128928607|https://bizweb.dktcdn.net/100/660/831/products/e576b23b-86ef-4237-8482-d5b343cbb364.jpg?v=1777128930797,storage/images/sua-tam-nuoc-hoa-thanh-long-500ml/01.png|storage/images/sua-tam-nuoc-hoa-thanh-long-500ml/02.jpg,2026-07-12T17:10:24+00:00
https://mtd-global.com/sua-tam-nuoc-hoa-hoa-sen-500ml,sua-tam-nuoc-hoa-hoa-sen-500ml,"SỮA TẮM NƯỚC HOA HOA SEN 500ML","TESORI D'ORIENTE",8008970000831,"Dầu gội - Sữa tắm",in_stock,220000,350000,VND,"Giới thiệu sản phẩm Sữa tắm nước hoa hoa sen 500ml à sản phẩm chăm sóc cơ thể cao cấp kết hợp giữa làm sạch da và lưu hương nước hoa tinh tế , mang lại trải nghiệm tắm thư giãn như spa tại nhà. Thương hiệu: Tesori d’Oriente Xuất xứ: Ý Dung tích: 500ml 👉 Đây là thương hiệu nổi tiếng chuyên các dòng sữa tắm hương nước h",https://bizweb.dktcdn.net/100/660/831/products/37.png?v=1777128910627|https://bizweb.dktcdn.net/100/660/831/products/1521e5d6-5800-44fd-9bcf-88939d8fd7e4.jpg?v=1777128910627,storage/images/sua-tam-nuoc-hoa-hoa-sen-500ml/01.png|storage/images/sua-tam-nuoc-hoa-hoa-sen-500ml/02.jpg,2026-07-12T17:10:27+00:00
https://mtd-global.com/serum-rau-ma-centella-100ml-cty-vat,serum-rau-ma-centella-100ml-cty-vat,"SERUM RAU MÁ CENTELLA 100ML ( CTY - VAT )","SKIN 1004",8809576260663,"tinh chất",out_of_stock,390000,490000,VND,"Tinh Chất Rau Má Centella 100ml – Skin1004 Madagascar Centella Ampoule Thương hiệu: Skin1004 Xuất xứ: Hàn Quốc Mô tả sản phẩm Tinh chất Rau Má Centella 100 ml là serum dưỡng da nổi bật với chiết xuất rau má (Centella Asiatica) – thảo dược thiên nhiên giúp phục hồi da nhạy cảm, giảm sưng viêm và kích ứng . Sản phẩm có k",https://bizweb.dktcdn.net/100/660/831/products/ban-sao-cua-frame-sp-129.png?v=1776854101810|https://bizweb.dktcdn.net/100/660/831/products/861b7903-e3e5-4d06-88c8-89e2bdf0c4cd.jpg?v=1776854101810|https://bizweb.dktcdn.net/100/660/831/products/98f6f195-36d4-42c6-8a45-af13493d17a5.jpg?v=1776854101810|https://bizweb.dktcdn.net/100/660/831/products/e76ea88c-079c-4929-9ed2-63cb61b45195.jpg?v=1776854101810|https://bizweb.dktcdn.net/100/660/831/products/be27e79d-89a9-47b3-96e7-678326bff2df.jpg?v=1776854101810,storage/images/serum-rau-ma-centella-100ml-cty-vat/01.png|storage/images/serum-rau-ma-centella-100ml-cty-vat/02.jpg|storage/images/serum-rau-ma-centella-100ml-cty-vat/03.jpg|storage/images/serum-rau-ma-centella-100ml-cty-vat/04.jpg|storage/images/serum-rau-ma-centella-100ml-cty-vat/05.jpg,2026-07-12T17:10:31+00:00
https://mtd-global.com/k-v-but-da-ke-mat-karadium-waterproof-brush-liner-black,k-v-but-da-ke-mat-karadium-waterproof-brush-liner-black,"[K.V] BÚT DẠ KẺ MẮT KARADIUM WATERPROOF BRUSH LINER BLACK",KARADIUM,8809464540297,makeup,out_of_stock,150000,190000,VND,"[K.V] Bút dạ kẻ mắt Karadium Waterproof Brush Liner Black là sản phẩm eyeliner dạng bút dạ đến từ thương hiệu Karadium – Hàn Quốc , nổi bật với khả năng kẻ nét mảnh, sắc nét và chống nước tốt, phù hợp trang điểm hằng ngày đến chuyên nghiệp. Thông tin cơ bản Thương hiệu: Karadium Xuất xứ: Hàn Quốc Màu sắc: Black (đen đậ",https://bizweb.dktcdn.net/100/660/831/products/b9dcb9e7-ca6b-43c2-9247-4906067e6fb0.jpg?v=1774757139977|https://bizweb.dktcdn.net/100/660/831/products/f605d354-78f5-4c8e-9984-bc278d6053b1.jpg?v=1774757139977,storage/images/k-v-but-da-ke-mat-karadium-waterproof-brush-liner-black/01.jpg|storage/images/k-v-but-da-ke-mat-karadium-waterproof-brush-liner-black/02.jpg,2026-07-12T17:10:34+00:00
https://mtd-global.com/skin1004-madagascar-centella-toning-toner-210ml,skin1004-madagascar-centella-toning-toner-210ml,"SKIN1004 MADAGASCAR CENTELLA TONING TONER 210ML","SKIN 1004",8809576261141,toner,in_stock,290000,390000,VND,"Skin1004 Madagascar Centella Toning Toner – Nước hoa hồng làm dịu & cân bằng da Thương hiệu: Skin1004 Nguồn gốc xuất xứ: Hàn Quốc Dạng: Toner lỏng nhẹ, thấm nhanh Mô tả sản phẩm Skin1004 Madagascar Centella Toning Toner là nước hoa hồng dưỡng da hàng ngày được thiết kế để chăm sóc làn da từ bước đầu tiên sau rửa mặt. S",https://bizweb.dktcdn.net/100/660/831/products/162.png?v=1777124370670|https://bizweb.dktcdn.net/100/660/831/products/1e54dc3c-9103-4859-a913-efe8c7273f00.jpg?v=1777124373137|https://bizweb.dktcdn.net/100/660/831/products/88fb71bd-169f-4911-b1d5-1d7ca6fd3e5c.jpg?v=1777124373137|https://bizweb.dktcdn.net/100/660/831/products/7e32d183-0f80-4483-843e-95cdf5250264.jpg?v=1777124373137,storage/images/skin1004-madagascar-centella-toning-toner-210ml/01.png|storage/images/skin1004-madagascar-centella-toning-toner-210ml/02.jpg|storage/images/skin1004-madagascar-centella-toning-toner-210ml/03.jpg|storage/images/skin1004-madagascar-centella-toning-toner-210ml/04.jpg,2026-07-12T17:10:37+00:00
https://mtd-global.com/wettrust-inner-disposable-multicare-essence-gel-mau-cam,wettrust-inner-disposable-multicare-essence-gel-mau-cam,"Wettrust Inner Disposable Multicare Essence Gel - Màu cam",WETTRUST,8809290739810,"Chăm sóc vùng kín",in_stock,25000,40000,VND,"Wettrust là thương hiệu chăm sóc sức khỏe phụ nữ đến từ Hàn Quốc, chuyên phát triển các sản phẩm chuyên biệt cho vùng kín với định hướng cân bằng pH sinh lý và bảo vệ hệ vi sinh tự nhiên. Thương hiệu tập trung vào các giải pháp tiện lợi, an toàn và phù hợp với nhu cầu chăm sóc hiện đại. THÔNG TIN SẢN PHẨM Tên sản phẩm:",https://bizweb.dktcdn.net/100/660/831/products/ban-sao-cua-frame-sp-276.png?v=1778165557917|https://bizweb.dktcdn.net/100/660/831/products/41fd9e-4736c20775d347d294cacc78e367ffa1-mv2-jpg-v-1676582752-width-1445.jpg?v=1778165585557|https://bizweb.dktcdn.net/100/660/831/products/f4aec100-a031-4d2b-a824-57b3a513e841.jpg?v=1778165585557|https://bizweb.dktcdn.net/100/660/831/products/7c2dc05c-876f-43dd-b28d-dea9778355c9.jpg?v=1778165585557,storage/images/wettrust-inner-disposable-multicare-essence-gel-mau-cam/01.png|storage/images/wettrust-inner-disposable-multicare-essence-gel-mau-cam/02.jpg|storage/images/wettrust-inner-disposable-multicare-essence-gel-mau-cam/03.jpg|storage/images/wettrust-inner-disposable-multicare-essence-gel-mau-cam/04.jpg,2026-07-12T17:10:42+00:00
https://mtd-global.com/sua-tam-y-di,sua-tam-y-di,"SỮA TẮM Ý DĨ",HATOMUGI,4513574027077,"Dầu gội - Sữa tắm",in_stock,140000,280000,VND,"Giới thiệu sản phẩm Sữa tắm Ý dĩ Hatomugi là dòng sữa tắm nổi tiếng của Nhật Bản, chứa chiết xuất hạt ý dĩ – thành phần thiên nhiên giàu dưỡng chất giúp làm sạch da kết hợp dưỡng ẩm và dưỡng sáng hiệu quả. Thương hiệu: Hatomugi Xuất xứ: Nhật Bản Dung tích : 800ml Thành phần chính Chiết xuất hạt ý dĩ (Coix): Giàu vitami",https://bizweb.dktcdn.net/100/660/831/products/ban-sao-cua-frame-sp-28.png?v=1776763351367|https://bizweb.dktcdn.net/100/660/831/products/0a5a37e9-9f73-4b29-9434-0a31a5b05f51.jpg?v=1776763351367|https://bizweb.dktcdn.net/100/660/831/products/f9ba8ca2-db72-4843-a80a-dd3958f095b0.jpg?v=1776763351367,storage/images/sua-tam-y-di/01.png|storage/images/sua-tam-y-di/02.jpg|storage/images/sua-tam-y-di/03.jpg,2026-07-12T17:10:45+00:00
https://mtd-global.com/louvcell-crystal-whitening-body-lotion-250ml,louvcell-crystal-whitening-body-lotion-250ml,"Kem dưỡng da cơ thể LOUVCELL CRYSTAL WHITENING BODY LOTION 250ml",LOUVCELL,8809849050007,Body,in_stock,390000,490000,VND,"Mô tả sản phẩm: Sữa dưỡng thể Louv Cell Crystal Whitening Body Lotion 250ml là sản phẩm dưỡng da cao cấp đến từ Hàn Quốc , được thiết kế đặc biệt để dưỡng trắng – nâng tông da toàn thân , đồng thời cấp ẩm sâu và nuôi dưỡng da mềm mịn, đều màu mỗi ngày. Với kết cấu lotion nhẹ, mịn và thấm nhanh vào da mà không gây bết r",https://bizweb.dktcdn.net/100/660/831/products/12.png?v=1777128695433|https://bizweb.dktcdn.net/100/660/831/products/2d7992e5-a557-4edd-b8c9-e2c46fc6ab96.jpg?v=1777128695433|https://bizweb.dktcdn.net/100/660/831/products/725bec9a-f701-4a82-8012-f49ff9607c49.jpg?v=1777128695433|https://bizweb.dktcdn.net/100/660/831/products/ea1e463a-deb8-46aa-bc52-052cd7f32749.jpg?v=1777128695433,storage/images/louvcell-crystal-whitening-body-lotion-250ml/01.png|storage/images/louvcell-crystal-whitening-body-lotion-250ml/02.jpg|storage/images/louvcell-crystal-whitening-body-lotion-250ml/03.jpg|storage/images/louvcell-crystal-whitening-body-lotion-250ml/04.jpg,2026-07-12T17:10:49+00:00
https://mtd-global.com/tay-trang-nhay-cam-400ml-pink-g3767908,tay-trang-nhay-cam-400ml-pink-g3767908,"NƯỚC TẨY TRANG GARNIER",GARNIER,6928820029589,"Tẩy trang",in_stock,180000,,VND,"Nước Tẩy Trang Garnier Micellar Cleansing Water For Sensitive Skin 400ml Mô tả sản phẩm Nước tẩy trang Garnier Micellar Cleansing Water For Sensitive Skin 400ml là sản phẩm chăm sóc da nhẹ dịu với công nghệ micellar giúp làm sạch lớp trang điểm, bụi bẩn, dầu thừa và tạp chất sâu trong lỗ chân lông mà không gây kích ứng",https://bizweb.dktcdn.net/100/660/831/products/101.png?v=1777126048780|https://bizweb.dktcdn.net/100/660/831/products/9357e539-6370-41ea-b90a-a08817f8d039.jpg?v=1777126048780|https://bizweb.dktcdn.net/100/660/831/products/1093253b-5305-4ec4-bd45-73ce8eb117e9.jpg?v=1777126048780,storage/images/tay-trang-nhay-cam-400ml-pink-g3767908/01.png|storage/images/tay-trang-nhay-cam-400ml-pink-g3767908/02.jpg|storage/images/tay-trang-nhay-cam-400ml-pink-g3767908/03.jpg,2026-07-12T17:10:52+00:00
https://mtd-global.com/vaseline-tinh-chat-duong-the-sang-khoe-da-spf50-300ml,vaseline-tinh-chat-duong-the-sang-khoe-da-spf50-300ml,"VASELINE TINH CHẤT DƯỠNG THỂ SÁNG KHOẺ DA SPF50 300ML",VASELINE,8851932388115,body,out_of_stock,180000,280000,VND,"Vaseline Brightening Serum SPF50+ PA++++ 300ml – Dưỡng Thể Chống Nắng & Sáng Khỏe Da Toàn Thân Mô tả sản phẩm: Tinh chất dưỡng thể Vaseline Brightening Serum SPF50+ PA++++ là sản phẩm 2‑trong‑1 chăm sóc da toàn thân giúp vừa dưỡng ẩm – làm sáng da , vừa bảo vệ da hiệu quả trước tác hại của tia UV mỗi ngày. Với chỉ số c",https://bizweb.dktcdn.net/100/660/831/products/74.png?v=1777129330937|https://bizweb.dktcdn.net/100/660/831/products/0d7b339e-59f5-4eb8-84c1-0483424c9eb9.jpg?v=1777129330937,storage/images/vaseline-tinh-chat-duong-the-sang-khoe-da-spf50-300ml/01.png|storage/images/vaseline-tinh-chat-duong-the-sang-khoe-da-spf50-300ml/02.jpg,2026-07-12T17:10:56+00:00
https://mtd-global.com/tinh-chat-vitaminc-esthepro,tinh-chat-vitaminc-esthepro,"TÍNH CHẤT VITAMINC ESTHEPRO",ESTHEPRO,8809084395611,"tinh chất",out_of_stock,190000,300000,VND,"Mô tả sản phẩm Tinh chất Esthepro Vitamin C Serum 561 là serum dưỡng da cao cấp đến từ Esthepro (Hàn Quốc) , được thiết kế để làm sáng da – giảm thâm – cải thiện sắc tố da và hỗ trợ chống oxy hóa – ngăn ngừa lão hóa nhờ hoạt chất Vitamin C ổn định kết hợp nhiều dưỡng chất bổ trợ khác. Xuất xứ : Hàn Quốc Công dụng chính",https://bizweb.dktcdn.net/100/660/831/products/ban-sao-cua-frame-sp-277.png?v=1778165756997|https://bizweb.dktcdn.net/100/660/831/products/e2840848-9d3a-4948-a759-b3e7ada506f9.jpg?v=1778165756997|https://bizweb.dktcdn.net/100/660/831/products/4e736b10-957c-478e-90d4-a27424c9f4fa.jpg?v=1778165756997|https://bizweb.dktcdn.net/100/660/831/products/91b45bc4-cdd5-46f5-9d3f-ae512b0e8b75.jpg?v=1778165756997|https://bizweb.dktcdn.net/100/660/831/products/f5f5308f-4337-41a2-b5f7-ff4d54edde62.jpg?v=1778165756997|https://bizweb.dktcdn.net/100/660/831/products/serum-esthepro-3-png-v-1692089665607.png?v=1778165754907,storage/images/tinh-chat-vitaminc-esthepro/01.png|storage/images/tinh-chat-vitaminc-esthepro/02.jpg|storage/images/tinh-chat-vitaminc-esthepro/03.jpg|storage/images/tinh-chat-vitaminc-esthepro/04.jpg|storage/images/tinh-chat-vitaminc-esthepro/05.jpg|storage/images/tinh-chat-vitaminc-esthepro/06.png,2026-07-12T17:10:59+00:00
https://mtd-global.com/sua-rua-mat-pha-5-5,sua-rua-mat-pha-5-5,"SỮA RỬA MẶT PHA 5.5","BYVIBES WONDER BATH",8809499089273,"sữa rửa mặt",out_of_stock,180000,280000,VND,"Sữa Rửa Mặt Byvibes Wonder Bath PHA 5.5 – Sữa rửa mặt pH 5.5 làm sạch & dịu nhẹ Giới thiệu sản phẩm Sữa Rửa Mặt Byvibes Wonder Bath PHA 5.5 là sữa rửa mặt dạng tạo bọt mịn với độ pH ~5.5 – mức pH lý tưởng gần nhất với pH tự nhiên của làn da, giúp giữ cân bằng màng acid của da , làm sạch sâu nhưng không gây khô căng sau",https://bizweb.dktcdn.net/100/660/831/products/81.png?v=1777129392850|https://bizweb.dktcdn.net/100/660/831/products/c60eefb3-f35f-4e9e-9511-5424ad78921f.jpg?v=1777129392850|https://bizweb.dktcdn.net/100/660/831/products/732c9c54-e1a3-48f5-8190-71862dd8e1f8.jpg?v=1777129392850|https://bizweb.dktcdn.net/100/660/831/products/0c7bb7d1-8309-4a8a-85ca-aedf69aa2c76.jpg?v=1777129392850,storage/images/sua-rua-mat-pha-5-5/01.png|storage/images/sua-rua-mat-pha-5-5/02.jpg|storage/images/sua-rua-mat-pha-5-5/03.jpg|storage/images/sua-rua-mat-pha-5-5/04.jpg,2026-07-12T17:11:05+00:00
https://mtd-global.com/kem-chong-nang-centella-cty-vat,kem-chong-nang-centella-cty-vat,"Kem chống nắng SKIN1004 Madagascar Centella AirFit Suncream Plus 50ml",SKIN1004,8809576261301,"chống nắng",in_stock,300000,380000,VND,"Skin1004 Madagascar Centella Tone Brightening Suncreen SPF50+ PA++++ Mô tả tổng quan sản phẩm Kem chống nắng Centella là dòng suncream nổi bật từ thương hiệu Skin1004 (Hàn Quốc) , hội tụ khả năng bảo vệ da khỏi tia UV mạnh mẽ cùng các thành phần lành tính từ chiết xuất rau má (Centella Asiatica) – nổi tiếng với công dụ",https://bizweb.dktcdn.net/100/660/831/products/7.png?v=1777114100323|https://bizweb.dktcdn.net/100/660/831/products/78753d6a-8e6d-4840-a504-4176e0ee7cd1.jpg?v=1777114103897|https://bizweb.dktcdn.net/100/660/831/products/797c26d3-1d90-4443-a754-fa2ecdccc06e.jpg?v=1777114103897,storage/images/kem-chong-nang-centella-cty-vat/01.png|storage/images/kem-chong-nang-centella-cty-vat/02.jpg|storage/images/kem-chong-nang-centella-cty-vat/03.jpg,2026-07-12T17:11:09+00:00
https://mtd-global.com/etiaxil-lan-dac-tri-khu-mui-cho-da-nhay-cam-15ml-mau-xanh,etiaxil-lan-dac-tri-khu-mui-cho-da-nhay-cam-15ml-mau-xanh,"Lăn khử mùi và ngăn mùi mồ hôi dành cho da nhạy cảm 15ml. Hiệu Etiaxil (Detranspirant sensitive peaux sensibles roll-on)",ETIAXIL,3614819997108,"Lăn khử mùi",in_stock,220000,330000,VND,"Lăn đặc trị khử mùi Etiaxil – Cái tên được tìm kiếm nhiều nhất trên thị trường sản phẩm lăn khử mùi. Từ việc “tò mò” về cách sử dụng đặc biệt, người ta thử tìm đến Etiaxil và rồi thực sự bị “chinh phục” bởi người bạn nhỏ bé này. Được mệnh danh là sản phẩm ngăn tiết mồ hôi hàng đầu tại Pháp và là “cứu tinh” cho rất rất",https://bizweb.dktcdn.net/100/660/831/products/ban-sao-cua-frame-sp-279.png?v=1778570099547|https://bizweb.dktcdn.net/100/660/831/products/415494224-2865405993597661-5164690035297533324-n.jpg?v=1778570099547|https://bizweb.dktcdn.net/100/660/831/products/754e8a08-a9ea-4020-8d38-291da9b879b7.jpg?v=1778570097213|https://bizweb.dktcdn.net/100/660/831/products/e69aee53-7b7b-4956-a716-4a938ab87f47.jpg?v=1778570097213|https://bizweb.dktcdn.net/100/660/831/products/bac7c096-0e46-46e4-984d-0a35702fe157.jpg?v=1778570097213|https://bizweb.dktcdn.net/100/660/831/products/d0c0cf0b-000b-45e5-8b26-8a00305a4079.jpg?v=1778570097213,storage/images/etiaxil-lan-dac-tri-khu-mui-cho-da-nhay-cam-15ml-mau-xanh/01.png|storage/images/etiaxil-lan-dac-tri-khu-mui-cho-da-nhay-cam-15ml-mau-xanh/02.jpg|storage/images/etiaxil-lan-dac-tri-khu-mui-cho-da-nhay-cam-15ml-mau-xanh/03.jpg|storage/images/etiaxil-lan-dac-tri-khu-mui-cho-da-nhay-cam-15ml-mau-xanh/04.jpg|storage/images/etiaxil-lan-dac-tri-khu-mui-cho-da-nhay-cam-15ml-mau-xanh/05.jpg|storage/images/etiaxil-lan-dac-tri-khu-mui-cho-da-nhay-cam-15ml-mau-xanh/06.jpg,2026-07-12T17:11:12+00:00
https://mtd-global.com/phan-phu-geo-catalina-geo-pact-gives-soft-and-silky-touch-on-your-pretty-skin-tone-1-natural-beige-22g,phan-phu-geo-catalina-geo-pact-gives-soft-and-silky-touch-on-your-pretty-skin-tone-1-natural-beige-22g,"Phấn phủ trang điểm CATALINA GEO PACT 01 22g","GEO LAMY",88028851273449,makeup,out_of_stock,250000,330000,VND,"Phấn phủ Geo Catalina Geo Pact là dòng phấn phủ nổi tiếng từ Geo Lamy Hàn Quốc , được yêu thích nhờ khả năng tạo lớp nền mỏng nhẹ – mềm mịn – kiềm dầu tốt nhưng vẫn giữ được hiệu ứng da tự nhiên, trong trẻo chuẩn K-beauty. Ứng dụng công nghệ hạt phấn rỗng siêu mịn kết hợp tinh chất ngọc trai và rong biển, sản phẩm giúp",https://bizweb.dktcdn.net/100/660/831/products/ban-sao-cua-frame-sp-280.png?v=1778570319277|https://bizweb.dktcdn.net/100/660/831/products/1692351264583-phan-phu-geo-vang-co-may-tone-review-chi-tiet-7-jpeg.jpg?v=1778570486727|https://bizweb.dktcdn.net/100/660/831/products/5347407d-07f8-4920-b5e5-728c476499e0.jpg?v=1778570486727|https://bizweb.dktcdn.net/100/660/831/products/e6f02db4-1306-4149-b1f5-c08962dfd561.jpg?v=1778570486727,storage/images/phan-phu-geo-catalina-geo-pact-gives-soft-and-silky-touch-on-your-pretty-skin-tone-1-natural-beige-22g/01.png|storage/images/phan-phu-geo-catalina-geo-pact-gives-soft-and-silky-touch-on-your-pretty-skin-tone-1-natural-beige-22g/02.jpg|storage/images/phan-phu-geo-catalina-geo-pact-gives-soft-and-silky-touch-on-your-pretty-skin-tone-1-natural-beige-22g/03.jpg|storage/images/phan-phu-geo-catalina-geo-pact-gives-soft-and-silky-touch-on-your-pretty-skin-tone-1-natural-beige-22g/04.jpg,2026-07-12T17:11:17+00:00
https://mtd-global.com/kem-duong-phuc-hoi-da-klairs-tuyp-den,kem-duong-phuc-hoi-da-klairs-tuyp-den,"Kem dưỡng da Klairs Midnight Blue Calming Cream 60g","DEAR KLAIRS",1313540793219,"kem dưỡng",in_stock,390000,490000,VND,"🌿 Giới thiệu sản phẩm Kem dưỡng Klairs Midnight Blue Calming Cream (kem Klairs đen) là dòng kem phục hồi – làm dịu da chuyên sâu đến từ Hàn Quốc. Sản phẩm giúp giảm nhanh tình trạng đỏ rát, kích ứng, da yếu sau mụn hoặc treatment , đồng thời cấp ẩm và bảo vệ da khỏe hơn mỗi ngày. 💙 Công dụng chính Làm dịu da nhanh ch",https://bizweb.dktcdn.net/100/660/831/products/127.png?v=1777125837720|https://bizweb.dktcdn.net/100/660/831/products/987233eb-2181-4533-8e0a-224a133d7245.jpg?v=1777125837720|https://bizweb.dktcdn.net/100/660/831/products/29a97dc0-5552-4285-ac98-54b25a0fa033.jpg?v=1777125837720,storage/images/kem-duong-phuc-hoi-da-klairs-tuyp-den/01.png|storage/images/kem-duong-phuc-hoi-da-klairs-tuyp-den/02.jpg|storage/images/kem-duong-phuc-hoi-da-klairs-tuyp-den/03.jpg,2026-07-12T17:11:21+00:00
https://mtd-global.com/serum-centella-ampoule-30ml-cty-vat,serum-centella-ampoule-30ml-cty-vat,"Tinh chất dưỡng da SKIN1004 Madagascar Centella Ampoule 30ml","SKIN 1004",8809913830030,"tinh chất",in_stock,190000,280000,VND,"Serum Centella Ampoule 30ml Thương hiệu: SKIN 1004 | Xuất xứ: Hàn Quốc Mô tả sản phẩm Serum Centella Ampoule 30ml là tinh chất dưỡng da chuyên sâu chứa chiết xuất rau má (Centella Asiatica) giúp làm dịu, phục hồi và cấp ẩm cho da nhạy cảm hoặc da đang kích ứng . Với kết cấu lỏng nhẹ, thấm nhanh, sản phẩm mang lại cảm g",https://bizweb.dktcdn.net/100/660/831/products/150.png?v=1777124494087|https://bizweb.dktcdn.net/100/660/831/products/993c0a19-3666-4fea-a035-19b6fd56265d.jpg?v=1777124496120|https://bizweb.dktcdn.net/100/660/831/products/b954f312-8e48-4e3a-8477-91d5acb2a0cf.jpg?v=1777124496120|https://bizweb.dktcdn.net/100/660/831/products/9ef58141-3398-428e-a700-92b928d7d4b0.jpg?v=1777124496120,storage/images/serum-centella-ampoule-30ml-cty-vat/01.png|storage/images/serum-centella-ampoule-30ml-cty-vat/02.jpg|storage/images/serum-centella-ampoule-30ml-cty-vat/03.jpg|storage/images/serum-centella-ampoule-30ml-cty-vat/04.jpg,2026-07-12T17:11:25+00:00
https://mtd-global.com/sua-rua-mat-cetaphil-be-125ml,sua-rua-mat-cetaphil-be-125ml,"SỮA RỬA MẶT CETAPHIL BÉ 125ML",CETAPHIL,3499320013055,"sữa rửa mặt",out_of_stock,160000,260000,VND,"SỮA RỬA MẶT CETAPHIL BÉ 125ML Thương hiệu: Cetaphil – thương hiệu dược mỹ phẩm nổi tiếng. Xuất xứ thương hiệu: Pháp Thành phần chính nổi bật Glycerin: giúp dưỡng ẩm, giữ da mềm mịn Niacinamide (Vitamin B3): hỗ trợ làm dịu da, giảm kích ứng Panthenol (Vitamin B5): phục hồi và làm dịu da nhạy cảm Công nghệ Micellar: hút",https://bizweb.dktcdn.net/100/660/831/products/69.png?v=1777129274677|https://bizweb.dktcdn.net/100/660/831/products/36de0d76-c9ff-436d-930a-0efb4ad2e01a.jpg?v=1777129274677|https://bizweb.dktcdn.net/100/660/831/products/7253861a-8298-4e46-9161-1a50958601e9.jpg?v=1777129274677,storage/images/sua-rua-mat-cetaphil-be-125ml/01.png|storage/images/sua-rua-mat-cetaphil-be-125ml/02.jpg|storage/images/sua-rua-mat-cetaphil-be-125ml/03.jpg,2026-07-12T17:11:29+00:00
https://mtd-global.com/sua-rua-mat-svr-sebiaclear-gel-moussant-400ml-cua-phap-danh-cho-da-dau-mun-nhay-cam-hon-hop,sua-rua-mat-svr-sebiaclear-gel-moussant-400ml-cua-phap-danh-cho-da-dau-mun-nhay-cam-hon-hop,"SỮA RỬA MẶT SVR SEBIACLEAR GEL MOUSSANT 400ML CỦA PHÁP DÀNH CHO DA DẦU MỤN ,NHẠY CẢM,HỖN HỢP",SVR,3662361003402,"sữa rửa mặt",in_stock,470000,560000,VND,"Nguồn gốc – xuất xứ Thương hiệu: SVR – dược mỹ phẩm nổi tiếng Xuất xứ: Pháp Phát triển bởi các chuyên gia da liễu, chuyên cho da nhạy cảm – da mụn Thành phần nổi bật Gluconolactone (PHA): Giúp làm sạch da, hỗ trợ tẩy tế bào chết nhẹ , giảm bít tắc lỗ chân lông và hỗ trợ ngừa mụn. Niacinamide (Vitamin B3): Giúp giảm viê",https://bizweb.dktcdn.net/100/660/831/products/54.png?v=1777128165583|https://bizweb.dktcdn.net/100/660/831/products/74817299-62ba-4122-a563-733871cc4145.jpg?v=1777128165583|https://bizweb.dktcdn.net/100/660/831/products/858d27f4-5872-4db5-ba24-e2c2761477b6.jpg?v=1777128165583,storage/images/sua-rua-mat-svr-sebiaclear-gel-moussant-400ml-cua-phap-danh-cho-da-dau-mun-nhay-cam-hon-hop/01.png|storage/images/sua-rua-mat-svr-sebiaclear-gel-moussant-400ml-cua-phap-danh-cho-da-dau-mun-nhay-cam-hon-hop/02.jpg|storage/images/sua-rua-mat-svr-sebiaclear-gel-moussant-400ml-cua-phap-danh-cho-da-dau-mun-nhay-cam-hon-hop/03.jpg,2026-07-12T17:11:32+00:00
https://mtd-global.com/goodndoc-centella-repair-cream,goodndoc-centella-repair-cream,"GOODNDOC CENTELLA REPAIR CREAM",GOODNDOC,8809083979539,"kem dưỡng",in_stock,420000,550000,VND,"GoodnDoc Centella Repair Cream ✨ Tổng quan sản phẩm GoodnDoc Centella Repair Cream là kem dưỡng phục hồi chuyên sâu ứng dụng công nghệ chiết xuất rau má (Centella Asiatica) nồng độ cao, kết hợp hệ dưỡng ẩm sinh học giúp tái thiết làn da tổn thương, củng cố hàng rào bảo vệ và duy trì độ ẩm bền vững. 🔬 Thành phần nổi bậ",https://bizweb.dktcdn.net/100/660/831/products/ban-sao-cua-frame-sp-278.png?v=1778569873193|https://bizweb.dktcdn.net/100/660/831/products/62a969c9bd3dee03c92b07fea8b370ee-resize-w900-nl.webp?v=1778569904640|https://bizweb.dktcdn.net/100/660/831/products/514651db-3a43-4581-89ba-da92d65b8f13.jpg?v=1778569904640|https://bizweb.dktcdn.net/100/660/831/products/786061e6-06c5-4b1c-a15a-51f85dafa3cf.jpg?v=1778569904640,storage/images/goodndoc-centella-repair-cream/01.png|storage/images/goodndoc-centella-repair-cream/02.webp|storage/images/goodndoc-centella-repair-cream/03.jpg|storage/images/goodndoc-centella-repair-cream/04.jpg,2026-07-12T17:11:35+00:00
https://mtd-global.com/whisis-kem-duong-the-premium-collagen-whitening-body-lotion-200ml,whisis-kem-duong-the-premium-collagen-whitening-body-lotion-200ml,"WHISIS - Kem dưỡng thể Premium Collagen Whitening Body Lotion 200ml",WHISIS,8809803050197,body,out_of_stock,220000,350000,VND,"Whisis Premium Collagen Whitening Body Lotion – Kem Dưỡng Thể Trắng Da & Chống Nắng 200ml Mô tả sản phẩm: Whisis Premium Collagen Whitening Body Lotion là kem dưỡng thể cao cấp kết hợp chức năng dưỡng trắng và chống nắng toàn thân , mang đến làn da sáng mịn, đều màu và khỏe mạnh hơn mỗi ngày . Sản phẩm chứa collagen th",https://bizweb.dktcdn.net/100/660/831/products/16.png?v=1777128754050|https://bizweb.dktcdn.net/100/660/831/products/7791d9c5-b07f-44e1-b618-a8d821678af8.jpg?v=1777128754050|https://bizweb.dktcdn.net/100/660/831/products/eb4fad9f-5f21-468e-b742-3f81e823abe4.jpg?v=1777128754050|https://bizweb.dktcdn.net/100/660/831/products/34328c01-8315-4ebb-8183-61e6f7dff8bf.jpg?v=1777128754050|https://bizweb.dktcdn.net/100/660/831/products/17adb94e-f4f8-48cc-ae6b-9be3eaad89c4.jpg?v=1777128754050|https://bizweb.dktcdn.net/100/660/831/products/1c23fb6b-d313-4493-84b3-9fa8b7b00c4d.jpg?v=1777128754050,storage/images/whisis-kem-duong-the-premium-collagen-whitening-body-lotion-200ml/01.png|storage/images/whisis-kem-duong-the-premium-collagen-whitening-body-lotion-200ml/02.jpg|storage/images/whisis-kem-duong-the-premium-collagen-whitening-body-lotion-200ml/03.jpg|storage/images/whisis-kem-duong-the-premium-collagen-whitening-body-lotion-200ml/04.jpg|storage/images/whisis-kem-duong-the-premium-collagen-whitening-body-lotion-200ml/05.jpg|storage/images/whisis-kem-duong-the-premium-collagen-whitening-body-lotion-200ml/06.jpg,2026-07-12T17:11:39+00:00
https://mtd-global.com/cap-goi-xa-mixrs,cap-goi-xa-mixrs,"CẶP GỘI XẢ MIXRS","MIXRS GLARIC",PVN935,"Dầu gội - Sữa tắm",in_stock,450000,550000,VND,"Cặp gội xả MIXRS GLARIC màu hồng là dòng chăm sóc tóc chuyên sâu, nổi bật với khả năng phục hồi tóc hư tổn – dưỡng ẩm – giữ màu tóc nhuộm , kết hợp cùng hương nước hoa Baccarat Rouge 540 sang trọng , mang đến trải nghiệm như chăm sóc tóc tại salon cao cấp. Dung tích: 500ml x 2 (1 dầu gội + 1 dầu xả) Thương hiệu – Xuất",https://bizweb.dktcdn.net/100/660/831/products/250.png?v=1778571182493|https://bizweb.dktcdn.net/100/660/831/products/and9gcqzc4gbpzp0knob-2fgopda38lzyrktdafetcvfyioddwmxl869qzcaobwp0ojt603fnnzeb9zmtmcrpjoed-gumkthrx9a7mwgapbw3czrzb4-usqp-cac.jpg?v=1778571262680|https://bizweb.dktcdn.net/100/660/831/products/z7572304127845-1b69fd121487a9c29e30067c6ab2102c-1774066210102.jpg?v=1778571262680|https://bizweb.dktcdn.net/100/660/831/products/z7572304139759-98b8c1924bc03c06cd8ae79679686103-1774066212004.jpg?v=1778571262680|https://bizweb.dktcdn.net/100/660/831/products/z7572304145126-07c1298700bb97069de5c13b5cce27d0-1774066214127.jpg?v=1778571262680|https://bizweb.dktcdn.net/100/660/831/products/z7572304150096-57fd2a1eaa96956a7a6788048b767031-1774066216130.jpg?v=1778571262680|https://bizweb.dktcdn.net/100/660/831/products/z7572304157664-a6294d464da3b9008548db3002aedd13-1774066217946.jpg?v=1778571262680,storage/images/cap-goi-xa-mixrs/01.png|storage/images/cap-goi-xa-mixrs/02.jpg|storage/images/cap-goi-xa-mixrs/03.jpg|storage/images/cap-goi-xa-mixrs/04.jpg|storage/images/cap-goi-xa-mixrs/05.jpg|storage/images/cap-goi-xa-mixrs/06.jpg|storage/images/cap-goi-xa-mixrs/07.jpg,2026-07-12T17:11:43+00:00
https://mtd-global.com/dau-goi-kho-dung-cho-toc-batiste-dry-shampoo-blush-flirrty-floral-200ml,dau-goi-kho-dung-cho-toc-batiste-dry-shampoo-blush-flirrty-floral-200ml,"Dầu gội khô dùng cho tóc Batiste Dry Shampoo Blush Flirrty Floral 200ml",BATISTE,5010724527375,"Dầu gội - Sữa tắm",in_stock,150000,230000,VND,"Dầu Gội Khô Batiste Dry Shampoo Blush Flirty Floral 200ml Thương hiệu: Batiste Xuất xứ: Anh Dung tích: 200ml Loại tóc phù hợp: mọi loại tóc, đặc biệt tóc dầu Kết cấu: dạng xịt khô Hương chính: hoa cỏ có rose (hoa hồng) + lychee → hơi ngọt, dễ thương Mô tả sản phẩm Batiste Dry Shampoo Blush Flirty Floral là dầu gội khô",https://bizweb.dktcdn.net/100/660/831/products/ban-sao-cua-frame-sp-170.png?v=1777193536440|https://bizweb.dktcdn.net/100/660/831/products/4c2e5af7-966e-4208-ac96-599f8570f5f5.jpg?v=1777193536440|https://bizweb.dktcdn.net/100/660/831/products/8b47b464-132e-4bc6-81b0-320a63bff253.jpg?v=1777193536440|https://bizweb.dktcdn.net/100/660/831/products/dau-goi-kho-batiste-blush-200ml-1.jpg?v=1777193536440,storage/images/dau-goi-kho-dung-cho-toc-batiste-dry-shampoo-blush-flirrty-floral-200ml/01.png|storage/images/dau-goi-kho-dung-cho-toc-batiste-dry-shampoo-blush-flirrty-floral-200ml/02.jpg|storage/images/dau-goi-kho-dung-cho-toc-batiste-dry-shampoo-blush-flirrty-floral-200ml/03.jpg|storage/images/dau-goi-kho-dung-cho-toc-batiste-dry-shampoo-blush-flirrty-floral-200ml/04.jpg,2026-07-12T17:11:49+00:00
https://mtd-global.com/dau-goi-kho-dung-cho-toc-batiste-dry-shampoo-cherry-cheeky-cherry-200ml,dau-goi-kho-dung-cho-toc-batiste-dry-shampoo-cherry-cheeky-cherry-200ml,"Dầu gội khô dùng cho tóc Batiste Dry Shampoo Cherry Cheeky Cherry 200ml",BATISTE,5010724526798,"Dầu gội - Sữa tắm",in_stock,150000,250000,VND,"Mô tả sản phẩm Dầu gội khô Batiste Dry Shampoo Cherry Cheeky Cherry 200ml là sản phẩm dầu gội khô tiện lợi giúp bạn làm sạch tóc nhanh chóng mà không cần nước , tối ưu cho những ngày bận rộn hoặc khi tóc bết dầu. Sản phẩm phù hợp với hầu hết các loại tóc và đặc biệt được yêu thích vì hương cherry ngọt ngào, tươi trẻ ,",https://bizweb.dktcdn.net/100/660/831/products/ban-sao-cua-frame-sp-171.png?v=1777194392867|https://bizweb.dktcdn.net/100/660/831/products/dau-goi-kho-batiste-cherry-200ml-3.jpg?v=1777194408577|https://bizweb.dktcdn.net/100/660/831/products/2c127ca0-b88c-4641-963e-931658093994.jpg?v=1777194408577,storage/images/dau-goi-kho-dung-cho-toc-batiste-dry-shampoo-cherry-cheeky-cherry-200ml/01.png|storage/images/dau-goi-kho-dung-cho-toc-batiste-dry-shampoo-cherry-cheeky-cherry-200ml/02.jpg|storage/images/dau-goi-kho-dung-cho-toc-batiste-dry-shampoo-cherry-cheeky-cherry-200ml/03.jpg,2026-07-12T17:11:53+00:00
https://mtd-global.com/but-ke-vien-mat-focallure-perfectly-defined-gel-eyeliner-fa243,but-ke-vien-mat-focallure-perfectly-defined-gel-eyeliner-fa243,"Bút kẻ viền mắt FOCALLURE PERFECTLY DEFINED GEL EYELINER - FA243",FOCALLURE,6975508432735,Makeup,in_stock,110000,,VND,"Focallure Perfectly Defined Gel Eyeliner là dòng chì kẻ mắt dạng gel nổi bật của Focallure, được yêu thích nhờ khả năng tạo đường eyeliner sắc nét – mượt – lâu trôi nhưng vẫn cực kỳ dễ thao tác, kể cả với người mới bắt đầu. Sản phẩm sở hữu đầu chì siêu mảnh chỉ 1.7mm , kết hợp chất gel mềm mịn giúp đường kẻ lướt êm trê",https://bizweb.dktcdn.net/100/660/831/products/ban-sao-cua-frame-sp-281.png?v=1778571021173|https://bizweb.dktcdn.net/100/660/831/products/494eb9cb-2ba7-4fff-9508-a0f7151f8734.jpg?v=1778571058903|https://bizweb.dktcdn.net/100/660/831/products/273ddaa0-7256-4bd8-b109-7f4585e9ec98.jpg?v=1778571060433|https://bizweb.dktcdn.net/100/660/831/products/c031bb19-0806-4abf-a3f2-a4ccbe79c0ed.jpg?v=1778571060433|https://bizweb.dktcdn.net/100/660/831/products/4262dd02-5801-4e75-a9f7-51d6e1712ed9.jpg?v=1778571060433,storage/images/but-ke-vien-mat-focallure-perfectly-defined-gel-eyeliner-fa243/01.png|storage/images/but-ke-vien-mat-focallure-perfectly-defined-gel-eyeliner-fa243/02.jpg|storage/images/but-ke-vien-mat-focallure-perfectly-defined-gel-eyeliner-fa243/03.jpg|storage/images/but-ke-vien-mat-focallure-perfectly-defined-gel-eyeliner-fa243/04.jpg|storage/images/but-ke-vien-mat-focallure-perfectly-defined-gel-eyeliner-fa243/05.jpg,2026-07-12T17:11:57+00:00
https://mtd-global.com/chi-ke-may-peripera-speedy-skinny-brow-01-gray-brown,chi-ke-may-peripera-speedy-skinny-brow-01-gray-brown,"Chì kẻ mày PERIPERA SPEEDY SKINNY BROW 01 GRAY BROWN",PERIPERA,88095443982440,Makeup,out_of_stock,120000,190000,VND,"Peripera Speedy Skinny Brow là dòng chì kẻ mày nổi bật của Peripera – thương hiệu makeup đình đám Hàn Quốc, được yêu thích nhờ thiết kế đầu chì siêu mảnh giúp tạo từng sợi chân mày tự nhiên, sắc nét nhưng vẫn mềm mại chuẩn style K-beauty. Với công thức lâu trôi kết hợp đầu chì chỉ khoảng 1.5mm , sản phẩm giúp dễ dàng đ",https://bizweb.dktcdn.net/100/660/831/products/ban-sao-cua-frame-sp-283.png?v=1778572203450|https://bizweb.dktcdn.net/100/660/831/products/3e9a89f7-8733-48a0-98bf-30374be69ec1.jpg?v=1778572203450|https://bizweb.dktcdn.net/100/660/831/products/f69a52f6-939b-41c3-808b-942a53c7a0af.jpg?v=1778572201683|https://bizweb.dktcdn.net/100/660/831/products/e71e5fb1-2968-4292-9309-dcd8931628cc.jpg?v=1778572201683,storage/images/chi-ke-may-peripera-speedy-skinny-brow-01-gray-brown/01.png|storage/images/chi-ke-may-peripera-speedy-skinny-brow-01-gray-brown/02.jpg|storage/images/chi-ke-may-peripera-speedy-skinny-brow-01-gray-brown/03.jpg|storage/images/chi-ke-may-peripera-speedy-skinny-brow-01-gray-brown/04.jpg,2026-07-12T17:12:01+00:00
https://mtd-global.com/labonita-vital-panthenol-gel-cleanser-50g,labonita-vital-panthenol-gel-cleanser-50g,"Labonita Vital Panthenol Gel Cleanser 50g",LABONITA,8809177145161,"sữa rửa mặt",in_stock,150000,250000,VND,"Thương hiệu: La Bonita Xuất xứ: Hàn Quốc Dòng sản phẩm tập trung vào phục hồi da – dưỡng ẩm – làm dịu da nhạy cảm Thành phần chính nổi bật Panthenol (Vitamin B5): Giúp làm dịu da, phục hồi hàng rào bảo vệ , giảm kích ứng và cấp ẩm hiệu quả. Hyaluronic Acid (HA): Cấp nước sâu, giữ ẩm giúp da mềm mịn sau khi rửa mặt. Cen",https://bizweb.dktcdn.net/100/660/831/products/70.png?v=1777128061263|https://bizweb.dktcdn.net/100/660/831/products/94559140-15ea-4251-acf5-c555843e5d13.jpg?v=1777128061263,storage/images/labonita-vital-panthenol-gel-cleanser-50g/01.png|storage/images/labonita-vital-panthenol-gel-cleanser-50g/02.jpg,2026-07-12T17:12:05+00:00
https://mtd-global.com/kem-chong-nang-skin-aqua-tone-up-uv-essence-spf50-pa-80g-tuyp-hieu-skin-aqua-hang-moi-100-don-vi-tinh-tuyp,kem-chong-nang-skin-aqua-tone-up-uv-essence-spf50-pa-80g-tuyp-hieu-skin-aqua-hang-moi-100-don-vi-tinh-tuyp,"Kem Chống Nắng Skin Aqua","SKIN AQUA",4987241202041,"chống nắng",in_stock,179000,300000,VND,"Kem Chống Nắng Skin Aqua Kem chống nắng Skin Aqua là giải pháp bảo vệ da hiệu quả khỏi tác hại của tia UV, ngăn ngừa lão hóa, sạm da và nám da. Công thức kết hợp dưỡng ẩm, giúp da mềm mịn, tươi sáng suốt cả ngày mà không gây nhờn rít. Thành phần chính: Zinc Oxide & Titanium Dioxide : Chống tia UVA và UVB, ngăn cháy nắn",https://bizweb.dktcdn.net/100/660/831/products/ban-sao-cua-frame-sp-284.png?v=1778572433903|https://bizweb.dktcdn.net/100/660/831/products/sunplay-tinh-chat-chong-nang-skin-aqua-lavender-2-0f78e296122d4083a4a2885dec90291b-1024x1024.png?v=1778572505717|https://bizweb.dktcdn.net/100/660/831/products/5e5a5643-06ec-45fc-9253-f4867e3ce299.jpg?v=1778572505717|https://bizweb.dktcdn.net/100/660/831/products/7deab87d-b3f5-449b-96fc-01e39f933bd7.jpg?v=1778572505717|https://bizweb.dktcdn.net/100/660/831/products/2dec12ae-c00c-480f-a5b0-efa9a43dfe70.jpg?v=1778572505717,storage/images/kem-chong-nang-skin-aqua-tone-up-uv-essence-spf50-pa-80g-tuyp-hieu-skin-aqua-hang-moi-100-don-vi-tinh-tuyp/01.png|storage/images/kem-chong-nang-skin-aqua-tone-up-uv-essence-spf50-pa-80g-tuyp-hieu-skin-aqua-hang-moi-100-don-vi-tinh-tuyp/02.png|storage/images/kem-chong-nang-skin-aqua-tone-up-uv-essence-spf50-pa-80g-tuyp-hieu-skin-aqua-hang-moi-100-don-vi-tinh-tuyp/03.jpg|storage/images/kem-chong-nang-skin-aqua-tone-up-uv-essence-spf50-pa-80g-tuyp-hieu-skin-aqua-hang-moi-100-don-vi-tinh-tuyp/04.jpg|storage/images/kem-chong-nang-skin-aqua-tone-up-uv-essence-spf50-pa-80g-tuyp-hieu-skin-aqua-hang-moi-100-don-vi-tinh-tuyp/05.jpg,2026-07-12T17:12:09+00:00
https://mtd-global.com/mat-na-wonjin-hydro-rise-hyaluronic,mat-na-wonjin-hydro-rise-hyaluronic,"Mặt nạ Wonjin Hydro Rise Hyaluronic","WONJIN EFFECT",88095446335299,"Mặt nạ",out_of_stock,30000,40000,VND,"Mặt nạ dưỡng ẩm Wonjin Effect Hydro Rise Hyaluronic Concentrated Essence Mask Thương hiệu: Wonjin Effect Nguồn gốc xuất xứ: Hàn Quốc Dạng: Mặt nạ giấy dưỡng da Mặt nạ Hydro Rise Hyaluronic là sản phẩm dưỡng ẩm chuyên sâu được thiết kế để cung cấp lượng nước dồi dào cho làn da, giúp da căng bóng, mềm mịn và duy trì độ ẩ",https://bizweb.dktcdn.net/100/660/831/products/263.png?v=1778572642310|https://bizweb.dktcdn.net/100/660/831/products/vn-11134207-7r98o-lphq8iqlxq9b45-resize-w900-nl.webp?v=1778572642310|https://bizweb.dktcdn.net/100/660/831/products/vn-11134207-7r98o-lphq8iql2trjfd-resize-w900-nl.webp?v=1778572674170|https://bizweb.dktcdn.net/100/660/831/products/2c2ae48e-8e5a-4505-8a78-916a0e1c9089.jpg?v=1778572674170|https://bizweb.dktcdn.net/100/660/831/products/3ff82894-d071-4124-9c00-7685ff79796f.jpg?v=1778572674170|https://bizweb.dktcdn.net/100/660/831/products/a9b84e9b-0da0-4df2-95cc-dfa558e05690.jpg?v=1778572674170|https://bizweb.dktcdn.net/100/660/831/products/2e518071-d766-4abd-af88-bdb3e2c5c8e1.jpg?v=1778572674170,storage/images/mat-na-wonjin-hydro-rise-hyaluronic/01.png|storage/images/mat-na-wonjin-hydro-rise-hyaluronic/02.webp|storage/images/mat-na-wonjin-hydro-rise-hyaluronic/03.webp|storage/images/mat-na-wonjin-hydro-rise-hyaluronic/04.jpg|storage/images/mat-na-wonjin-hydro-rise-hyaluronic/05.jpg|storage/images/mat-na-wonjin-hydro-rise-hyaluronic/06.jpg|storage/images/mat-na-wonjin-hydro-rise-hyaluronic/07.jpg,2026-07-12T17:12:13+00:00
https://mtd-global.com/combo-2-shci-tay-te-bao-chet-toan-than,combo-2-shci-tay-te-bao-chet-toan-than,"COMBO 2 SHCI TẨY TẾ BÀO CHẾT TOÀN THÂN",SHCI,PVN938,TDC,in_stock,150000,,VND,"🌿 Tẩy da chết SHCI Coffee – làm sạch sâu & làm mịn da tự nhiên Tẩy da chết SHCI là dòng sản phẩm ứng dụng chiết xuất cà phê kết hợp dưỡng chất thiên nhiên , giúp loại bỏ lớp tế bào chết già cỗi, đồng thời nuôi dưỡng làn da mềm mịn và sáng khỏe hơn. 💎 Thành phần & cơ chế nổi bật Hạt cà phê tự nhiên (coffee scrub) → Tá",https://bizweb.dktcdn.net/100/660/831/products/2739266f-68cb-4738-9477-bb9f2a978fd8.png?v=1779971603297,storage/images/combo-2-shci-tay-te-bao-chet-toan-than/01.png,2026-07-12T17:12:18+00:00
https://mtd-global.com/whisis-sua-duong-da-co-the-collagen-whitening-body-lotion-300ml,whisis-sua-duong-da-co-the-collagen-whitening-body-lotion-300ml,"WHISIS - Sữa dưỡng da cơ thể Collagen Whitening Body Lotion 300ml",WHISIS,8809803051019,BODY,out_of_stock,249000,350000,VND,"Dưỡng thể men gạo WHISIS Whitening Body Lotion – dưỡng sáng tự nhiên & phục hồi da body Dưỡng thể WHISIS men gạo là dòng body lotion ứng dụng chiết xuất men gạo lên men tự nhiên , kết hợp hoạt chất dưỡng sáng và cấp ẩm, giúp nuôi dưỡng làn da trắng mịn – đều màu – khỏe từ bên trong . Thành phần Men gạo lên men (Rice Fe",https://bizweb.dktcdn.net/100/660/831/products/35-0d350e1b-d847-4ab7-9979-d1c9d57785e2.png?v=1778510801997|https://bizweb.dktcdn.net/100/660/831/products/d4057679-7a2a-492e-915a-3e57b59856c4.jpg?v=1778510803980|https://bizweb.dktcdn.net/100/660/831/products/z5767737743812-18710cc9895e562e49d3da04dd4c0194.jpg?v=1778511118200|https://bizweb.dktcdn.net/100/660/831/products/z5767737743814-92b0a8e68ed4e5e2d9877923c1bf4b61.jpg?v=1778511118200,storage/images/whisis-sua-duong-da-co-the-collagen-whitening-body-lotion-300ml/01.png|storage/images/whisis-sua-duong-da-co-the-collagen-whitening-body-lotion-300ml/02.jpg|storage/images/whisis-sua-duong-da-co-the-collagen-whitening-body-lotion-300ml/03.jpg|storage/images/whisis-sua-duong-da-co-the-collagen-whitening-body-lotion-300ml/04.jpg,2026-07-12T17:12:20+00:00
https://mtd-global.com/thuc-pham-bao-ve-suc-khoe-very-good-turmeric-365-premium-3g-tep-4-tep-vi-8-vi-hop-40-hop-thung-hang-khuyen-mai-khong-thu-tien,thuc-pham-bao-ve-suc-khoe-very-good-turmeric-365-premium-3g-tep-4-tep-vi-8-vi-hop-40-hop-thung-hang-khuyen-mai-khong-thu-tien,"Thực phẩm bảo vệ sức khỏe VERY GOOD TURMERIC 365 PREMIUM,3g/tép, 4 tép/vỉ,8 vỉ/hộp,40 hộp/thùng (Hàng khuyến mại không thu tiền)","HAMIN BIO",88097088419759,"THỰC PHẨM CHỨC NĂNG",out_of_stock,1250000,2000000,VND,"Tinh chất nghệ Nano 365 đen là dòng sản phẩm cao cấp ứng dụng công nghệ nano curcumin thế hệ mới , giúp tăng sinh khả năng hấp thu hoạt chất nghệ, đồng thời định hướng chuyên sâu vào giảm thâm, nám và dưỡng sáng da từ bên trong. Xuất xứ Thương hiệu: Nano 365 / Hamin Bio Xuất xứ thương hiệu: Hàn Quốc Sản xuất tại: Hàn Q",https://bizweb.dktcdn.net/100/660/831/products/image-1774328384361.png?v=1774337637147,storage/images/thuc-pham-bao-ve-suc-khoe-very-good-turmeric-365-premium-3g-tep-4-tep-vi-8-vi-hop-40-hop-thung-hang-khuyen-mai-khong-thu/01.png,2026-07-12T17:12:24+00:00
